2025-04-14 12:17:21,651 - cell_segmenter.gui.paint_tool - ERROR - Error painting at position
2025-04-14 12:17:21,652 - cell_segmenter.gui.paint_tool - ERROR - operands could not be broadcast together with shapes (55,54) (55,55) (55,54) 
Traceback (most recent call last):
  File "/Users/george/Documents/python_projects/cell-segmenter/cell_segmenter/gui/paint_tool.py", line 134, in paint_at_pos
    mask[y_start:y_end, x_start:x_end] |= \
ValueError: operands could not be broadcast together with shapes (55,54) (55,55) (55,54) 
2025-04-14 12:17:21,653 - cell_segmenter.gui.paint_tool - ERROR - Error painting at position
2025-04-14 12:17:21,653 - cell_segmenter.gui.paint_tool - ERROR - operands could not be broadcast together with shapes (55,54) (55,55) (55,54) 
Traceback (most recent call last):
  File "/Users/george/Documents/python_projects/cell-segmenter/cell_segmenter/gui/paint_tool.py", line 134, in paint_at_pos
    mask[y_start:y_end, x_start:x_end] |= \
ValueError: operands could not be broadcast together with shapes (55,54) (55,55) (55,54) 
2025-04-14 12:17:21,668 - cell_segmenter.gui.paint_tool - ERROR - Error painting at position
2025-04-14 12:17:21,668 - cell_segmenter.gui.paint_tool - ERROR - operands could not be broadcast together with shapes (55,51) (55,55) (55,51) 
Traceback (most recent call last):
  File "/Users/george/Documents/python_projects/cell-segmenter/cell_segmenter/gui/paint_tool.py", line 134, in paint_at_pos
    mask[y_start:y_end, x_start:x_end] |= \
ValueError: operands could not be broadcast together with shapes (55,51) (55,55) (55,51) 
2025-04-14 12:17:21,668 - cell_segmenter.gui.paint_tool - ERROR - Error painting at position
2025-04-14 12:17:21,668 - cell_segmenter.gui.paint_tool - ERROR - operands could not be broadcast together with shapes (55,51) (55,55) (55,51) 
Traceback (most recent call last):
  File "/Users/george/Documents/python_projects/cell-segmenter/cell_segmenter/gui/paint_tool.py", line 134, in paint_at_pos
    mask[y_start:y_end, x_start:x_end] |= \
ValueError: operands could not be broadcast together with shapes (55,51) (55,55) (55,51) 
2025-04-14 12:17:21,668 - cell_segmenter.gui.paint_tool - ERROR - Error painting at position
2025-04-14 12:17:21,668 - cell_segmenter.gui.paint_tool - ERROR - operands could not be broadcast together with shapes (55,51) (55,55) (55,51) 
Traceback (most recent call last):
  File "/Users/george/Documents/python_projects/cell-segmenter/cell_segmenter/gui/paint_tool.py", line 134, in paint_at_pos
    mask[y_start:y_end, x_start:x_end] |= \
ValueError: operands could not be broadcast together with shapes (55,51) (55,55) (55,51) 
2025-04-14 12:17:21,674 - cell_segmenter.gui.paint_tool - ERROR - Error painting at position
2025-04-14 12:17:21,675 - cell_segmenter.gui.paint_tool - ERROR - operands could not be broadcast together with shapes (55,51) (55,55) (55,51) 
Traceback (most recent call last):
  File "/Users/george/Documents/python_projects/cell-segmenter/cell_segmenter/gui/paint_tool.py", line 134, in paint_at_pos
    mask[y_start:y_end, x_start:x_end] |= \
ValueError: operands could not be broadcast together with shapes (55,51) (55,55) (55,51) 
2025-04-14 12:17:21,682 - cell_segmenter.gui.paint_tool - ERROR - Error painting at position
2025-04-14 12:17:21,682 - cell_segmenter.gui.paint_tool - ERROR - operands could not be broadcast together with shapes (55,51) (55,55) (55,51) 
Traceback (most recent call last):
  File "/Users/george/Documents/python_projects/cell-segmenter/cell_segmenter/gui/paint_tool.py", line 134, in paint_at_pos
    mask[y_start:y_end, x_start:x_end] |= \
ValueError: operands could not be broadcast together with shapes (55,51) (55,55) (55,51) 
2025-04-14 12:17:21,682 - cell_segmenter.gui.paint_tool - ERROR - Error painting at position
2025-04-14 12:17:21,683 - cell_segmenter.gui.paint_tool - ERROR - operands could not be broadcast together with shapes (55,51) (55,55) (55,51) 
Traceback (most recent call last):
  File "/Users/george/Documents/python_projects/cell-segmenter/cell_segmenter/gui/paint_tool.py", line 134, in paint_at_pos
    mask[y_start:y_end, x_start:x_end] |= \
ValueError: operands could not be broadcast together with shapes (55,51) (55,55) (55,51) 
2025-04-14 12:17:21,689 - cell_segmenter.gui.paint_tool - ERROR - Error painting at position
2025-04-14 12:17:21,689 - cell_segmenter.gui.paint_tool - ERROR - operands could not be broadcast together with shapes (55,51) (55,55) (55,51) 
Traceback (most recent call last):
  File "/Users/george/Documents/python_projects/cell-segmenter/cell_segmenter/gui/paint_tool.py", line 134, in paint_at_pos
    mask[y_start:y_end, x_start:x_end] |= \
ValueError: operands could not be broadcast together with shapes (55,51) (55,55) (55,51) 
2025-04-14 12:17:21,704 - cell_segmenter.gui.paint_tool - ERROR - Error painting at position
2025-04-14 12:17:21,704 - cell_segmenter.gui.paint_tool - ERROR - operands could not be broadcast together with shapes (55,51) (55,55) (55,51) 
Traceback (most recent call last):
  File "/Users/george/Documents/python_projects/cell-segmenter/cell_segmenter/gui/paint_tool.py", line 134, in paint_at_pos
    mask[y_start:y_end, x_start:x_end] |= \
ValueError: operands could not be broadcast together with shapes (55,51) (55,55) (55,51) 
2025-04-14 12:17:21,705 - cell_segmenter.gui.paint_tool - ERROR - Error painting at position
2025-04-14 12:17:21,705 - cell_segmenter.gui.paint_tool - ERROR - operands could not be broadcast together with shapes (55,51) (55,55) (55,51) 
Traceback (most recent call last):
  File "/Users/george/Documents/python_projects/cell-segmenter/cell_segmenter/gui/paint_tool.py", line 134, in paint_at_pos
    mask[y_start:y_end, x_start:x_end] |= \
ValueError: operands could not be broadcast together with shapes (55,51) (55,55) (55,51) 
2025-04-14 12:17:21,712 - cell_segmenter.gui.paint_tool - ERROR - Error painting at position
2025-04-14 12:17:21,712 - cell_segmenter.gui.paint_tool - ERROR - operands could not be broadcast together with shapes (55,51) (55,55) (55,51) 
Traceback (most recent call last):
  File "/Users/george/Documents/python_projects/cell-segmenter/cell_segmenter/gui/paint_tool.py", line 134, in paint_at_pos
    mask[y_start:y_end, x_start:x_end] |= \
ValueError: operands could not be broadcast together with shapes (55,51) (55,55) (55,51) 
2025-04-14 12:17:21,727 - cell_segmenter.gui.paint_tool - ERROR - Error painting at position
2025-04-14 12:17:21,727 - cell_segmenter.gui.paint_tool - ERROR - operands could not be broadcast together with shapes (55,51) (55,55) (55,51) 
Traceback (most recent call last):
  File "/Users/george/Documents/python_projects/cell-segmenter/cell_segmenter/gui/paint_tool.py", line 134, in paint_at_pos
    mask[y_start:y_end, x_start:x_end] |= \
ValueError: operands could not be broadcast together with shapes (55,51) (55,55) (55,51) 
2025-04-14 12:17:21,728 - cell_segmenter.gui.paint_tool - ERROR - Error painting at position
2025-04-14 12:17:21,728 - cell_segmenter.gui.paint_tool - ERROR - operands could not be broadcast together with shapes (55,51) (55,55) (55,51) 
Traceback (most recent call last):
  File "/Users/george/Documents/python_projects/cell-segmenter/cell_segmenter/gui/paint_tool.py", line 134, in paint_at_pos
    mask[y_start:y_end, x_start:x_end] |= \
ValueError: operands could not be broadcast together with shapes (55,51) (55,55) (55,51) 
2025-04-14 12:17:21,735 - cell_segmenter.gui.paint_tool - ERROR - Error painting at position
2025-04-14 12:17:21,735 - cell_segmenter.gui.paint_tool - ERROR - operands could not be broadcast together with shapes (55,54) (55,55) (55,54) 
Traceback (most recent call last):
  File "/Users/george/Documents/python_projects/cell-segmenter/cell_segmenter/gui/paint_tool.py", line 134, in paint_at_pos
    mask[y_start:y_end, x_start:x_end] |= \
ValueError: operands could not be broadcast together with shapes (55,54) (55,55) (55,54) 
2025-04-14 12:17:21,742 - cell_segmenter.gui.paint_tool - ERROR - Error painting at position
2025-04-14 12:17:21,742 - cell_segmenter.gui.paint_tool - ERROR - operands could not be broadcast together with shapes (55,54) (55,55) (55,54) 
Traceback (most recent call last):
  File "/Users/george/Documents/python_projects/cell-segmenter/cell_segmenter/gui/paint_tool.py", line 134, in paint_at_pos
    mask[y_start:y_end, x_start:x_end] |= \
ValueError: operands could not be broadcast together with shapes (55,54) (55,55) (55,54) 
2025-04-14 12:17:21,742 - cell_segmenter.gui.paint_tool - ERROR - Error painting at position
2025-04-14 12:17:21,742 - cell_segmenter.gui.paint_tool - ERROR - operands could not be broadcast together with shapes (55,54) (55,55) (55,54) 
Traceback (most recent call last):
  File "/Users/george/Documents/python_projects/cell-segmenter/cell_segmenter/gui/paint_tool.py", line 134, in paint_at_pos
    mask[y_start:y_end, x_start:x_end] |= \
ValueError: operands could not be broadcast together with shapes (55,54) (55,55) (55,54) 
2025-04-14 12:17:26,665 - cell_segmenter.gui.paint_tool - ERROR - Error painting at position
2025-04-14 12:17:26,665 - cell_segmenter.gui.paint_tool - ERROR - operands could not be broadcast together with shapes (55,33) (55,55) (55,33) 
Traceback (most recent call last):
  File "/Users/george/Documents/python_projects/cell-segmenter/cell_segmenter/gui/paint_tool.py", line 134, in paint_at_pos
    mask[y_start:y_end, x_start:x_end] |= \
ValueError: operands could not be broadcast together with shapes (55,33) (55,55) (55,33) 
2025-04-14 12:17:26,666 - cell_segmenter.gui.paint_tool - ERROR - Error painting at position
2025-04-14 12:17:26,666 - cell_segmenter.gui.paint_tool - ERROR - operands could not be broadcast together with shapes (55,33) (55,55) (55,33) 
Traceback (most recent call last):
  File "/Users/george/Documents/python_projects/cell-segmenter/cell_segmenter/gui/paint_tool.py", line 134, in paint_at_pos
    mask[y_start:y_end, x_start:x_end] |= \
ValueError: operands could not be broadcast together with shapes (55,33) (55,55) (55,33) 
2025-04-14 12:17:26,666 - cell_segmenter.gui.paint_tool - ERROR - Error painting at position
2025-04-14 12:17:26,666 - cell_segmenter.gui.paint_tool - ERROR - operands could not be broadcast together with shapes (55,24) (55,55) (55,24) 
Traceback (most recent call last):
  File "/Users/george/Documents/python_projects/cell-segmenter/cell_segmenter/gui/paint_tool.py", line 134, in paint_at_pos
    mask[y_start:y_end, x_start:x_end] |= \
ValueError: operands could not be broadcast together with shapes (55,24) (55,55) (55,24) 
2025-04-14 12:17:26,670 - cell_segmenter.gui.paint_tool - ERROR - Error painting at position
2025-04-14 12:17:26,670 - cell_segmenter.gui.paint_tool - ERROR - operands could not be broadcast together with shapes (55,22) (55,55) (55,22) 
Traceback (most recent call last):
  File "/Users/george/Documents/python_projects/cell-segmenter/cell_segmenter/gui/paint_tool.py", line 134, in paint_at_pos
    mask[y_start:y_end, x_start:x_end] |= \
ValueError: operands could not be broadcast together with shapes (55,22) (55,55) (55,22) 
2025-04-14 12:17:26,685 - cell_segmenter.gui.paint_tool - ERROR - Error painting at position
2025-04-14 12:17:26,685 - cell_segmenter.gui.paint_tool - ERROR - operands could not be broadcast together with shapes (55,24) (55,55) (55,24) 
Traceback (most recent call last):
  File "/Users/george/Documents/python_projects/cell-segmenter/cell_segmenter/gui/paint_tool.py", line 134, in paint_at_pos
    mask[y_start:y_end, x_start:x_end] |= \
ValueError: operands could not be broadcast together with shapes (55,24) (55,55) (55,24) 
2025-04-14 12:17:26,685 - cell_segmenter.gui.paint_tool - ERROR - Error painting at position
2025-04-14 12:17:26,685 - cell_segmenter.gui.paint_tool - ERROR - operands could not be broadcast together with shapes (55,24) (55,55) (55,24) 
Traceback (most recent call last):
  File "/Users/george/Documents/python_projects/cell-segmenter/cell_segmenter/gui/paint_tool.py", line 134, in paint_at_pos
    mask[y_start:y_end, x_start:x_end] |= \
ValueError: operands could not be broadcast together with shapes (55,24) (55,55) (55,24) 
2025-04-14 12:17:26,700 - cell_segmenter.gui.paint_tool - ERROR - Error painting at position
2025-04-14 12:17:26,700 - cell_segmenter.gui.paint_tool - ERROR - operands could not be broadcast together with shapes (55,27) (55,55) (55,27) 
Traceback (most recent call last):
  File "/Users/george/Documents/python_projects/cell-segmenter/cell_segmenter/gui/paint_tool.py", line 134, in paint_at_pos
    mask[y_start:y_end, x_start:x_end] |= \
ValueError: operands could not be broadcast together with shapes (55,27) (55,55) (55,27) 
2025-04-14 12:17:26,700 - cell_segmenter.gui.paint_tool - ERROR - Error painting at position
2025-04-14 12:17:26,700 - cell_segmenter.gui.paint_tool - ERROR - operands could not be broadcast together with shapes (55,27) (55,55) (55,27) 
Traceback (most recent call last):
  File "/Users/george/Documents/python_projects/cell-segmenter/cell_segmenter/gui/paint_tool.py", line 134, in paint_at_pos
    mask[y_start:y_end, x_start:x_end] |= \
ValueError: operands could not be broadcast together with shapes (55,27) (55,55) (55,27) 
2025-04-14 12:17:26,707 - cell_segmenter.gui.paint_tool - ERROR - Error painting at position
2025-04-14 12:17:26,707 - cell_segmenter.gui.paint_tool - ERROR - operands could not be broadcast together with shapes (55,37) (55,55) (55,37) 
Traceback (most recent call last):
  File "/Users/george/Documents/python_projects/cell-segmenter/cell_segmenter/gui/paint_tool.py", line 134, in paint_at_pos
    mask[y_start:y_end, x_start:x_end] |= \
ValueError: operands could not be broadcast together with shapes (55,37) (55,55) (55,37) 
2025-04-14 12:17:26,713 - cell_segmenter.gui.paint_tool - ERROR - Error painting at position
2025-04-14 12:17:26,713 - cell_segmenter.gui.paint_tool - ERROR - operands could not be broadcast together with shapes (55,41) (55,55) (55,41) 
Traceback (most recent call last):
  File "/Users/george/Documents/python_projects/cell-segmenter/cell_segmenter/gui/paint_tool.py", line 134, in paint_at_pos
    mask[y_start:y_end, x_start:x_end] |= \
ValueError: operands could not be broadcast together with shapes (55,41) (55,55) (55,41) 
2025-04-14 12:17:26,714 - cell_segmenter.gui.paint_tool - ERROR - Error painting at position
2025-04-14 12:17:26,714 - cell_segmenter.gui.paint_tool - ERROR - operands could not be broadcast together with shapes (55,41) (55,55) (55,41) 
Traceback (most recent call last):
  File "/Users/george/Documents/python_projects/cell-segmenter/cell_segmenter/gui/paint_tool.py", line 134, in paint_at_pos
    mask[y_start:y_end, x_start:x_end] |= \
ValueError: operands could not be broadcast together with shapes (55,41) (55,55) (55,41) 
2025-04-14 12:17:26,722 - cell_segmenter.gui.paint_tool - ERROR - Error painting at position
2025-04-14 12:17:26,722 - cell_segmenter.gui.paint_tool - ERROR - operands could not be broadcast together with shapes (55,54) (55,55) (55,54) 
Traceback (most recent call last):
  File "/Users/george/Documents/python_projects/cell-segmenter/cell_segmenter/gui/paint_tool.py", line 134, in paint_at_pos
    mask[y_start:y_end, x_start:x_end] |= \
ValueError: operands could not be broadcast together with shapes (55,54) (55,55) (55,54) 
2026-03-05 16:21:55,421 - cell_segmenter.gui.main_window - DEBUG - UI setup completed
2026-03-05 16:21:56,157 - cell_segmenter.gui.main_window - INFO - MainWindow initialized successfully
2026-03-05 16:21:56,223 - __main__ - INFO - Application started
2026-03-05 16:22:18,636 - cell_segmenter.gui.main_window - INFO - Loading TIFF file: /Users/george/Documents/python_projects/cell-segmenter/151_2019_07_29_TIRF_mKera_scratch_1_MMStack_Pos7.ome_DIC.tif
2026-03-05 16:22:23,221 - cell_segmenter.gui.main_window - INFO - Loaded TIFF stack with shape (100, 1024, 1024)
2026-03-05 16:23:00,450 - cell_segmenter.gui.main_window - DEBUG - Updated overlay display
2026-03-05 16:23:00,451 - cell_segmenter.gui.main_window - DEBUG - Selected label: bg
2026-03-05 16:23:00,451 - cell_segmenter.gui.main_window - DEBUG - Added new label: bg
2026-03-05 16:23:03,165 - cell_segmenter.gui.main_window - DEBUG - Updated overlay display
2026-03-05 16:23:03,165 - cell_segmenter.gui.main_window - DEBUG - Selected label: bg
2026-03-05 16:23:09,998 - cell_segmenter.gui.main_window - DEBUG - Set tool mode to navigate
2026-03-05 16:23:09,999 - cell_segmenter.gui.paint_tool - DEBUG - Initialized PaintTool
2026-03-05 16:23:10,000 - cell_segmenter.gui.main_window - DEBUG - Set tool mode to paint
2026-03-05 16:23:10,909 - cell_segmenter.gui.main_window - DEBUG - Updated overlay display
2026-03-05 16:23:10,941 - cell_segmenter.gui.main_window - DEBUG - Updated overlay display
2026-03-05 16:23:10,946 - cell_segmenter.gui.main_window - DEBUG - Updated overlay display
2026-03-05 16:23:10,967 - cell_segmenter.gui.main_window - DEBUG - Updated overlay display
2026-03-05 16:23:10,970 - cell_segmenter.gui.main_window - DEBUG - Updated overlay display
2026-03-05 16:23:10,989 - cell_segmenter.gui.main_window - DEBUG - Updated overlay display
2026-03-05 16:23:10,993 - cell_segmenter.gui.main_window - DEBUG - Updated overlay display
2026-03-05 16:23:10,996 - cell_segmenter.gui.main_window - DEBUG - Updated overlay display
2026-03-05 16:23:11,015 - cell_segmenter.gui.main_window - DEBUG - Updated overlay display
2026-03-05 16:23:11,018 - cell_segmenter.gui.main_window - DEBUG - Updated overlay display
2026-03-05 16:23:11,037 - cell_segmenter.gui.main_window - DEBUG - Updated overlay display
2026-03-05 16:23:11,040 - cell_segmenter.gui.main_window - DEBUG - Updated overlay display
2026-03-05 16:23:11,058 - cell_segmenter.gui.main_window - DEBUG - Updated overlay display
2026-03-05 16:23:11,062 - cell_segmenter.gui.main_window - DEBUG - Updated overlay display
2026-03-05 16:23:11,065 - cell_segmenter.gui.main_window - DEBUG - Updated overlay display
2026-03-05 16:23:11,083 - cell_segmenter.gui.main_window - DEBUG - Updated overlay display
2026-03-05 16:23:11,087 - cell_segmenter.gui.main_window - DEBUG - Updated overlay display
2026-03-05 16:23:11,091 - cell_segmenter.gui.main_window - DEBUG - Updated overlay display
2026-03-05 16:23:11,108 - cell_segmenter.gui.main_window - DEBUG - Updated overlay display
2026-03-05 16:23:11,112 - cell_segmenter.gui.main_window - DEBUG - Updated overlay display
2026-03-05 16:23:11,115 - cell_segmenter.gui.main_window - DEBUG - Updated overlay display
2026-03-05 16:23:11,133 - cell_segmenter.gui.main_window - DEBUG - Updated overlay display
2026-03-05 16:23:11,137 - cell_segmenter.gui.main_window - DEBUG - Updated overlay display
2026-03-05 16:23:11,140 - cell_segmenter.gui.main_window - DEBUG - Updated overlay display
2026-03-05 16:23:11,158 - cell_segmenter.gui.main_window - DEBUG - Updated overlay display
2026-03-05 16:23:11,162 - cell_segmenter.gui.main_window - DEBUG - Updated overlay display
2026-03-05 16:23:11,165 - cell_segmenter.gui.main_window - DEBUG - Updated overlay display
2026-03-05 16:23:11,183 - cell_segmenter.gui.main_window - DEBUG - Updated overlay display
2026-03-05 16:23:11,187 - cell_segmenter.gui.main_window - DEBUG - Updated overlay display
2026-03-05 16:23:11,190 - cell_segmenter.gui.main_window - DEBUG - Updated overlay display
2026-03-05 16:23:11,208 - cell_segmenter.gui.main_window - DEBUG - Updated overlay display
2026-03-05 16:23:11,211 - cell_segmenter.gui.main_window - DEBUG - Updated overlay display
2026-03-05 16:23:11,215 - cell_segmenter.gui.main_window - DEBUG - Updated overlay display
2026-03-05 16:23:11,233 - cell_segmenter.gui.main_window - DEBUG - Updated overlay display
2026-03-05 16:23:11,236 - cell_segmenter.gui.main_window - DEBUG - Updated overlay display
2026-03-05 16:23:11,240 - cell_segmenter.gui.main_window - DEBUG - Updated overlay display
2026-03-05 16:23:11,258 - cell_segmenter.gui.main_window - DEBUG - Updated overlay display
2026-03-05 16:23:11,261 - cell_segmenter.gui.main_window - DEBUG - Updated overlay display
2026-03-05 16:23:11,279 - cell_segmenter.gui.main_window - DEBUG - Updated overlay display
2026-03-05 16:23:11,283 - cell_segmenter.gui.main_window - DEBUG - Updated overlay display
2026-03-05 16:23:11,286 - cell_segmenter.gui.main_window - DEBUG - Updated overlay display
2026-03-05 16:23:11,305 - cell_segmenter.gui.main_window - DEBUG - Updated overlay display
2026-03-05 16:23:11,308 - cell_segmenter.gui.main_window - DEBUG - Updated overlay display
2026-03-05 16:23:11,312 - cell_segmenter.gui.main_window - DEBUG - Updated overlay display
2026-03-05 16:23:11,330 - cell_segmenter.gui.main_window - DEBUG - Updated overlay display
2026-03-05 16:23:11,333 - cell_segmenter.gui.main_window - DEBUG - Updated overlay display
2026-03-05 16:23:11,337 - cell_segmenter.gui.main_window - DEBUG - Updated overlay display
2026-03-05 16:23:11,355 - cell_segmenter.gui.main_window - DEBUG - Updated overlay display
2026-03-05 16:23:11,358 - cell_segmenter.gui.main_window - DEBUG - Updated overlay display
2026-03-05 16:23:11,361 - cell_segmenter.gui.main_window - DEBUG - Updated overlay display
2026-03-05 16:23:11,380 - cell_segmenter.gui.main_window - DEBUG - Updated overlay display
2026-03-05 16:23:11,383 - cell_segmenter.gui.main_window - DEBUG - Updated overlay display
2026-03-05 16:23:11,386 - cell_segmenter.gui.main_window - DEBUG - Updated overlay display
2026-03-05 16:23:11,404 - cell_segmenter.gui.main_window - DEBUG - Updated overlay display
2026-03-05 16:23:11,408 - cell_segmenter.gui.main_window - DEBUG - Updated overlay display
2026-03-05 16:23:11,411 - cell_segmenter.gui.main_window - DEBUG - Updated overlay display
2026-03-05 16:23:11,429 - cell_segmenter.gui.main_window - DEBUG - Updated overlay display
2026-03-05 16:23:11,433 - cell_segmenter.gui.main_window - DEBUG - Updated overlay display
2026-03-05 16:23:11,436 - cell_segmenter.gui.main_window - DEBUG - Updated overlay display
2026-03-05 16:23:11,454 - cell_segmenter.gui.main_window - DEBUG - Updated overlay display
2026-03-05 16:23:11,458 - cell_segmenter.gui.main_window - DEBUG - Updated overlay display
2026-03-05 16:23:11,461 - cell_segmenter.gui.main_window - DEBUG - Updated overlay display
2026-03-05 16:23:11,479 - cell_segmenter.gui.main_window - DEBUG - Updated overlay display
2026-03-05 16:23:11,483 - cell_segmenter.gui.main_window - DEBUG - Updated overlay display
2026-03-05 16:23:11,486 - cell_segmenter.gui.main_window - DEBUG - Updated overlay display
2026-03-05 16:23:11,504 - cell_segmenter.gui.main_window - DEBUG - Updated overlay display
2026-03-05 16:23:11,507 - cell_segmenter.gui.main_window - DEBUG - Updated overlay display
2026-03-05 16:23:11,511 - cell_segmenter.gui.main_window - DEBUG - Updated overlay display
2026-03-05 16:23:11,529 - cell_segmenter.gui.main_window - DEBUG - Updated overlay display
2026-03-05 16:23:11,533 - cell_segmenter.gui.main_window - DEBUG - Updated overlay display
2026-03-05 16:23:11,536 - cell_segmenter.gui.main_window - DEBUG - Updated overlay display
2026-03-05 16:23:11,553 - cell_segmenter.gui.main_window - DEBUG - Updated overlay display
2026-03-05 16:23:11,557 - cell_segmenter.gui.main_window - DEBUG - Updated overlay display
2026-03-05 16:23:11,560 - cell_segmenter.gui.main_window - DEBUG - Updated overlay display
2026-03-05 16:23:11,578 - cell_segmenter.gui.main_window - DEBUG - Updated overlay display
2026-03-05 16:23:11,581 - cell_segmenter.gui.main_window - DEBUG - Updated overlay display
2026-03-05 16:23:11,585 - cell_segmenter.gui.main_window - DEBUG - Updated overlay display
2026-03-05 16:23:11,603 - cell_segmenter.gui.main_window - DEBUG - Updated overlay display
2026-03-05 16:23:11,606 - cell_segmenter.gui.main_window - DEBUG - Updated overlay display
2026-03-05 16:23:11,609 - cell_segmenter.gui.main_window - DEBUG - Updated overlay display
2026-03-05 16:23:11,627 - cell_segmenter.gui.main_window - DEBUG - Updated overlay display
2026-03-05 16:23:11,631 - cell_segmenter.gui.main_window - DEBUG - Updated overlay display
2026-03-05 16:23:11,634 - cell_segmenter.gui.main_window - DEBUG - Updated overlay display
2026-03-05 16:23:11,652 - cell_segmenter.gui.main_window - DEBUG - Updated overlay display
2026-03-05 16:23:11,655 - cell_segmenter.gui.main_window - DEBUG - Updated overlay display
2026-03-05 16:23:11,659 - cell_segmenter.gui.main_window - DEBUG - Updated overlay display
2026-03-05 16:23:11,677 - cell_segmenter.gui.main_window - DEBUG - Updated overlay display
2026-03-05 16:23:11,681 - cell_segmenter.gui.main_window - DEBUG - Updated overlay display
2026-03-05 16:23:11,684 - cell_segmenter.gui.main_window - DEBUG - Updated overlay display
2026-03-05 16:23:11,702 - cell_segmenter.gui.main_window - DEBUG - Updated overlay display
2026-03-05 16:23:11,706 - cell_segmenter.gui.main_window - DEBUG - Updated overlay display
2026-03-05 16:23:11,709 - cell_segmenter.gui.main_window - DEBUG - Updated overlay display
2026-03-05 16:23:11,727 - cell_segmenter.gui.main_window - DEBUG - Updated overlay display
2026-03-05 16:23:11,731 - cell_segmenter.gui.main_window - DEBUG - Updated overlay display
2026-03-05 16:23:11,734 - cell_segmenter.gui.main_window - DEBUG - Updated overlay display
2026-03-05 16:23:11,753 - cell_segmenter.gui.main_window - DEBUG - Updated overlay display
2026-03-05 16:23:11,756 - cell_segmenter.gui.main_window - DEBUG - Updated overlay display
2026-03-05 16:23:11,760 - cell_segmenter.gui.main_window - DEBUG - Updated overlay display
2026-03-05 16:23:11,778 - cell_segmenter.gui.main_window - DEBUG - Updated overlay display
2026-03-05 16:23:11,782 - cell_segmenter.gui.main_window - DEBUG - Updated overlay display
2026-03-05 16:23:11,785 - cell_segmenter.gui.main_window - DEBUG - Updated overlay display
2026-03-05 16:23:11,803 - cell_segmenter.gui.main_window - DEBUG - Updated overlay display
2026-03-05 16:23:11,807 - cell_segmenter.gui.main_window - DEBUG - Updated overlay display
2026-03-05 16:23:11,810 - cell_segmenter.gui.main_window - DEBUG - Updated overlay display
2026-03-05 16:23:11,828 - cell_segmenter.gui.main_window - DEBUG - Updated overlay display
2026-03-05 16:23:11,832 - cell_segmenter.gui.main_window - DEBUG - Updated overlay display
2026-03-05 16:23:11,835 - cell_segmenter.gui.main_window - DEBUG - Updated overlay display
2026-03-05 16:23:11,853 - cell_segmenter.gui.main_window - DEBUG - Updated overlay display
2026-03-05 16:23:11,857 - cell_segmenter.gui.main_window - DEBUG - Updated overlay display
2026-03-05 16:23:11,860 - cell_segmenter.gui.main_window - DEBUG - Updated overlay display
2026-03-05 16:23:11,878 - cell_segmenter.gui.main_window - DEBUG - Updated overlay display
2026-03-05 16:23:11,882 - cell_segmenter.gui.main_window - DEBUG - Updated overlay display
2026-03-05 16:23:11,885 - cell_segmenter.gui.main_window - DEBUG - Updated overlay display
2026-03-05 16:23:11,903 - cell_segmenter.gui.main_window - DEBUG - Updated overlay display
2026-03-05 16:23:11,907 - cell_segmenter.gui.main_window - DEBUG - Updated overlay display
2026-03-05 16:23:11,910 - cell_segmenter.gui.main_window - DEBUG - Updated overlay display
2026-03-05 16:23:11,928 - cell_segmenter.gui.main_window - DEBUG - Updated overlay display
2026-03-05 16:23:11,931 - cell_segmenter.gui.main_window - DEBUG - Updated overlay display
2026-03-05 16:23:11,934 - cell_segmenter.gui.main_window - DEBUG - Updated overlay display
2026-03-05 16:23:11,952 - cell_segmenter.gui.main_window - DEBUG - Updated overlay display
2026-03-05 16:23:11,956 - cell_segmenter.gui.main_window - DEBUG - Updated overlay display
2026-03-05 16:23:11,959 - cell_segmenter.gui.main_window - DEBUG - Updated overlay display
2026-03-05 16:23:11,977 - cell_segmenter.gui.main_window - DEBUG - Updated overlay display
2026-03-05 16:23:11,980 - cell_segmenter.gui.main_window - DEBUG - Updated overlay display
2026-03-05 16:23:11,984 - cell_segmenter.gui.main_window - DEBUG - Updated overlay display
2026-03-05 16:23:12,001 - cell_segmenter.gui.main_window - DEBUG - Updated overlay display
2026-03-05 16:23:12,005 - cell_segmenter.gui.main_window - DEBUG - Updated overlay display
2026-03-05 16:23:12,023 - cell_segmenter.gui.main_window - DEBUG - Updated overlay display
2026-03-05 16:23:12,026 - cell_segmenter.gui.main_window - DEBUG - Updated overlay display
2026-03-05 16:23:12,029 - cell_segmenter.gui.main_window - DEBUG - Updated overlay display
2026-03-05 16:23:12,048 - cell_segmenter.gui.main_window - DEBUG - Updated overlay display
2026-03-05 16:23:12,051 - cell_segmenter.gui.main_window - DEBUG - Updated overlay display
2026-03-05 16:23:12,054 - cell_segmenter.gui.main_window - DEBUG - Updated overlay display
2026-03-05 16:23:12,073 - cell_segmenter.gui.main_window - DEBUG - Updated overlay display
2026-03-05 16:23:12,076 - cell_segmenter.gui.main_window - DEBUG - Updated overlay display
2026-03-05 16:23:12,079 - cell_segmenter.gui.main_window - DEBUG - Updated overlay display
2026-03-05 16:23:12,097 - cell_segmenter.gui.main_window - DEBUG - Updated overlay display
2026-03-05 16:23:12,101 - cell_segmenter.gui.main_window - DEBUG - Updated overlay display
2026-03-05 16:23:12,104 - cell_segmenter.gui.main_window - DEBUG - Updated overlay display
2026-03-05 16:23:12,123 - cell_segmenter.gui.main_window - DEBUG - Updated overlay display
2026-03-05 16:23:12,126 - cell_segmenter.gui.main_window - DEBUG - Updated overlay display
2026-03-05 16:23:12,130 - cell_segmenter.gui.main_window - DEBUG - Updated overlay display
2026-03-05 16:23:12,147 - cell_segmenter.gui.main_window - DEBUG - Updated overlay display
2026-03-05 16:23:12,151 - cell_segmenter.gui.main_window - DEBUG - Updated overlay display
2026-03-05 16:23:12,154 - cell_segmenter.gui.main_window - DEBUG - Updated overlay display
2026-03-05 16:23:12,172 - cell_segmenter.gui.main_window - DEBUG - Updated overlay display
2026-03-05 16:23:12,176 - cell_segmenter.gui.main_window - DEBUG - Updated overlay display
2026-03-05 16:23:12,179 - cell_segmenter.gui.main_window - DEBUG - Updated overlay display
2026-03-05 16:23:12,197 - cell_segmenter.gui.main_window - DEBUG - Updated overlay display
2026-03-05 16:23:12,201 - cell_segmenter.gui.main_window - DEBUG - Updated overlay display
2026-03-05 16:23:12,204 - cell_segmenter.gui.main_window - DEBUG - Updated overlay display
2026-03-05 16:23:12,222 - cell_segmenter.gui.main_window - DEBUG - Updated overlay display
2026-03-05 16:23:12,225 - cell_segmenter.gui.main_window - DEBUG - Updated overlay display
2026-03-05 16:23:12,229 - cell_segmenter.gui.main_window - DEBUG - Updated overlay display
2026-03-05 16:23:12,246 - cell_segmenter.gui.main_window - DEBUG - Updated overlay display
2026-03-05 16:23:12,250 - cell_segmenter.gui.main_window - DEBUG - Updated overlay display
2026-03-05 16:23:12,268 - cell_segmenter.gui.main_window - DEBUG - Updated overlay display
2026-03-05 16:23:12,272 - cell_segmenter.gui.main_window - DEBUG - Updated overlay display
2026-03-05 16:23:12,275 - cell_segmenter.gui.main_window - DEBUG - Updated overlay display
2026-03-05 16:23:12,293 - cell_segmenter.gui.main_window - DEBUG - Updated overlay display
2026-03-05 16:23:12,297 - cell_segmenter.gui.main_window - DEBUG - Updated overlay display
2026-03-05 16:23:12,300 - cell_segmenter.gui.main_window - DEBUG - Updated overlay display
2026-03-05 16:23:12,318 - cell_segmenter.gui.main_window - DEBUG - Updated overlay display
2026-03-05 16:23:12,322 - cell_segmenter.gui.main_window - DEBUG - Updated overlay display
2026-03-05 16:23:12,326 - cell_segmenter.gui.main_window - DEBUG - Updated overlay display
2026-03-05 16:23:12,344 - cell_segmenter.gui.main_window - DEBUG - Updated overlay display
2026-03-05 16:23:12,347 - cell_segmenter.gui.main_window - DEBUG - Updated overlay display
2026-03-05 16:23:12,350 - cell_segmenter.gui.main_window - DEBUG - Updated overlay display
2026-03-05 16:23:12,368 - cell_segmenter.gui.main_window - DEBUG - Updated overlay display
2026-03-05 16:23:12,372 - cell_segmenter.gui.main_window - DEBUG - Updated overlay display
2026-03-05 16:23:12,375 - cell_segmenter.gui.main_window - DEBUG - Updated overlay display
2026-03-05 16:23:12,393 - cell_segmenter.gui.main_window - DEBUG - Updated overlay display
2026-03-05 16:23:12,397 - cell_segmenter.gui.main_window - DEBUG - Updated overlay display
2026-03-05 16:23:12,400 - cell_segmenter.gui.main_window - DEBUG - Updated overlay display
2026-03-05 16:23:12,418 - cell_segmenter.gui.main_window - DEBUG - Updated overlay display
2026-03-05 16:23:12,422 - cell_segmenter.gui.main_window - DEBUG - Updated overlay display
2026-03-05 16:23:12,425 - cell_segmenter.gui.main_window - DEBUG - Updated overlay display
2026-03-05 16:23:12,443 - cell_segmenter.gui.main_window - DEBUG - Updated overlay display
2026-03-05 16:23:12,446 - cell_segmenter.gui.main_window - DEBUG - Updated overlay display
2026-03-05 16:23:12,450 - cell_segmenter.gui.main_window - DEBUG - Updated overlay display
2026-03-05 16:23:12,468 - cell_segmenter.gui.main_window - DEBUG - Updated overlay display
2026-03-05 16:23:12,471 - cell_segmenter.gui.main_window - DEBUG - Updated overlay display
2026-03-05 16:23:12,475 - cell_segmenter.gui.main_window - DEBUG - Updated overlay display
2026-03-05 16:23:12,493 - cell_segmenter.gui.main_window - DEBUG - Updated overlay display
2026-03-05 16:23:12,496 - cell_segmenter.gui.main_window - DEBUG - Updated overlay display
2026-03-05 16:23:12,500 - cell_segmenter.gui.main_window - DEBUG - Updated overlay display
2026-03-05 16:23:12,517 - cell_segmenter.gui.main_window - DEBUG - Updated overlay display
2026-03-05 16:23:12,521 - cell_segmenter.gui.main_window - DEBUG - Updated overlay display
2026-03-05 16:23:12,524 - cell_segmenter.gui.main_window - DEBUG - Updated overlay display
2026-03-05 16:23:12,542 - cell_segmenter.gui.main_window - DEBUG - Updated overlay display
2026-03-05 16:23:12,546 - cell_segmenter.gui.main_window - DEBUG - Updated overlay display
2026-03-05 16:23:12,549 - cell_segmenter.gui.main_window - DEBUG - Updated overlay display
2026-03-05 16:23:12,567 - cell_segmenter.gui.main_window - DEBUG - Updated overlay display
2026-03-05 16:23:12,570 - cell_segmenter.gui.main_window - DEBUG - Updated overlay display
2026-03-05 16:23:12,588 - cell_segmenter.gui.main_window - DEBUG - Updated overlay display
2026-03-05 16:23:12,592 - cell_segmenter.gui.main_window - DEBUG - Updated overlay display
2026-03-05 16:23:12,595 - cell_segmenter.gui.main_window - DEBUG - Updated overlay display
2026-03-05 16:23:12,613 - cell_segmenter.gui.main_window - DEBUG - Updated overlay display
2026-03-05 16:23:12,617 - cell_segmenter.gui.main_window - DEBUG - Updated overlay display
2026-03-05 16:23:12,620 - cell_segmenter.gui.main_window - DEBUG - Updated overlay display
2026-03-05 16:23:12,638 - cell_segmenter.gui.main_window - DEBUG - Updated overlay display
2026-03-05 16:23:12,642 - cell_segmenter.gui.main_window - DEBUG - Updated overlay display
2026-03-05 16:23:12,645 - cell_segmenter.gui.main_window - DEBUG - Updated overlay display
2026-03-05 16:23:12,663 - cell_segmenter.gui.main_window - DEBUG - Updated overlay display
2026-03-05 16:23:12,667 - cell_segmenter.gui.main_window - DEBUG - Updated overlay display
2026-03-05 16:23:12,670 - cell_segmenter.gui.main_window - DEBUG - Updated overlay display
2026-03-05 16:23:12,688 - cell_segmenter.gui.main_window - DEBUG - Updated overlay display
2026-03-05 16:23:12,691 - cell_segmenter.gui.main_window - DEBUG - Updated overlay display
2026-03-05 16:23:12,695 - cell_segmenter.gui.main_window - DEBUG - Updated overlay display
2026-03-05 16:23:12,713 - cell_segmenter.gui.main_window - DEBUG - Updated overlay display
2026-03-05 16:23:12,716 - cell_segmenter.gui.main_window - DEBUG - Updated overlay display
2026-03-05 16:23:12,720 - cell_segmenter.gui.main_window - DEBUG - Updated overlay display
2026-03-05 16:23:12,738 - cell_segmenter.gui.main_window - DEBUG - Updated overlay display
2026-03-05 16:23:12,741 - cell_segmenter.gui.main_window - DEBUG - Updated overlay display
2026-03-05 16:23:12,744 - cell_segmenter.gui.main_window - DEBUG - Updated overlay display
2026-03-05 16:23:12,763 - cell_segmenter.gui.main_window - DEBUG - Updated overlay display
2026-03-05 16:23:12,766 - cell_segmenter.gui.main_window - DEBUG - Updated overlay display
2026-03-05 16:23:12,770 - cell_segmenter.gui.main_window - DEBUG - Updated overlay display
2026-03-05 16:23:12,788 - cell_segmenter.gui.main_window - DEBUG - Updated overlay display
2026-03-05 16:23:12,791 - cell_segmenter.gui.main_window - DEBUG - Updated overlay display
2026-03-05 16:23:12,795 - cell_segmenter.gui.main_window - DEBUG - Updated overlay display
2026-03-05 16:23:12,812 - cell_segmenter.gui.main_window - DEBUG - Updated overlay display
2026-03-05 16:23:12,816 - cell_segmenter.gui.main_window - DEBUG - Updated overlay display
2026-03-05 16:23:12,819 - cell_segmenter.gui.main_window - DEBUG - Updated overlay display
2026-03-05 16:23:12,837 - cell_segmenter.gui.main_window - DEBUG - Updated overlay display
2026-03-05 16:23:12,841 - cell_segmenter.gui.main_window - DEBUG - Updated overlay display
2026-03-05 16:23:12,844 - cell_segmenter.gui.main_window - DEBUG - Updated overlay display
2026-03-05 16:23:12,862 - cell_segmenter.gui.main_window - DEBUG - Updated overlay display
2026-03-05 16:23:12,866 - cell_segmenter.gui.main_window - DEBUG - Updated overlay display
2026-03-05 16:23:12,870 - cell_segmenter.gui.main_window - DEBUG - Updated overlay display
2026-03-05 16:23:12,888 - cell_segmenter.gui.main_window - DEBUG - Updated overlay display
2026-03-05 16:23:12,891 - cell_segmenter.gui.main_window - DEBUG - Updated overlay display
2026-03-05 16:23:12,894 - cell_segmenter.gui.main_window - DEBUG - Updated overlay display
2026-03-05 16:23:12,912 - cell_segmenter.gui.main_window - DEBUG - Updated overlay display
2026-03-05 16:23:12,916 - cell_segmenter.gui.main_window - DEBUG - Updated overlay display
2026-03-05 16:23:12,920 - cell_segmenter.gui.main_window - DEBUG - Updated overlay display
2026-03-05 16:23:12,938 - cell_segmenter.gui.main_window - DEBUG - Updated overlay display
2026-03-05 16:23:12,941 - cell_segmenter.gui.main_window - DEBUG - Updated overlay display
2026-03-05 16:23:12,945 - cell_segmenter.gui.main_window - DEBUG - Updated overlay display
2026-03-05 16:23:12,963 - cell_segmenter.gui.main_window - DEBUG - Updated overlay display
2026-03-05 16:23:12,966 - cell_segmenter.gui.main_window - DEBUG - Updated overlay display
2026-03-05 16:23:12,970 - cell_segmenter.gui.main_window - DEBUG - Updated overlay display
2026-03-05 16:23:12,987 - cell_segmenter.gui.main_window - DEBUG - Updated overlay display
2026-03-05 16:23:12,991 - cell_segmenter.gui.main_window - DEBUG - Updated overlay display
2026-03-05 16:23:12,994 - cell_segmenter.gui.main_window - DEBUG - Updated overlay display
2026-03-05 16:23:13,012 - cell_segmenter.gui.main_window - DEBUG - Updated overlay display
2026-03-05 16:23:13,016 - cell_segmenter.gui.main_window - DEBUG - Updated overlay display
2026-03-05 16:23:13,019 - cell_segmenter.gui.main_window - DEBUG - Updated overlay display
2026-03-05 16:23:13,037 - cell_segmenter.gui.main_window - DEBUG - Updated overlay display
2026-03-05 16:23:13,040 - cell_segmenter.gui.main_window - DEBUG - Updated overlay display
2026-03-05 16:23:13,044 - cell_segmenter.gui.main_window - DEBUG - Updated overlay display
2026-03-05 16:23:13,062 - cell_segmenter.gui.main_window - DEBUG - Updated overlay display
2026-03-05 16:23:13,065 - cell_segmenter.gui.main_window - DEBUG - Updated overlay display
2026-03-05 16:23:13,083 - cell_segmenter.gui.main_window - DEBUG - Updated overlay display
2026-03-05 16:23:13,086 - cell_segmenter.gui.main_window - DEBUG - Updated overlay display
2026-03-05 16:23:13,090 - cell_segmenter.gui.main_window - DEBUG - Updated overlay display
2026-03-05 16:23:13,108 - cell_segmenter.gui.main_window - DEBUG - Updated overlay display
2026-03-05 16:23:13,111 - cell_segmenter.gui.main_window - DEBUG - Updated overlay display
2026-03-05 16:23:13,130 - cell_segmenter.gui.main_window - DEBUG - Updated overlay display
2026-03-05 16:23:13,133 - cell_segmenter.gui.main_window - DEBUG - Updated overlay display
2026-03-05 16:23:13,152 - cell_segmenter.gui.main_window - DEBUG - Updated overlay display
2026-03-05 16:23:13,156 - cell_segmenter.gui.main_window - DEBUG - Updated overlay display
2026-03-05 16:23:13,159 - cell_segmenter.gui.main_window - DEBUG - Updated overlay display
2026-03-05 16:23:13,177 - cell_segmenter.gui.main_window - DEBUG - Updated overlay display
2026-03-05 16:23:13,181 - cell_segmenter.gui.main_window - DEBUG - Updated overlay display
2026-03-05 16:23:13,200 - cell_segmenter.gui.main_window - DEBUG - Updated overlay display
2026-03-05 16:23:13,204 - cell_segmenter.gui.main_window - DEBUG - Updated overlay display
2026-03-05 16:23:13,222 - cell_segmenter.gui.main_window - DEBUG - Updated overlay display
2026-03-05 16:23:13,226 - cell_segmenter.gui.main_window - DEBUG - Updated overlay display
2026-03-05 16:23:13,244 - cell_segmenter.gui.main_window - DEBUG - Updated overlay display
2026-03-05 16:23:13,247 - cell_segmenter.gui.main_window - DEBUG - Updated overlay display
2026-03-05 16:23:13,251 - cell_segmenter.gui.main_window - DEBUG - Updated overlay display
2026-03-05 16:23:13,269 - cell_segmenter.gui.main_window - DEBUG - Updated overlay display
2026-03-05 16:23:13,273 - cell_segmenter.gui.main_window - DEBUG - Updated overlay display
2026-03-05 16:23:13,276 - cell_segmenter.gui.main_window - DEBUG - Updated overlay display
2026-03-05 16:23:13,294 - cell_segmenter.gui.main_window - DEBUG - Updated overlay display
2026-03-05 16:23:13,297 - cell_segmenter.gui.main_window - DEBUG - Updated overlay display
2026-03-05 16:23:13,315 - cell_segmenter.gui.main_window - DEBUG - Updated overlay display
2026-03-05 16:23:13,319 - cell_segmenter.gui.main_window - DEBUG - Updated overlay display
2026-03-05 16:23:13,322 - cell_segmenter.gui.main_window - DEBUG - Updated overlay display
2026-03-05 16:23:13,341 - cell_segmenter.gui.main_window - DEBUG - Updated overlay display
2026-03-05 16:23:13,344 - cell_segmenter.gui.main_window - DEBUG - Updated overlay display
2026-03-05 16:23:13,347 - cell_segmenter.gui.main_window - DEBUG - Updated overlay display
2026-03-05 16:23:13,366 - cell_segmenter.gui.main_window - DEBUG - Updated overlay display
2026-03-05 16:23:13,369 - cell_segmenter.gui.main_window - DEBUG - Updated overlay display
2026-03-05 16:23:13,372 - cell_segmenter.gui.main_window - DEBUG - Updated overlay display
2026-03-05 16:23:13,390 - cell_segmenter.gui.main_window - DEBUG - Updated overlay display
2026-03-05 16:23:13,394 - cell_segmenter.gui.main_window - DEBUG - Updated overlay display
2026-03-05 16:23:13,412 - cell_segmenter.gui.main_window - DEBUG - Updated overlay display
2026-03-05 16:23:13,416 - cell_segmenter.gui.main_window - DEBUG - Updated overlay display
2026-03-05 16:23:13,433 - cell_segmenter.gui.main_window - DEBUG - Updated overlay display
2026-03-05 16:23:13,437 - cell_segmenter.gui.main_window - DEBUG - Updated overlay display
2026-03-05 16:23:13,456 - cell_segmenter.gui.main_window - DEBUG - Updated overlay display
2026-03-05 16:23:13,459 - cell_segmenter.gui.main_window - DEBUG - Updated overlay display
2026-03-05 16:23:13,462 - cell_segmenter.gui.main_window - DEBUG - Updated overlay display
2026-03-05 16:23:13,480 - cell_segmenter.gui.main_window - DEBUG - Updated overlay display
2026-03-05 16:23:13,484 - cell_segmenter.gui.main_window - DEBUG - Updated overlay display
2026-03-05 16:23:13,487 - cell_segmenter.gui.main_window - DEBUG - Updated overlay display
2026-03-05 16:23:13,505 - cell_segmenter.gui.main_window - DEBUG - Updated overlay display
2026-03-05 16:23:13,509 - cell_segmenter.gui.main_window - DEBUG - Updated overlay display
2026-03-05 16:23:13,512 - cell_segmenter.gui.main_window - DEBUG - Updated overlay display
2026-03-05 16:23:13,530 - cell_segmenter.gui.main_window - DEBUG - Updated overlay display
2026-03-05 16:23:13,534 - cell_segmenter.gui.main_window - DEBUG - Updated overlay display
2026-03-05 16:23:13,552 - cell_segmenter.gui.main_window - DEBUG - Updated overlay display
2026-03-05 16:23:13,555 - cell_segmenter.gui.main_window - DEBUG - Updated overlay display
2026-03-05 16:23:13,573 - cell_segmenter.gui.main_window - DEBUG - Updated overlay display
2026-03-05 16:23:13,577 - cell_segmenter.gui.main_window - DEBUG - Updated overlay display
2026-03-05 16:23:13,580 - cell_segmenter.gui.main_window - DEBUG - Updated overlay display
2026-03-05 16:23:13,599 - cell_segmenter.gui.main_window - DEBUG - Updated overlay display
2026-03-05 16:23:13,603 - cell_segmenter.gui.main_window - DEBUG - Updated overlay display
2026-03-05 16:23:13,606 - cell_segmenter.gui.main_window - DEBUG - Updated overlay display
2026-03-05 16:23:13,624 - cell_segmenter.gui.main_window - DEBUG - Updated overlay display
2026-03-05 16:23:13,627 - cell_segmenter.gui.main_window - DEBUG - Updated overlay display
2026-03-05 16:23:13,631 - cell_segmenter.gui.main_window - DEBUG - Updated overlay display
2026-03-05 16:23:13,649 - cell_segmenter.gui.main_window - DEBUG - Updated overlay display
2026-03-05 16:23:13,652 - cell_segmenter.gui.main_window - DEBUG - Updated overlay display
2026-03-05 16:23:13,655 - cell_segmenter.gui.main_window - DEBUG - Updated overlay display
2026-03-05 16:23:13,674 - cell_segmenter.gui.main_window - DEBUG - Updated overlay display
2026-03-05 16:23:13,677 - cell_segmenter.gui.main_window - DEBUG - Updated overlay display
2026-03-05 16:23:13,681 - cell_segmenter.gui.main_window - DEBUG - Updated overlay display
2026-03-05 16:23:13,699 - cell_segmenter.gui.main_window - DEBUG - Updated overlay display
2026-03-05 16:23:13,703 - cell_segmenter.gui.main_window - DEBUG - Updated overlay display
2026-03-05 16:23:13,706 - cell_segmenter.gui.main_window - DEBUG - Updated overlay display
2026-03-05 16:23:13,725 - cell_segmenter.gui.main_window - DEBUG - Updated overlay display
2026-03-05 16:23:13,728 - cell_segmenter.gui.main_window - DEBUG - Updated overlay display
2026-03-05 16:23:13,732 - cell_segmenter.gui.main_window - DEBUG - Updated overlay display
2026-03-05 16:23:13,750 - cell_segmenter.gui.main_window - DEBUG - Updated overlay display
2026-03-05 16:23:13,753 - cell_segmenter.gui.main_window - DEBUG - Updated overlay display
2026-03-05 16:23:13,756 - cell_segmenter.gui.main_window - DEBUG - Updated overlay display
2026-03-05 16:23:13,774 - cell_segmenter.gui.main_window - DEBUG - Updated overlay display
2026-03-05 16:23:13,778 - cell_segmenter.gui.main_window - DEBUG - Updated overlay display
2026-03-05 16:23:13,781 - cell_segmenter.gui.main_window - DEBUG - Updated overlay display
2026-03-05 16:23:13,799 - cell_segmenter.gui.main_window - DEBUG - Updated overlay display
2026-03-05 16:23:13,803 - cell_segmenter.gui.main_window - DEBUG - Updated overlay display
2026-03-05 16:23:13,806 - cell_segmenter.gui.main_window - DEBUG - Updated overlay display
2026-03-05 16:23:13,825 - cell_segmenter.gui.main_window - DEBUG - Updated overlay display
2026-03-05 16:23:13,828 - cell_segmenter.gui.main_window - DEBUG - Updated overlay display
2026-03-05 16:23:13,832 - cell_segmenter.gui.main_window - DEBUG - Updated overlay display
2026-03-05 16:23:13,850 - cell_segmenter.gui.main_window - DEBUG - Updated overlay display
2026-03-05 16:23:13,853 - cell_segmenter.gui.main_window - DEBUG - Updated overlay display
2026-03-05 16:23:13,857 - cell_segmenter.gui.main_window - DEBUG - Updated overlay display
2026-03-05 16:23:13,875 - cell_segmenter.gui.main_window - DEBUG - Updated overlay display
2026-03-05 16:23:13,878 - cell_segmenter.gui.main_window - DEBUG - Updated overlay display
2026-03-05 16:23:13,897 - cell_segmenter.gui.main_window - DEBUG - Updated overlay display
2026-03-05 16:23:13,900 - cell_segmenter.gui.main_window - DEBUG - Updated overlay display
2026-03-05 16:23:13,904 - cell_segmenter.gui.main_window - DEBUG - Updated overlay display
2026-03-05 16:23:13,921 - cell_segmenter.gui.main_window - DEBUG - Updated overlay display
2026-03-05 16:23:13,925 - cell_segmenter.gui.main_window - DEBUG - Updated overlay display
2026-03-05 16:23:13,928 - cell_segmenter.gui.main_window - DEBUG - Updated overlay display
2026-03-05 16:23:13,954 - cell_segmenter.gui.main_window - DEBUG - Updated overlay display
2026-03-05 16:23:13,958 - cell_segmenter.gui.main_window - DEBUG - Updated overlay display
2026-03-05 16:23:13,976 - cell_segmenter.gui.main_window - DEBUG - Updated overlay display
2026-03-05 16:23:13,980 - cell_segmenter.gui.main_window - DEBUG - Updated overlay display
2026-03-05 16:23:13,998 - cell_segmenter.gui.main_window - DEBUG - Updated overlay display
2026-03-05 16:23:14,001 - cell_segmenter.gui.main_window - DEBUG - Updated overlay display
2026-03-05 16:23:14,020 - cell_segmenter.gui.main_window - DEBUG - Updated overlay display
2026-03-05 16:23:14,023 - cell_segmenter.gui.main_window - DEBUG - Updated overlay display
2026-03-05 16:23:14,041 - cell_segmenter.gui.main_window - DEBUG - Updated overlay display
2026-03-05 16:23:14,045 - cell_segmenter.gui.main_window - DEBUG - Updated overlay display
2026-03-05 16:23:14,064 - cell_segmenter.gui.main_window - DEBUG - Updated overlay display
2026-03-05 16:23:14,067 - cell_segmenter.gui.main_window - DEBUG - Updated overlay display
2026-03-05 16:23:14,071 - cell_segmenter.gui.main_window - DEBUG - Updated overlay display
2026-03-05 16:23:14,089 - cell_segmenter.gui.main_window - DEBUG - Updated overlay display
2026-03-05 16:23:14,092 - cell_segmenter.gui.main_window - DEBUG - Updated overlay display
2026-03-05 16:23:14,111 - cell_segmenter.gui.main_window - DEBUG - Updated overlay display
2026-03-05 16:23:14,114 - cell_segmenter.gui.main_window - DEBUG - Updated overlay display
2026-03-05 16:23:14,133 - cell_segmenter.gui.main_window - DEBUG - Updated overlay display
2026-03-05 16:23:14,136 - cell_segmenter.gui.main_window - DEBUG - Updated overlay display
2026-03-05 16:23:14,140 - cell_segmenter.gui.main_window - DEBUG - Updated overlay display
2026-03-05 16:23:14,158 - cell_segmenter.gui.main_window - DEBUG - Updated overlay display
2026-03-05 16:23:14,162 - cell_segmenter.gui.main_window - DEBUG - Updated overlay display
2026-03-05 16:23:14,166 - cell_segmenter.gui.main_window - DEBUG - Updated overlay display
2026-03-05 16:23:14,184 - cell_segmenter.gui.main_window - DEBUG - Updated overlay display
2026-03-05 16:23:14,188 - cell_segmenter.gui.main_window - DEBUG - Updated overlay display
2026-03-05 16:23:14,191 - cell_segmenter.gui.main_window - DEBUG - Updated overlay display
2026-03-05 16:23:14,209 - cell_segmenter.gui.main_window - DEBUG - Updated overlay display
2026-03-05 16:23:14,213 - cell_segmenter.gui.main_window - DEBUG - Updated overlay display
2026-03-05 16:23:14,216 - cell_segmenter.gui.main_window - DEBUG - Updated overlay display
2026-03-05 16:23:14,235 - cell_segmenter.gui.main_window - DEBUG - Updated overlay display
2026-03-05 16:23:14,238 - cell_segmenter.gui.main_window - DEBUG - Updated overlay display
2026-03-05 16:23:14,242 - cell_segmenter.gui.main_window - DEBUG - Updated overlay display
2026-03-05 16:23:14,260 - cell_segmenter.gui.main_window - DEBUG - Updated overlay display
2026-03-05 16:23:14,263 - cell_segmenter.gui.main_window - DEBUG - Updated overlay display
2026-03-05 16:23:14,267 - cell_segmenter.gui.main_window - DEBUG - Updated overlay display
2026-03-05 16:23:14,285 - cell_segmenter.gui.main_window - DEBUG - Updated overlay display
2026-03-05 16:23:14,289 - cell_segmenter.gui.main_window - DEBUG - Updated overlay display
2026-03-05 16:23:14,292 - cell_segmenter.gui.main_window - DEBUG - Updated overlay display
2026-03-05 16:23:14,310 - cell_segmenter.gui.main_window - DEBUG - Updated overlay display
2026-03-05 16:23:14,314 - cell_segmenter.gui.main_window - DEBUG - Updated overlay display
2026-03-05 16:23:14,332 - cell_segmenter.gui.main_window - DEBUG - Updated overlay display
2026-03-05 16:23:14,336 - cell_segmenter.gui.main_window - DEBUG - Updated overlay display
2026-03-05 16:23:14,339 - cell_segmenter.gui.main_window - DEBUG - Updated overlay display
2026-03-05 16:23:14,358 - cell_segmenter.gui.main_window - DEBUG - Updated overlay display
2026-03-05 16:23:14,361 - cell_segmenter.gui.main_window - DEBUG - Updated overlay display
2026-03-05 16:23:14,364 - cell_segmenter.gui.main_window - DEBUG - Updated overlay display
2026-03-05 16:23:14,383 - cell_segmenter.gui.main_window - DEBUG - Updated overlay display
2026-03-05 16:23:14,386 - cell_segmenter.gui.main_window - DEBUG - Updated overlay display
2026-03-05 16:23:14,390 - cell_segmenter.gui.main_window - DEBUG - Updated overlay display
2026-03-05 16:23:14,408 - cell_segmenter.gui.main_window - DEBUG - Updated overlay display
2026-03-05 16:23:14,412 - cell_segmenter.gui.main_window - DEBUG - Updated overlay display
2026-03-05 16:23:14,415 - cell_segmenter.gui.main_window - DEBUG - Updated overlay display
2026-03-05 16:23:14,433 - cell_segmenter.gui.main_window - DEBUG - Updated overlay display
2026-03-05 16:23:14,436 - cell_segmenter.gui.main_window - DEBUG - Updated overlay display
2026-03-05 16:23:14,440 - cell_segmenter.gui.main_window - DEBUG - Updated overlay display
2026-03-05 16:23:14,458 - cell_segmenter.gui.main_window - DEBUG - Updated overlay display
2026-03-05 16:23:14,462 - cell_segmenter.gui.main_window - DEBUG - Updated overlay display
2026-03-05 16:23:14,465 - cell_segmenter.gui.main_window - DEBUG - Updated overlay display
2026-03-05 16:23:14,483 - cell_segmenter.gui.main_window - DEBUG - Updated overlay display
2026-03-05 16:23:14,487 - cell_segmenter.gui.main_window - DEBUG - Updated overlay display
2026-03-05 16:23:14,490 - cell_segmenter.gui.main_window - DEBUG - Updated overlay display
2026-03-05 16:23:14,508 - cell_segmenter.gui.main_window - DEBUG - Updated overlay display
2026-03-05 16:23:14,512 - cell_segmenter.gui.main_window - DEBUG - Updated overlay display
2026-03-05 16:23:14,515 - cell_segmenter.gui.main_window - DEBUG - Updated overlay display
2026-03-05 16:23:14,533 - cell_segmenter.gui.main_window - DEBUG - Updated overlay display
2026-03-05 16:23:14,537 - cell_segmenter.gui.main_window - DEBUG - Updated overlay display
2026-03-05 16:23:14,540 - cell_segmenter.gui.main_window - DEBUG - Updated overlay display
2026-03-05 16:23:14,558 - cell_segmenter.gui.main_window - DEBUG - Updated overlay display
2026-03-05 16:23:14,562 - cell_segmenter.gui.main_window - DEBUG - Updated overlay display
2026-03-05 16:23:14,565 - cell_segmenter.gui.main_window - DEBUG - Updated overlay display
2026-03-05 16:23:14,583 - cell_segmenter.gui.main_window - DEBUG - Updated overlay display
2026-03-05 16:23:14,587 - cell_segmenter.gui.main_window - DEBUG - Updated overlay display
2026-03-05 16:23:14,590 - cell_segmenter.gui.main_window - DEBUG - Updated overlay display
2026-03-05 16:23:14,608 - cell_segmenter.gui.main_window - DEBUG - Updated overlay display
2026-03-05 16:23:14,612 - cell_segmenter.gui.main_window - DEBUG - Updated overlay display
2026-03-05 16:23:14,615 - cell_segmenter.gui.main_window - DEBUG - Updated overlay display
2026-03-05 16:23:14,634 - cell_segmenter.gui.main_window - DEBUG - Updated overlay display
2026-03-05 16:23:14,637 - cell_segmenter.gui.main_window - DEBUG - Updated overlay display
2026-03-05 16:23:14,641 - cell_segmenter.gui.main_window - DEBUG - Updated overlay display
2026-03-05 16:23:14,658 - cell_segmenter.gui.main_window - DEBUG - Updated overlay display
2026-03-05 16:23:14,662 - cell_segmenter.gui.main_window - DEBUG - Updated overlay display
2026-03-05 16:23:14,680 - cell_segmenter.gui.main_window - DEBUG - Updated overlay display
2026-03-05 16:23:14,684 - cell_segmenter.gui.main_window - DEBUG - Updated overlay display
2026-03-05 16:23:14,687 - cell_segmenter.gui.main_window - DEBUG - Updated overlay display
2026-03-05 16:23:14,706 - cell_segmenter.gui.main_window - DEBUG - Updated overlay display
2026-03-05 16:23:14,710 - cell_segmenter.gui.main_window - DEBUG - Updated overlay display
2026-03-05 16:23:14,713 - cell_segmenter.gui.main_window - DEBUG - Updated overlay display
2026-03-05 16:23:14,731 - cell_segmenter.gui.main_window - DEBUG - Updated overlay display
2026-03-05 16:23:14,735 - cell_segmenter.gui.main_window - DEBUG - Updated overlay display
2026-03-05 16:23:14,738 - cell_segmenter.gui.main_window - DEBUG - Updated overlay display
2026-03-05 16:23:14,756 - cell_segmenter.gui.main_window - DEBUG - Updated overlay display
2026-03-05 16:23:14,760 - cell_segmenter.gui.main_window - DEBUG - Updated overlay display
2026-03-05 16:23:14,764 - cell_segmenter.gui.main_window - DEBUG - Updated overlay display
2026-03-05 16:23:14,782 - cell_segmenter.gui.main_window - DEBUG - Updated overlay display
2026-03-05 16:23:14,786 - cell_segmenter.gui.main_window - DEBUG - Updated overlay display
2026-03-05 16:23:14,789 - cell_segmenter.gui.main_window - DEBUG - Updated overlay display
2026-03-05 16:23:14,807 - cell_segmenter.gui.main_window - DEBUG - Updated overlay display
2026-03-05 16:23:14,811 - cell_segmenter.gui.main_window - DEBUG - Updated overlay display
2026-03-05 16:23:14,814 - cell_segmenter.gui.main_window - DEBUG - Updated overlay display
2026-03-05 16:23:14,832 - cell_segmenter.gui.main_window - DEBUG - Updated overlay display
2026-03-05 16:23:14,835 - cell_segmenter.gui.main_window - DEBUG - Updated overlay display
2026-03-05 16:23:14,839 - cell_segmenter.gui.main_window - DEBUG - Updated overlay display
2026-03-05 16:23:14,857 - cell_segmenter.gui.main_window - DEBUG - Updated overlay display
2026-03-05 16:23:14,860 - cell_segmenter.gui.main_window - DEBUG - Updated overlay display
2026-03-05 16:23:14,864 - cell_segmenter.gui.main_window - DEBUG - Updated overlay display
2026-03-05 16:23:14,882 - cell_segmenter.gui.main_window - DEBUG - Updated overlay display
2026-03-05 16:23:14,885 - cell_segmenter.gui.main_window - DEBUG - Updated overlay display
2026-03-05 16:23:14,889 - cell_segmenter.gui.main_window - DEBUG - Updated overlay display
2026-03-05 16:23:14,907 - cell_segmenter.gui.main_window - DEBUG - Updated overlay display
2026-03-05 16:23:14,910 - cell_segmenter.gui.main_window - DEBUG - Updated overlay display
2026-03-05 16:23:14,914 - cell_segmenter.gui.main_window - DEBUG - Updated overlay display
2026-03-05 16:23:14,932 - cell_segmenter.gui.main_window - DEBUG - Updated overlay display
2026-03-05 16:23:14,936 - cell_segmenter.gui.main_window - DEBUG - Updated overlay display
2026-03-05 16:23:14,939 - cell_segmenter.gui.main_window - DEBUG - Updated overlay display
2026-03-05 16:23:14,957 - cell_segmenter.gui.main_window - DEBUG - Updated overlay display
2026-03-05 16:23:14,961 - cell_segmenter.gui.main_window - DEBUG - Updated overlay display
2026-03-05 16:23:14,964 - cell_segmenter.gui.main_window - DEBUG - Updated overlay display
2026-03-05 16:23:14,983 - cell_segmenter.gui.main_window - DEBUG - Updated overlay display
2026-03-05 16:23:14,987 - cell_segmenter.gui.main_window - DEBUG - Updated overlay display
2026-03-05 16:23:14,990 - cell_segmenter.gui.main_window - DEBUG - Updated overlay display
2026-03-05 16:23:15,008 - cell_segmenter.gui.main_window - DEBUG - Updated overlay display
2026-03-05 16:23:15,012 - cell_segmenter.gui.main_window - DEBUG - Updated overlay display
2026-03-05 16:23:15,015 - cell_segmenter.gui.main_window - DEBUG - Updated overlay display
2026-03-05 16:23:15,034 - cell_segmenter.gui.main_window - DEBUG - Updated overlay display
2026-03-05 16:23:15,037 - cell_segmenter.gui.main_window - DEBUG - Updated overlay display
2026-03-05 16:23:15,041 - cell_segmenter.gui.main_window - DEBUG - Updated overlay display
2026-03-05 16:23:15,059 - cell_segmenter.gui.main_window - DEBUG - Updated overlay display
2026-03-05 16:23:15,063 - cell_segmenter.gui.main_window - DEBUG - Updated overlay display
2026-03-05 16:23:15,066 - cell_segmenter.gui.main_window - DEBUG - Updated overlay display
2026-03-05 16:23:15,085 - cell_segmenter.gui.main_window - DEBUG - Updated overlay display
2026-03-05 16:23:15,088 - cell_segmenter.gui.main_window - DEBUG - Updated overlay display
2026-03-05 16:23:15,092 - cell_segmenter.gui.main_window - DEBUG - Updated overlay display
2026-03-05 16:23:15,109 - cell_segmenter.gui.main_window - DEBUG - Updated overlay display
2026-03-05 16:23:15,113 - cell_segmenter.gui.main_window - DEBUG - Updated overlay display
2026-03-05 16:23:15,117 - cell_segmenter.gui.main_window - DEBUG - Updated overlay display
2026-03-05 16:23:15,135 - cell_segmenter.gui.main_window - DEBUG - Updated overlay display
2026-03-05 16:23:15,139 - cell_segmenter.gui.main_window - DEBUG - Updated overlay display
2026-03-05 16:23:15,142 - cell_segmenter.gui.main_window - DEBUG - Updated overlay display
2026-03-05 16:23:15,160 - cell_segmenter.gui.main_window - DEBUG - Updated overlay display
2026-03-05 16:23:15,164 - cell_segmenter.gui.main_window - DEBUG - Updated overlay display
2026-03-05 16:23:15,167 - cell_segmenter.gui.main_window - DEBUG - Updated overlay display
2026-03-05 16:23:15,185 - cell_segmenter.gui.main_window - DEBUG - Updated overlay display
2026-03-05 16:23:15,189 - cell_segmenter.gui.main_window - DEBUG - Updated overlay display
2026-03-05 16:23:15,192 - cell_segmenter.gui.main_window - DEBUG - Updated overlay display
2026-03-05 16:23:15,211 - cell_segmenter.gui.main_window - DEBUG - Updated overlay display
2026-03-05 16:23:15,214 - cell_segmenter.gui.main_window - DEBUG - Updated overlay display
2026-03-05 16:23:15,217 - cell_segmenter.gui.main_window - DEBUG - Updated overlay display
2026-03-05 16:23:15,236 - cell_segmenter.gui.main_window - DEBUG - Updated overlay display
2026-03-05 16:23:15,240 - cell_segmenter.gui.main_window - DEBUG - Updated overlay display
2026-03-05 16:23:15,243 - cell_segmenter.gui.main_window - DEBUG - Updated overlay display
2026-03-05 16:23:15,262 - cell_segmenter.gui.main_window - DEBUG - Updated overlay display
2026-03-05 16:23:15,266 - cell_segmenter.gui.main_window - DEBUG - Updated overlay display
2026-03-05 16:23:15,269 - cell_segmenter.gui.main_window - DEBUG - Updated overlay display
2026-03-05 16:23:15,287 - cell_segmenter.gui.main_window - DEBUG - Updated overlay display
2026-03-05 16:23:15,291 - cell_segmenter.gui.main_window - DEBUG - Updated overlay display
2026-03-05 16:23:15,294 - cell_segmenter.gui.main_window - DEBUG - Updated overlay display
2026-03-05 16:23:15,313 - cell_segmenter.gui.main_window - DEBUG - Updated overlay display
2026-03-05 16:23:15,317 - cell_segmenter.gui.main_window - DEBUG - Updated overlay display
2026-03-05 16:23:15,320 - cell_segmenter.gui.main_window - DEBUG - Updated overlay display
2026-03-05 16:23:15,340 - cell_segmenter.gui.main_window - DEBUG - Updated overlay display
2026-03-05 16:23:15,344 - cell_segmenter.gui.main_window - DEBUG - Updated overlay display
2026-03-05 16:23:15,348 - cell_segmenter.gui.main_window - DEBUG - Updated overlay display
2026-03-05 16:23:15,368 - cell_segmenter.gui.main_window - DEBUG - Updated overlay display
2026-03-05 16:23:15,372 - cell_segmenter.gui.main_window - DEBUG - Updated overlay display
2026-03-05 16:23:15,376 - cell_segmenter.gui.main_window - DEBUG - Updated overlay display
2026-03-05 16:23:15,396 - cell_segmenter.gui.main_window - DEBUG - Updated overlay display
2026-03-05 16:23:15,400 - cell_segmenter.gui.main_window - DEBUG - Updated overlay display
2026-03-05 16:23:15,404 - cell_segmenter.gui.main_window - DEBUG - Updated overlay display
2026-03-05 16:23:15,422 - cell_segmenter.gui.main_window - DEBUG - Updated overlay display
2026-03-05 16:23:15,426 - cell_segmenter.gui.main_window - DEBUG - Updated overlay display
2026-03-05 16:23:15,430 - cell_segmenter.gui.main_window - DEBUG - Updated overlay display
2026-03-05 16:23:15,449 - cell_segmenter.gui.main_window - DEBUG - Updated overlay display
2026-03-05 16:23:15,453 - cell_segmenter.gui.main_window - DEBUG - Updated overlay display
2026-03-05 16:23:15,456 - cell_segmenter.gui.main_window - DEBUG - Updated overlay display
2026-03-05 16:23:15,475 - cell_segmenter.gui.main_window - DEBUG - Updated overlay display
2026-03-05 16:23:15,479 - cell_segmenter.gui.main_window - DEBUG - Updated overlay display
2026-03-05 16:23:15,483 - cell_segmenter.gui.main_window - DEBUG - Updated overlay display
2026-03-05 16:23:15,501 - cell_segmenter.gui.main_window - DEBUG - Updated overlay display
2026-03-05 16:23:15,505 - cell_segmenter.gui.main_window - DEBUG - Updated overlay display
2026-03-05 16:23:15,524 - cell_segmenter.gui.main_window - DEBUG - Updated overlay display
2026-03-05 16:23:15,527 - cell_segmenter.gui.main_window - DEBUG - Updated overlay display
2026-03-05 16:23:15,531 - cell_segmenter.gui.main_window - DEBUG - Updated overlay display
2026-03-05 16:23:15,549 - cell_segmenter.gui.main_window - DEBUG - Updated overlay display
2026-03-05 16:23:15,552 - cell_segmenter.gui.main_window - DEBUG - Updated overlay display
2026-03-05 16:23:15,556 - cell_segmenter.gui.main_window - DEBUG - Updated overlay display
2026-03-05 16:23:15,574 - cell_segmenter.gui.main_window - DEBUG - Updated overlay display
2026-03-05 16:23:15,578 - cell_segmenter.gui.main_window - DEBUG - Updated overlay display
2026-03-05 16:23:15,581 - cell_segmenter.gui.main_window - DEBUG - Updated overlay display
2026-03-05 16:23:15,600 - cell_segmenter.gui.main_window - DEBUG - Updated overlay display
2026-03-05 16:23:15,603 - cell_segmenter.gui.main_window - DEBUG - Updated overlay display
2026-03-05 16:23:15,607 - cell_segmenter.gui.main_window - DEBUG - Updated overlay display
2026-03-05 16:23:15,625 - cell_segmenter.gui.main_window - DEBUG - Updated overlay display
2026-03-05 16:23:15,628 - cell_segmenter.gui.main_window - DEBUG - Updated overlay display
2026-03-05 16:23:15,647 - cell_segmenter.gui.main_window - DEBUG - Updated overlay display
2026-03-05 16:23:15,650 - cell_segmenter.gui.main_window - DEBUG - Updated overlay display
2026-03-05 16:23:15,654 - cell_segmenter.gui.main_window - DEBUG - Updated overlay display
2026-03-05 16:23:15,672 - cell_segmenter.gui.main_window - DEBUG - Updated overlay display
2026-03-05 16:23:15,675 - cell_segmenter.gui.main_window - DEBUG - Updated overlay display
2026-03-05 16:23:15,694 - cell_segmenter.gui.main_window - DEBUG - Updated overlay display
2026-03-05 16:23:15,697 - cell_segmenter.gui.main_window - DEBUG - Updated overlay display
2026-03-05 16:23:15,716 - cell_segmenter.gui.main_window - DEBUG - Updated overlay display
2026-03-05 16:23:15,720 - cell_segmenter.gui.main_window - DEBUG - Updated overlay display
2026-03-05 16:23:15,723 - cell_segmenter.gui.main_window - DEBUG - Updated overlay display
2026-03-05 16:23:15,741 - cell_segmenter.gui.main_window - DEBUG - Updated overlay display
2026-03-05 16:23:15,745 - cell_segmenter.gui.main_window - DEBUG - Updated overlay display
2026-03-05 16:23:15,748 - cell_segmenter.gui.main_window - DEBUG - Updated overlay display
2026-03-05 16:23:15,767 - cell_segmenter.gui.main_window - DEBUG - Updated overlay display
2026-03-05 16:23:15,770 - cell_segmenter.gui.main_window - DEBUG - Updated overlay display
2026-03-05 16:23:15,774 - cell_segmenter.gui.main_window - DEBUG - Updated overlay display
2026-03-05 16:23:15,792 - cell_segmenter.gui.main_window - DEBUG - Updated overlay display
2026-03-05 16:23:15,796 - cell_segmenter.gui.main_window - DEBUG - Updated overlay display
2026-03-05 16:23:15,799 - cell_segmenter.gui.main_window - DEBUG - Updated overlay display
2026-03-05 16:23:15,817 - cell_segmenter.gui.main_window - DEBUG - Updated overlay display
2026-03-05 16:23:15,821 - cell_segmenter.gui.main_window - DEBUG - Updated overlay display
2026-03-05 16:23:15,825 - cell_segmenter.gui.main_window - DEBUG - Updated overlay display
2026-03-05 16:23:15,843 - cell_segmenter.gui.main_window - DEBUG - Updated overlay display
2026-03-05 16:23:15,846 - cell_segmenter.gui.main_window - DEBUG - Updated overlay display
2026-03-05 16:23:15,850 - cell_segmenter.gui.main_window - DEBUG - Updated overlay display
2026-03-05 16:23:15,868 - cell_segmenter.gui.main_window - DEBUG - Updated overlay display
2026-03-05 16:23:15,872 - cell_segmenter.gui.main_window - DEBUG - Updated overlay display
2026-03-05 16:23:15,875 - cell_segmenter.gui.main_window - DEBUG - Updated overlay display
2026-03-05 16:23:15,894 - cell_segmenter.gui.main_window - DEBUG - Updated overlay display
2026-03-05 16:23:15,897 - cell_segmenter.gui.main_window - DEBUG - Updated overlay display
2026-03-05 16:23:15,901 - cell_segmenter.gui.main_window - DEBUG - Updated overlay display
2026-03-05 16:23:15,919 - cell_segmenter.gui.main_window - DEBUG - Updated overlay display
2026-03-05 16:23:15,923 - cell_segmenter.gui.main_window - DEBUG - Updated overlay display
2026-03-05 16:23:15,926 - cell_segmenter.gui.main_window - DEBUG - Updated overlay display
2026-03-05 16:23:15,945 - cell_segmenter.gui.main_window - DEBUG - Updated overlay display
2026-03-05 16:23:15,949 - cell_segmenter.gui.main_window - DEBUG - Updated overlay display
2026-03-05 16:23:15,952 - cell_segmenter.gui.main_window - DEBUG - Updated overlay display
2026-03-05 16:23:15,970 - cell_segmenter.gui.main_window - DEBUG - Updated overlay display
2026-03-05 16:23:15,974 - cell_segmenter.gui.main_window - DEBUG - Updated overlay display
2026-03-05 16:23:15,978 - cell_segmenter.gui.main_window - DEBUG - Updated overlay display
2026-03-05 16:23:15,996 - cell_segmenter.gui.main_window - DEBUG - Updated overlay display
2026-03-05 16:23:15,999 - cell_segmenter.gui.main_window - DEBUG - Updated overlay display
2026-03-05 16:23:16,003 - cell_segmenter.gui.main_window - DEBUG - Updated overlay display
2026-03-05 16:23:16,021 - cell_segmenter.gui.main_window - DEBUG - Updated overlay display
2026-03-05 16:23:16,025 - cell_segmenter.gui.main_window - DEBUG - Updated overlay display
2026-03-05 16:23:16,028 - cell_segmenter.gui.main_window - DEBUG - Updated overlay display
2026-03-05 16:23:16,046 - cell_segmenter.gui.main_window - DEBUG - Updated overlay display
2026-03-05 16:23:16,050 - cell_segmenter.gui.main_window - DEBUG - Updated overlay display
2026-03-05 16:23:16,068 - cell_segmenter.gui.main_window - DEBUG - Updated overlay display
2026-03-05 16:23:16,072 - cell_segmenter.gui.main_window - DEBUG - Updated overlay display
2026-03-05 16:23:16,075 - cell_segmenter.gui.main_window - DEBUG - Updated overlay display
2026-03-05 16:23:16,093 - cell_segmenter.gui.main_window - DEBUG - Updated overlay display
2026-03-05 16:23:16,097 - cell_segmenter.gui.main_window - DEBUG - Updated overlay display
2026-03-05 16:23:16,101 - cell_segmenter.gui.main_window - DEBUG - Updated overlay display
2026-03-05 16:23:16,119 - cell_segmenter.gui.main_window - DEBUG - Updated overlay display
2026-03-05 16:23:16,122 - cell_segmenter.gui.main_window - DEBUG - Updated overlay display
2026-03-05 16:23:16,126 - cell_segmenter.gui.main_window - DEBUG - Updated overlay display
2026-03-05 16:23:16,143 - cell_segmenter.gui.main_window - DEBUG - Updated overlay display
2026-03-05 16:23:16,147 - cell_segmenter.gui.main_window - DEBUG - Updated overlay display
2026-03-05 16:23:16,165 - cell_segmenter.gui.main_window - DEBUG - Updated overlay display
2026-03-05 16:23:16,169 - cell_segmenter.gui.main_window - DEBUG - Updated overlay display
2026-03-05 16:23:16,172 - cell_segmenter.gui.main_window - DEBUG - Updated overlay display
2026-03-05 16:23:16,191 - cell_segmenter.gui.main_window - DEBUG - Updated overlay display
2026-03-05 16:23:16,194 - cell_segmenter.gui.main_window - DEBUG - Updated overlay display
2026-03-05 16:23:16,198 - cell_segmenter.gui.main_window - DEBUG - Updated overlay display
2026-03-05 16:23:16,216 - cell_segmenter.gui.main_window - DEBUG - Updated overlay display
2026-03-05 16:23:16,219 - cell_segmenter.gui.main_window - DEBUG - Updated overlay display
2026-03-05 16:23:16,223 - cell_segmenter.gui.main_window - DEBUG - Updated overlay display
2026-03-05 16:23:16,241 - cell_segmenter.gui.main_window - DEBUG - Updated overlay display
2026-03-05 16:23:16,244 - cell_segmenter.gui.main_window - DEBUG - Updated overlay display
2026-03-05 16:23:16,248 - cell_segmenter.gui.main_window - DEBUG - Updated overlay display
2026-03-05 16:23:16,266 - cell_segmenter.gui.main_window - DEBUG - Updated overlay display
2026-03-05 16:23:16,270 - cell_segmenter.gui.main_window - DEBUG - Updated overlay display
2026-03-05 16:23:16,273 - cell_segmenter.gui.main_window - DEBUG - Updated overlay display
2026-03-05 16:23:16,291 - cell_segmenter.gui.main_window - DEBUG - Updated overlay display
2026-03-05 16:23:16,295 - cell_segmenter.gui.main_window - DEBUG - Updated overlay display
2026-03-05 16:23:16,298 - cell_segmenter.gui.main_window - DEBUG - Updated overlay display
2026-03-05 16:23:16,316 - cell_segmenter.gui.main_window - DEBUG - Updated overlay display
2026-03-05 16:23:16,319 - cell_segmenter.gui.main_window - DEBUG - Updated overlay display
2026-03-05 16:23:16,337 - cell_segmenter.gui.main_window - DEBUG - Updated overlay display
2026-03-05 16:23:16,341 - cell_segmenter.gui.main_window - DEBUG - Updated overlay display
2026-03-05 16:23:16,344 - cell_segmenter.gui.main_window - DEBUG - Updated overlay display
2026-03-05 16:23:16,363 - cell_segmenter.gui.main_window - DEBUG - Updated overlay display
2026-03-05 16:23:16,366 - cell_segmenter.gui.main_window - DEBUG - Updated overlay display
2026-03-05 16:23:16,384 - cell_segmenter.gui.main_window - DEBUG - Updated overlay display
2026-03-05 16:23:16,388 - cell_segmenter.gui.main_window - DEBUG - Updated overlay display
2026-03-05 16:23:16,407 - cell_segmenter.gui.main_window - DEBUG - Updated overlay display
2026-03-05 16:23:16,410 - cell_segmenter.gui.main_window - DEBUG - Updated overlay display
2026-03-05 16:23:16,414 - cell_segmenter.gui.main_window - DEBUG - Updated overlay display
2026-03-05 16:23:16,432 - cell_segmenter.gui.main_window - DEBUG - Updated overlay display
2026-03-05 16:23:16,436 - cell_segmenter.gui.main_window - DEBUG - Updated overlay display
2026-03-05 16:23:16,439 - cell_segmenter.gui.main_window - DEBUG - Updated overlay display
2026-03-05 16:23:16,457 - cell_segmenter.gui.main_window - DEBUG - Updated overlay display
2026-03-05 16:23:16,461 - cell_segmenter.gui.main_window - DEBUG - Updated overlay display
2026-03-05 16:23:16,464 - cell_segmenter.gui.main_window - DEBUG - Updated overlay display
2026-03-05 16:23:16,482 - cell_segmenter.gui.main_window - DEBUG - Updated overlay display
2026-03-05 16:23:16,486 - cell_segmenter.gui.main_window - DEBUG - Updated overlay display
2026-03-05 16:23:16,489 - cell_segmenter.gui.main_window - DEBUG - Updated overlay display
2026-03-05 16:23:16,507 - cell_segmenter.gui.main_window - DEBUG - Updated overlay display
2026-03-05 16:23:16,511 - cell_segmenter.gui.main_window - DEBUG - Updated overlay display
2026-03-05 16:23:16,515 - cell_segmenter.gui.main_window - DEBUG - Updated overlay display
2026-03-05 16:23:16,533 - cell_segmenter.gui.main_window - DEBUG - Updated overlay display
2026-03-05 16:23:16,536 - cell_segmenter.gui.main_window - DEBUG - Updated overlay display
2026-03-05 16:23:16,540 - cell_segmenter.gui.main_window - DEBUG - Updated overlay display
2026-03-05 16:23:16,558 - cell_segmenter.gui.main_window - DEBUG - Updated overlay display
2026-03-05 16:23:16,562 - cell_segmenter.gui.main_window - DEBUG - Updated overlay display
2026-03-05 16:23:16,565 - cell_segmenter.gui.main_window - DEBUG - Updated overlay display
2026-03-05 16:23:16,583 - cell_segmenter.gui.main_window - DEBUG - Updated overlay display
2026-03-05 16:23:16,587 - cell_segmenter.gui.main_window - DEBUG - Updated overlay display
2026-03-05 16:23:16,590 - cell_segmenter.gui.main_window - DEBUG - Updated overlay display
2026-03-05 16:23:16,608 - cell_segmenter.gui.main_window - DEBUG - Updated overlay display
2026-03-05 16:23:16,612 - cell_segmenter.gui.main_window - DEBUG - Updated overlay display
2026-03-05 16:23:16,615 - cell_segmenter.gui.main_window - DEBUG - Updated overlay display
2026-03-05 16:23:16,633 - cell_segmenter.gui.main_window - DEBUG - Updated overlay display
2026-03-05 16:23:16,637 - cell_segmenter.gui.main_window - DEBUG - Updated overlay display
2026-03-05 16:23:16,640 - cell_segmenter.gui.main_window - DEBUG - Updated overlay display
2026-03-05 16:23:16,658 - cell_segmenter.gui.main_window - DEBUG - Updated overlay display
2026-03-05 16:23:16,662 - cell_segmenter.gui.main_window - DEBUG - Updated overlay display
2026-03-05 16:23:16,665 - cell_segmenter.gui.main_window - DEBUG - Updated overlay display
2026-03-05 16:23:16,684 - cell_segmenter.gui.main_window - DEBUG - Updated overlay display
2026-03-05 16:23:16,687 - cell_segmenter.gui.main_window - DEBUG - Updated overlay display
2026-03-05 16:23:16,711 - cell_segmenter.gui.main_window - DEBUG - Updated overlay display
2026-03-05 16:23:16,715 - cell_segmenter.gui.main_window - DEBUG - Updated overlay display
2026-03-05 16:23:16,733 - cell_segmenter.gui.main_window - DEBUG - Updated overlay display
2026-03-05 16:23:16,737 - cell_segmenter.gui.main_window - DEBUG - Updated overlay display
2026-03-05 16:23:16,755 - cell_segmenter.gui.main_window - DEBUG - Updated overlay display
2026-03-05 16:23:16,758 - cell_segmenter.gui.main_window - DEBUG - Updated overlay display
2026-03-05 16:23:16,777 - cell_segmenter.gui.main_window - DEBUG - Updated overlay display
2026-03-05 16:23:16,780 - cell_segmenter.gui.main_window - DEBUG - Updated overlay display
2026-03-05 16:23:16,798 - cell_segmenter.gui.main_window - DEBUG - Updated overlay display
2026-03-05 16:23:16,802 - cell_segmenter.gui.main_window - DEBUG - Updated overlay display
2026-03-05 16:23:16,822 - cell_segmenter.gui.main_window - DEBUG - Updated overlay display
2026-03-05 16:23:16,825 - cell_segmenter.gui.main_window - DEBUG - Updated overlay display
2026-03-05 16:23:16,843 - cell_segmenter.gui.main_window - DEBUG - Updated overlay display
2026-03-05 16:23:16,847 - cell_segmenter.gui.main_window - DEBUG - Updated overlay display
2026-03-05 16:23:16,865 - cell_segmenter.gui.main_window - DEBUG - Updated overlay display
2026-03-05 16:23:16,869 - cell_segmenter.gui.main_window - DEBUG - Updated overlay display
2026-03-05 16:23:16,872 - cell_segmenter.gui.main_window - DEBUG - Updated overlay display
2026-03-05 16:23:16,890 - cell_segmenter.gui.main_window - DEBUG - Updated overlay display
2026-03-05 16:23:16,894 - cell_segmenter.gui.main_window - DEBUG - Updated overlay display
2026-03-05 16:23:16,898 - cell_segmenter.gui.main_window - DEBUG - Updated overlay display
2026-03-05 16:23:16,916 - cell_segmenter.gui.main_window - DEBUG - Updated overlay display
2026-03-05 16:23:16,920 - cell_segmenter.gui.main_window - DEBUG - Updated overlay display
2026-03-05 16:23:16,923 - cell_segmenter.gui.main_window - DEBUG - Updated overlay display
2026-03-05 16:23:16,941 - cell_segmenter.gui.main_window - DEBUG - Updated overlay display
2026-03-05 16:23:16,945 - cell_segmenter.gui.main_window - DEBUG - Updated overlay display
2026-03-05 16:23:16,949 - cell_segmenter.gui.main_window - DEBUG - Updated overlay display
2026-03-05 16:23:16,967 - cell_segmenter.gui.main_window - DEBUG - Updated overlay display
2026-03-05 16:23:16,970 - cell_segmenter.gui.main_window - DEBUG - Updated overlay display
2026-03-05 16:23:16,974 - cell_segmenter.gui.main_window - DEBUG - Updated overlay display
2026-03-05 16:23:16,992 - cell_segmenter.gui.main_window - DEBUG - Updated overlay display
2026-03-05 16:23:16,996 - cell_segmenter.gui.main_window - DEBUG - Updated overlay display
2026-03-05 16:23:16,999 - cell_segmenter.gui.main_window - DEBUG - Updated overlay display
2026-03-05 16:23:17,017 - cell_segmenter.gui.main_window - DEBUG - Updated overlay display
2026-03-05 16:23:17,021 - cell_segmenter.gui.main_window - DEBUG - Updated overlay display
2026-03-05 16:23:17,024 - cell_segmenter.gui.main_window - DEBUG - Updated overlay display
2026-03-05 16:23:17,043 - cell_segmenter.gui.main_window - DEBUG - Updated overlay display
2026-03-05 16:23:17,047 - cell_segmenter.gui.main_window - DEBUG - Updated overlay display
2026-03-05 16:23:17,050 - cell_segmenter.gui.main_window - DEBUG - Updated overlay display
2026-03-05 16:23:17,068 - cell_segmenter.gui.main_window - DEBUG - Updated overlay display
2026-03-05 16:23:17,072 - cell_segmenter.gui.main_window - DEBUG - Updated overlay display
2026-03-05 16:23:17,076 - cell_segmenter.gui.main_window - DEBUG - Updated overlay display
2026-03-05 16:23:17,094 - cell_segmenter.gui.main_window - DEBUG - Updated overlay display
2026-03-05 16:23:17,097 - cell_segmenter.gui.main_window - DEBUG - Updated overlay display
2026-03-05 16:23:17,101 - cell_segmenter.gui.main_window - DEBUG - Updated overlay display
2026-03-05 16:23:17,119 - cell_segmenter.gui.main_window - DEBUG - Updated overlay display
2026-03-05 16:23:17,123 - cell_segmenter.gui.main_window - DEBUG - Updated overlay display
2026-03-05 16:23:17,127 - cell_segmenter.gui.main_window - DEBUG - Updated overlay display
2026-03-05 16:23:17,145 - cell_segmenter.gui.main_window - DEBUG - Updated overlay display
2026-03-05 16:23:17,149 - cell_segmenter.gui.main_window - DEBUG - Updated overlay display
2026-03-05 16:23:17,152 - cell_segmenter.gui.main_window - DEBUG - Updated overlay display
2026-03-05 16:23:17,170 - cell_segmenter.gui.main_window - DEBUG - Updated overlay display
2026-03-05 16:23:17,174 - cell_segmenter.gui.main_window - DEBUG - Updated overlay display
2026-03-05 16:23:17,177 - cell_segmenter.gui.main_window - DEBUG - Updated overlay display
2026-03-05 16:23:17,196 - cell_segmenter.gui.main_window - DEBUG - Updated overlay display
2026-03-05 16:23:17,199 - cell_segmenter.gui.main_window - DEBUG - Updated overlay display
2026-03-05 16:23:17,203 - cell_segmenter.gui.main_window - DEBUG - Updated overlay display
2026-03-05 16:23:17,221 - cell_segmenter.gui.main_window - DEBUG - Updated overlay display
2026-03-05 16:23:17,224 - cell_segmenter.gui.main_window - DEBUG - Updated overlay display
2026-03-05 16:23:17,242 - cell_segmenter.gui.main_window - DEBUG - Updated overlay display
2026-03-05 16:23:17,246 - cell_segmenter.gui.main_window - DEBUG - Updated overlay display
2026-03-05 16:23:17,264 - cell_segmenter.gui.main_window - DEBUG - Updated overlay display
2026-03-05 16:23:17,268 - cell_segmenter.gui.main_window - DEBUG - Updated overlay display
2026-03-05 16:23:17,286 - cell_segmenter.gui.main_window - DEBUG - Updated overlay display
2026-03-05 16:23:17,290 - cell_segmenter.gui.main_window - DEBUG - Updated overlay display
2026-03-05 16:23:17,293 - cell_segmenter.gui.main_window - DEBUG - Updated overlay display
2026-03-05 16:23:17,311 - cell_segmenter.gui.main_window - DEBUG - Updated overlay display
2026-03-05 16:23:17,315 - cell_segmenter.gui.main_window - DEBUG - Updated overlay display
2026-03-05 16:23:17,319 - cell_segmenter.gui.main_window - DEBUG - Updated overlay display
2026-03-05 16:23:17,337 - cell_segmenter.gui.main_window - DEBUG - Updated overlay display
2026-03-05 16:23:17,340 - cell_segmenter.gui.main_window - DEBUG - Updated overlay display
2026-03-05 16:23:17,344 - cell_segmenter.gui.main_window - DEBUG - Updated overlay display
2026-03-05 16:23:17,362 - cell_segmenter.gui.main_window - DEBUG - Updated overlay display
2026-03-05 16:23:17,366 - cell_segmenter.gui.main_window - DEBUG - Updated overlay display
2026-03-05 16:23:17,369 - cell_segmenter.gui.main_window - DEBUG - Updated overlay display
2026-03-05 16:23:17,388 - cell_segmenter.gui.main_window - DEBUG - Updated overlay display
2026-03-05 16:23:17,391 - cell_segmenter.gui.main_window - DEBUG - Updated overlay display
2026-03-05 16:23:17,395 - cell_segmenter.gui.main_window - DEBUG - Updated overlay display
2026-03-05 16:23:17,413 - cell_segmenter.gui.main_window - DEBUG - Updated overlay display
2026-03-05 16:23:17,417 - cell_segmenter.gui.main_window - DEBUG - Updated overlay display
2026-03-05 16:23:17,421 - cell_segmenter.gui.main_window - DEBUG - Updated overlay display
2026-03-05 16:23:17,439 - cell_segmenter.gui.main_window - DEBUG - Updated overlay display
2026-03-05 16:23:17,442 - cell_segmenter.gui.main_window - DEBUG - Updated overlay display
2026-03-05 16:23:17,446 - cell_segmenter.gui.main_window - DEBUG - Updated overlay display
2026-03-05 16:23:17,464 - cell_segmenter.gui.main_window - DEBUG - Updated overlay display
2026-03-05 16:23:17,468 - cell_segmenter.gui.main_window - DEBUG - Updated overlay display
2026-03-05 16:23:17,471 - cell_segmenter.gui.main_window - DEBUG - Updated overlay display
2026-03-05 16:23:17,489 - cell_segmenter.gui.main_window - DEBUG - Updated overlay display
2026-03-05 16:23:17,493 - cell_segmenter.gui.main_window - DEBUG - Updated overlay display
2026-03-05 16:23:17,496 - cell_segmenter.gui.main_window - DEBUG - Updated overlay display
2026-03-05 16:23:17,514 - cell_segmenter.gui.main_window - DEBUG - Updated overlay display
2026-03-05 16:23:17,518 - cell_segmenter.gui.main_window - DEBUG - Updated overlay display
2026-03-05 16:23:17,521 - cell_segmenter.gui.main_window - DEBUG - Updated overlay display
2026-03-05 16:23:17,539 - cell_segmenter.gui.main_window - DEBUG - Updated overlay display
2026-03-05 16:23:17,543 - cell_segmenter.gui.main_window - DEBUG - Updated overlay display
2026-03-05 16:23:17,546 - cell_segmenter.gui.main_window - DEBUG - Updated overlay display
2026-03-05 16:23:17,565 - cell_segmenter.gui.main_window - DEBUG - Updated overlay display
2026-03-05 16:23:17,568 - cell_segmenter.gui.main_window - DEBUG - Updated overlay display
2026-03-05 16:23:17,586 - cell_segmenter.gui.main_window - DEBUG - Updated overlay display
2026-03-05 16:23:17,590 - cell_segmenter.gui.main_window - DEBUG - Updated overlay display
2026-03-05 16:23:17,593 - cell_segmenter.gui.main_window - DEBUG - Updated overlay display
2026-03-05 16:23:17,611 - cell_segmenter.gui.main_window - DEBUG - Updated overlay display
2026-03-05 16:23:17,615 - cell_segmenter.gui.main_window - DEBUG - Updated overlay display
2026-03-05 16:23:17,619 - cell_segmenter.gui.main_window - DEBUG - Updated overlay display
2026-03-05 16:23:17,637 - cell_segmenter.gui.main_window - DEBUG - Updated overlay display
2026-03-05 16:23:17,641 - cell_segmenter.gui.main_window - DEBUG - Updated overlay display
2026-03-05 16:23:17,644 - cell_segmenter.gui.main_window - DEBUG - Updated overlay display
2026-03-05 16:23:17,662 - cell_segmenter.gui.main_window - DEBUG - Updated overlay display
2026-03-05 16:23:17,666 - cell_segmenter.gui.main_window - DEBUG - Updated overlay display
2026-03-05 16:23:17,669 - cell_segmenter.gui.main_window - DEBUG - Updated overlay display
2026-03-05 16:23:17,687 - cell_segmenter.gui.main_window - DEBUG - Updated overlay display
2026-03-05 16:23:17,691 - cell_segmenter.gui.main_window - DEBUG - Updated overlay display
2026-03-05 16:23:17,709 - cell_segmenter.gui.main_window - DEBUG - Updated overlay display
2026-03-05 16:23:17,713 - cell_segmenter.gui.main_window - DEBUG - Updated overlay display
2026-03-05 16:23:17,717 - cell_segmenter.gui.main_window - DEBUG - Updated overlay display
2026-03-05 16:23:17,735 - cell_segmenter.gui.main_window - DEBUG - Updated overlay display
2026-03-05 16:23:17,739 - cell_segmenter.gui.main_window - DEBUG - Updated overlay display
2026-03-05 16:23:17,742 - cell_segmenter.gui.main_window - DEBUG - Updated overlay display
2026-03-05 16:23:17,760 - cell_segmenter.gui.main_window - DEBUG - Updated overlay display
2026-03-05 16:23:17,764 - cell_segmenter.gui.main_window - DEBUG - Updated overlay display
2026-03-05 16:23:17,767 - cell_segmenter.gui.main_window - DEBUG - Updated overlay display
2026-03-05 16:23:17,785 - cell_segmenter.gui.main_window - DEBUG - Updated overlay display
2026-03-05 16:23:17,789 - cell_segmenter.gui.main_window - DEBUG - Updated overlay display
2026-03-05 16:23:17,792 - cell_segmenter.gui.main_window - DEBUG - Updated overlay display
2026-03-05 16:23:17,810 - cell_segmenter.gui.main_window - DEBUG - Updated overlay display
2026-03-05 16:23:17,814 - cell_segmenter.gui.main_window - DEBUG - Updated overlay display
2026-03-05 16:23:17,818 - cell_segmenter.gui.main_window - DEBUG - Updated overlay display
2026-03-05 16:23:17,836 - cell_segmenter.gui.main_window - DEBUG - Updated overlay display
2026-03-05 16:23:17,840 - cell_segmenter.gui.main_window - DEBUG - Updated overlay display
2026-03-05 16:23:17,843 - cell_segmenter.gui.main_window - DEBUG - Updated overlay display
2026-03-05 16:23:17,862 - cell_segmenter.gui.main_window - DEBUG - Updated overlay display
2026-03-05 16:23:17,866 - cell_segmenter.gui.main_window - DEBUG - Updated overlay display
2026-03-05 16:23:17,869 - cell_segmenter.gui.main_window - DEBUG - Updated overlay display
2026-03-05 16:23:17,887 - cell_segmenter.gui.main_window - DEBUG - Updated overlay display
2026-03-05 16:23:17,891 - cell_segmenter.gui.main_window - DEBUG - Updated overlay display
2026-03-05 16:23:17,909 - cell_segmenter.gui.main_window - DEBUG - Updated overlay display
2026-03-05 16:23:17,913 - cell_segmenter.gui.main_window - DEBUG - Updated overlay display
2026-03-05 16:23:17,916 - cell_segmenter.gui.main_window - DEBUG - Updated overlay display
2026-03-05 16:23:17,934 - cell_segmenter.gui.main_window - DEBUG - Updated overlay display
2026-03-05 16:23:17,938 - cell_segmenter.gui.main_window - DEBUG - Updated overlay display
2026-03-05 16:23:17,941 - cell_segmenter.gui.main_window - DEBUG - Updated overlay display
2026-03-05 16:23:17,960 - cell_segmenter.gui.main_window - DEBUG - Updated overlay display
2026-03-05 16:23:17,963 - cell_segmenter.gui.main_window - DEBUG - Updated overlay display
2026-03-05 16:23:17,967 - cell_segmenter.gui.main_window - DEBUG - Updated overlay display
2026-03-05 16:23:17,985 - cell_segmenter.gui.main_window - DEBUG - Updated overlay display
2026-03-05 16:23:17,989 - cell_segmenter.gui.main_window - DEBUG - Updated overlay display
2026-03-05 16:23:17,992 - cell_segmenter.gui.main_window - DEBUG - Updated overlay display
2026-03-05 16:23:18,010 - cell_segmenter.gui.main_window - DEBUG - Updated overlay display
2026-03-05 16:23:18,014 - cell_segmenter.gui.main_window - DEBUG - Updated overlay display
2026-03-05 16:23:18,018 - cell_segmenter.gui.main_window - DEBUG - Updated overlay display
2026-03-05 16:23:18,036 - cell_segmenter.gui.main_window - DEBUG - Updated overlay display
2026-03-05 16:23:18,040 - cell_segmenter.gui.main_window - DEBUG - Updated overlay display
2026-03-05 16:23:18,044 - cell_segmenter.gui.main_window - DEBUG - Updated overlay display
2026-03-05 16:23:18,062 - cell_segmenter.gui.main_window - DEBUG - Updated overlay display
2026-03-05 16:23:18,066 - cell_segmenter.gui.main_window - DEBUG - Updated overlay display
2026-03-05 16:23:18,069 - cell_segmenter.gui.main_window - DEBUG - Updated overlay display
2026-03-05 16:23:18,087 - cell_segmenter.gui.main_window - DEBUG - Updated overlay display
2026-03-05 16:23:18,091 - cell_segmenter.gui.main_window - DEBUG - Updated overlay display
2026-03-05 16:23:18,094 - cell_segmenter.gui.main_window - DEBUG - Updated overlay display
2026-03-05 16:23:18,113 - cell_segmenter.gui.main_window - DEBUG - Updated overlay display
2026-03-05 16:23:18,117 - cell_segmenter.gui.main_window - DEBUG - Updated overlay display
2026-03-05 16:23:18,120 - cell_segmenter.gui.main_window - DEBUG - Updated overlay display
2026-03-05 16:23:18,138 - cell_segmenter.gui.main_window - DEBUG - Updated overlay display
2026-03-05 16:23:18,142 - cell_segmenter.gui.main_window - DEBUG - Updated overlay display
2026-03-05 16:23:18,160 - cell_segmenter.gui.main_window - DEBUG - Updated overlay display
2026-03-05 16:23:18,163 - cell_segmenter.gui.main_window - DEBUG - Updated overlay display
2026-03-05 16:23:18,167 - cell_segmenter.gui.main_window - DEBUG - Updated overlay display
2026-03-05 16:23:18,186 - cell_segmenter.gui.main_window - DEBUG - Updated overlay display
2026-03-05 16:23:18,189 - cell_segmenter.gui.main_window - DEBUG - Updated overlay display
2026-03-05 16:23:18,193 - cell_segmenter.gui.main_window - DEBUG - Updated overlay display
2026-03-05 16:23:18,211 - cell_segmenter.gui.main_window - DEBUG - Updated overlay display
2026-03-05 16:23:18,215 - cell_segmenter.gui.main_window - DEBUG - Updated overlay display
2026-03-05 16:23:18,218 - cell_segmenter.gui.main_window - DEBUG - Updated overlay display
2026-03-05 16:23:18,237 - cell_segmenter.gui.main_window - DEBUG - Updated overlay display
2026-03-05 16:23:18,241 - cell_segmenter.gui.main_window - DEBUG - Updated overlay display
2026-03-05 16:23:18,244 - cell_segmenter.gui.main_window - DEBUG - Updated overlay display
2026-03-05 16:23:18,262 - cell_segmenter.gui.main_window - DEBUG - Updated overlay display
2026-03-05 16:23:18,266 - cell_segmenter.gui.main_window - DEBUG - Updated overlay display
2026-03-05 16:23:18,270 - cell_segmenter.gui.main_window - DEBUG - Updated overlay display
2026-03-05 16:23:18,308 - cell_segmenter.gui.main_window - DEBUG - Updated overlay display
2026-03-05 16:23:18,312 - cell_segmenter.gui.main_window - DEBUG - Updated overlay display
2026-03-05 16:23:18,330 - cell_segmenter.gui.main_window - DEBUG - Updated overlay display
2026-03-05 16:23:18,334 - cell_segmenter.gui.main_window - DEBUG - Updated overlay display
2026-03-05 16:23:18,353 - cell_segmenter.gui.main_window - DEBUG - Updated overlay display
2026-03-05 16:23:18,356 - cell_segmenter.gui.main_window - DEBUG - Updated overlay display
2026-03-05 16:23:18,375 - cell_segmenter.gui.main_window - DEBUG - Updated overlay display
2026-03-05 16:23:18,379 - cell_segmenter.gui.main_window - DEBUG - Updated overlay display
2026-03-05 16:23:18,397 - cell_segmenter.gui.main_window - DEBUG - Updated overlay display
2026-03-05 16:23:18,401 - cell_segmenter.gui.main_window - DEBUG - Updated overlay display
2026-03-05 16:23:18,420 - cell_segmenter.gui.main_window - DEBUG - Updated overlay display
2026-03-05 16:23:18,423 - cell_segmenter.gui.main_window - DEBUG - Updated overlay display
2026-03-05 16:23:18,427 - cell_segmenter.gui.main_window - DEBUG - Updated overlay display
2026-03-05 16:23:18,445 - cell_segmenter.gui.main_window - DEBUG - Updated overlay display
2026-03-05 16:23:18,449 - cell_segmenter.gui.main_window - DEBUG - Updated overlay display
2026-03-05 16:23:18,467 - cell_segmenter.gui.main_window - DEBUG - Updated overlay display
2026-03-05 16:23:18,471 - cell_segmenter.gui.main_window - DEBUG - Updated overlay display
2026-03-05 16:23:18,489 - cell_segmenter.gui.main_window - DEBUG - Updated overlay display
2026-03-05 16:23:18,493 - cell_segmenter.gui.main_window - DEBUG - Updated overlay display
2026-03-05 16:23:18,497 - cell_segmenter.gui.main_window - DEBUG - Updated overlay display
2026-03-05 16:23:18,515 - cell_segmenter.gui.main_window - DEBUG - Updated overlay display
2026-03-05 16:23:18,519 - cell_segmenter.gui.main_window - DEBUG - Updated overlay display
2026-03-05 16:23:18,522 - cell_segmenter.gui.main_window - DEBUG - Updated overlay display
2026-03-05 16:23:18,541 - cell_segmenter.gui.main_window - DEBUG - Updated overlay display
2026-03-05 16:23:18,545 - cell_segmenter.gui.main_window - DEBUG - Updated overlay display
2026-03-05 16:23:18,563 - cell_segmenter.gui.main_window - DEBUG - Updated overlay display
2026-03-05 16:23:18,567 - cell_segmenter.gui.main_window - DEBUG - Updated overlay display
2026-03-05 16:23:18,570 - cell_segmenter.gui.main_window - DEBUG - Updated overlay display
2026-03-05 16:23:18,588 - cell_segmenter.gui.main_window - DEBUG - Updated overlay display
2026-03-05 16:23:18,592 - cell_segmenter.gui.main_window - DEBUG - Updated overlay display
2026-03-05 16:23:18,596 - cell_segmenter.gui.main_window - DEBUG - Updated overlay display
2026-03-05 16:23:18,614 - cell_segmenter.gui.main_window - DEBUG - Updated overlay display
2026-03-05 16:23:18,618 - cell_segmenter.gui.main_window - DEBUG - Updated overlay display
2026-03-05 16:23:18,622 - cell_segmenter.gui.main_window - DEBUG - Updated overlay display
2026-03-05 16:23:18,640 - cell_segmenter.gui.main_window - DEBUG - Updated overlay display
2026-03-05 16:23:18,644 - cell_segmenter.gui.main_window - DEBUG - Updated overlay display
2026-03-05 16:23:18,647 - cell_segmenter.gui.main_window - DEBUG - Updated overlay display
2026-03-05 16:23:18,665 - cell_segmenter.gui.main_window - DEBUG - Updated overlay display
2026-03-05 16:23:18,669 - cell_segmenter.gui.main_window - DEBUG - Updated overlay display
2026-03-05 16:23:18,672 - cell_segmenter.gui.main_window - DEBUG - Updated overlay display
2026-03-05 16:23:18,690 - cell_segmenter.gui.main_window - DEBUG - Updated overlay display
2026-03-05 16:23:18,694 - cell_segmenter.gui.main_window - DEBUG - Updated overlay display
2026-03-05 16:23:18,697 - cell_segmenter.gui.main_window - DEBUG - Updated overlay display
2026-03-05 16:23:18,715 - cell_segmenter.gui.main_window - DEBUG - Updated overlay display
2026-03-05 16:23:18,719 - cell_segmenter.gui.main_window - DEBUG - Updated overlay display
2026-03-05 16:23:18,723 - cell_segmenter.gui.main_window - DEBUG - Updated overlay display
2026-03-05 16:23:18,741 - cell_segmenter.gui.main_window - DEBUG - Updated overlay display
2026-03-05 16:23:18,745 - cell_segmenter.gui.main_window - DEBUG - Updated overlay display
2026-03-05 16:23:18,748 - cell_segmenter.gui.main_window - DEBUG - Updated overlay display
2026-03-05 16:23:18,766 - cell_segmenter.gui.main_window - DEBUG - Updated overlay display
2026-03-05 16:23:18,770 - cell_segmenter.gui.main_window - DEBUG - Updated overlay display
2026-03-05 16:23:18,799 - cell_segmenter.gui.main_window - DEBUG - Updated overlay display
2026-03-05 16:23:18,803 - cell_segmenter.gui.main_window - DEBUG - Updated overlay display
2026-03-05 16:23:18,821 - cell_segmenter.gui.main_window - DEBUG - Updated overlay display
2026-03-05 16:23:18,824 - cell_segmenter.gui.main_window - DEBUG - Updated overlay display
2026-03-05 16:23:18,842 - cell_segmenter.gui.main_window - DEBUG - Updated overlay display
2026-03-05 16:23:18,846 - cell_segmenter.gui.main_window - DEBUG - Updated overlay display
2026-03-05 16:23:18,864 - cell_segmenter.gui.main_window - DEBUG - Updated overlay display
2026-03-05 16:23:18,868 - cell_segmenter.gui.main_window - DEBUG - Updated overlay display
2026-03-05 16:23:18,886 - cell_segmenter.gui.main_window - DEBUG - Updated overlay display
2026-03-05 16:23:18,890 - cell_segmenter.gui.main_window - DEBUG - Updated overlay display
2026-03-05 16:23:18,908 - cell_segmenter.gui.main_window - DEBUG - Updated overlay display
2026-03-05 16:23:18,912 - cell_segmenter.gui.main_window - DEBUG - Updated overlay display
2026-03-05 16:23:18,915 - cell_segmenter.gui.main_window - DEBUG - Updated overlay display
2026-03-05 16:23:18,934 - cell_segmenter.gui.main_window - DEBUG - Updated overlay display
2026-03-05 16:23:18,938 - cell_segmenter.gui.main_window - DEBUG - Updated overlay display
2026-03-05 16:23:18,956 - cell_segmenter.gui.main_window - DEBUG - Updated overlay display
2026-03-05 16:23:18,959 - cell_segmenter.gui.main_window - DEBUG - Updated overlay display
2026-03-05 16:23:18,978 - cell_segmenter.gui.main_window - DEBUG - Updated overlay display
2026-03-05 16:23:18,982 - cell_segmenter.gui.main_window - DEBUG - Updated overlay display
2026-03-05 16:23:18,985 - cell_segmenter.gui.main_window - DEBUG - Updated overlay display
2026-03-05 16:23:19,004 - cell_segmenter.gui.main_window - DEBUG - Updated overlay display
2026-03-05 16:23:19,007 - cell_segmenter.gui.main_window - DEBUG - Updated overlay display
2026-03-05 16:23:19,011 - cell_segmenter.gui.main_window - DEBUG - Updated overlay display
2026-03-05 16:23:19,029 - cell_segmenter.gui.main_window - DEBUG - Updated overlay display
2026-03-05 16:23:19,033 - cell_segmenter.gui.main_window - DEBUG - Updated overlay display
2026-03-05 16:23:19,036 - cell_segmenter.gui.main_window - DEBUG - Updated overlay display
2026-03-05 16:23:19,055 - cell_segmenter.gui.main_window - DEBUG - Updated overlay display
2026-03-05 16:23:19,059 - cell_segmenter.gui.main_window - DEBUG - Updated overlay display
2026-03-05 16:23:19,077 - cell_segmenter.gui.main_window - DEBUG - Updated overlay display
2026-03-05 16:23:19,081 - cell_segmenter.gui.main_window - DEBUG - Updated overlay display
2026-03-05 16:23:19,084 - cell_segmenter.gui.main_window - DEBUG - Updated overlay display
2026-03-05 16:23:19,102 - cell_segmenter.gui.main_window - DEBUG - Updated overlay display
2026-03-05 16:23:19,106 - cell_segmenter.gui.main_window - DEBUG - Updated overlay display
2026-03-05 16:23:19,110 - cell_segmenter.gui.main_window - DEBUG - Updated overlay display
2026-03-05 16:23:19,128 - cell_segmenter.gui.main_window - DEBUG - Updated overlay display
2026-03-05 16:23:19,132 - cell_segmenter.gui.main_window - DEBUG - Updated overlay display
2026-03-05 16:23:19,135 - cell_segmenter.gui.main_window - DEBUG - Updated overlay display
2026-03-05 16:23:19,154 - cell_segmenter.gui.main_window - DEBUG - Updated overlay display
2026-03-05 16:23:19,157 - cell_segmenter.gui.main_window - DEBUG - Updated overlay display
2026-03-05 16:23:19,161 - cell_segmenter.gui.main_window - DEBUG - Updated overlay display
2026-03-05 16:23:19,179 - cell_segmenter.gui.main_window - DEBUG - Updated overlay display
2026-03-05 16:23:19,183 - cell_segmenter.gui.main_window - DEBUG - Updated overlay display
2026-03-05 16:23:19,187 - cell_segmenter.gui.main_window - DEBUG - Updated overlay display
2026-03-05 16:23:19,206 - cell_segmenter.gui.main_window - DEBUG - Updated overlay display
2026-03-05 16:23:19,210 - cell_segmenter.gui.main_window - DEBUG - Updated overlay display
2026-03-05 16:23:19,213 - cell_segmenter.gui.main_window - DEBUG - Updated overlay display
2026-03-05 16:23:19,232 - cell_segmenter.gui.main_window - DEBUG - Updated overlay display
2026-03-05 16:23:19,236 - cell_segmenter.gui.main_window - DEBUG - Updated overlay display
2026-03-05 16:23:19,240 - cell_segmenter.gui.main_window - DEBUG - Updated overlay display
2026-03-05 16:23:19,258 - cell_segmenter.gui.main_window - DEBUG - Updated overlay display
2026-03-05 16:23:19,262 - cell_segmenter.gui.main_window - DEBUG - Updated overlay display
2026-03-05 16:23:19,265 - cell_segmenter.gui.main_window - DEBUG - Updated overlay display
2026-03-05 16:23:19,284 - cell_segmenter.gui.main_window - DEBUG - Updated overlay display
2026-03-05 16:23:19,288 - cell_segmenter.gui.main_window - DEBUG - Updated overlay display
2026-03-05 16:23:19,291 - cell_segmenter.gui.main_window - DEBUG - Updated overlay display
2026-03-05 16:23:19,309 - cell_segmenter.gui.main_window - DEBUG - Updated overlay display
2026-03-05 16:23:19,313 - cell_segmenter.gui.main_window - DEBUG - Updated overlay display
2026-03-05 16:23:19,317 - cell_segmenter.gui.main_window - DEBUG - Updated overlay display
2026-03-05 16:23:19,335 - cell_segmenter.gui.main_window - DEBUG - Updated overlay display
2026-03-05 16:23:19,339 - cell_segmenter.gui.main_window - DEBUG - Updated overlay display
2026-03-05 16:23:19,342 - cell_segmenter.gui.main_window - DEBUG - Updated overlay display
2026-03-05 16:23:19,360 - cell_segmenter.gui.main_window - DEBUG - Updated overlay display
2026-03-05 16:23:19,364 - cell_segmenter.gui.main_window - DEBUG - Updated overlay display
2026-03-05 16:23:19,382 - cell_segmenter.gui.main_window - DEBUG - Updated overlay display
2026-03-05 16:23:19,386 - cell_segmenter.gui.main_window - DEBUG - Updated overlay display
2026-03-05 16:23:19,390 - cell_segmenter.gui.main_window - DEBUG - Updated overlay display
2026-03-05 16:23:19,408 - cell_segmenter.gui.main_window - DEBUG - Updated overlay display
2026-03-05 16:23:19,412 - cell_segmenter.gui.main_window - DEBUG - Updated overlay display
2026-03-05 16:23:19,416 - cell_segmenter.gui.main_window - DEBUG - Updated overlay display
2026-03-05 16:23:19,434 - cell_segmenter.gui.main_window - DEBUG - Updated overlay display
2026-03-05 16:23:19,438 - cell_segmenter.gui.main_window - DEBUG - Updated overlay display
2026-03-05 16:23:19,442 - cell_segmenter.gui.main_window - DEBUG - Updated overlay display
2026-03-05 16:23:19,460 - cell_segmenter.gui.main_window - DEBUG - Updated overlay display
2026-03-05 16:23:19,464 - cell_segmenter.gui.main_window - DEBUG - Updated overlay display
2026-03-05 16:23:19,467 - cell_segmenter.gui.main_window - DEBUG - Updated overlay display
2026-03-05 16:23:19,486 - cell_segmenter.gui.main_window - DEBUG - Updated overlay display
2026-03-05 16:23:19,490 - cell_segmenter.gui.main_window - DEBUG - Updated overlay display
2026-03-05 16:23:19,493 - cell_segmenter.gui.main_window - DEBUG - Updated overlay display
2026-03-05 16:23:19,511 - cell_segmenter.gui.main_window - DEBUG - Updated overlay display
2026-03-05 16:23:19,515 - cell_segmenter.gui.main_window - DEBUG - Updated overlay display
2026-03-05 16:23:19,534 - cell_segmenter.gui.main_window - DEBUG - Updated overlay display
2026-03-05 16:23:19,538 - cell_segmenter.gui.main_window - DEBUG - Updated overlay display
2026-03-05 16:23:19,541 - cell_segmenter.gui.main_window - DEBUG - Updated overlay display
2026-03-05 16:23:19,559 - cell_segmenter.gui.main_window - DEBUG - Updated overlay display
2026-03-05 16:23:19,564 - cell_segmenter.gui.main_window - DEBUG - Updated overlay display
2026-03-05 16:23:19,567 - cell_segmenter.gui.main_window - DEBUG - Updated overlay display
2026-03-05 16:23:19,586 - cell_segmenter.gui.main_window - DEBUG - Updated overlay display
2026-03-05 16:23:19,589 - cell_segmenter.gui.main_window - DEBUG - Updated overlay display
2026-03-05 16:23:19,593 - cell_segmenter.gui.main_window - DEBUG - Updated overlay display
2026-03-05 16:23:19,611 - cell_segmenter.gui.main_window - DEBUG - Updated overlay display
2026-03-05 16:23:19,615 - cell_segmenter.gui.main_window - DEBUG - Updated overlay display
2026-03-05 16:23:19,634 - cell_segmenter.gui.main_window - DEBUG - Updated overlay display
2026-03-05 16:23:19,638 - cell_segmenter.gui.main_window - DEBUG - Updated overlay display
2026-03-05 16:23:19,641 - cell_segmenter.gui.main_window - DEBUG - Updated overlay display
2026-03-05 16:23:19,659 - cell_segmenter.gui.main_window - DEBUG - Updated overlay display
2026-03-05 16:23:19,663 - cell_segmenter.gui.main_window - DEBUG - Updated overlay display
2026-03-05 16:23:19,667 - cell_segmenter.gui.main_window - DEBUG - Updated overlay display
2026-03-05 16:23:19,685 - cell_segmenter.gui.main_window - DEBUG - Updated overlay display
2026-03-05 16:23:19,689 - cell_segmenter.gui.main_window - DEBUG - Updated overlay display
2026-03-05 16:23:19,693 - cell_segmenter.gui.main_window - DEBUG - Updated overlay display
2026-03-05 16:23:19,711 - cell_segmenter.gui.main_window - DEBUG - Updated overlay display
2026-03-05 16:23:19,715 - cell_segmenter.gui.main_window - DEBUG - Updated overlay display
2026-03-05 16:23:19,718 - cell_segmenter.gui.main_window - DEBUG - Updated overlay display
2026-03-05 16:23:19,737 - cell_segmenter.gui.main_window - DEBUG - Updated overlay display
2026-03-05 16:23:19,740 - cell_segmenter.gui.main_window - DEBUG - Updated overlay display
2026-03-05 16:23:19,758 - cell_segmenter.gui.main_window - DEBUG - Updated overlay display
2026-03-05 16:23:19,762 - cell_segmenter.gui.main_window - DEBUG - Updated overlay display
2026-03-05 16:23:19,765 - cell_segmenter.gui.main_window - DEBUG - Updated overlay display
2026-03-05 16:23:19,784 - cell_segmenter.gui.main_window - DEBUG - Updated overlay display
2026-03-05 16:23:19,787 - cell_segmenter.gui.main_window - DEBUG - Updated overlay display
2026-03-05 16:23:19,791 - cell_segmenter.gui.main_window - DEBUG - Updated overlay display
2026-03-05 16:23:19,809 - cell_segmenter.gui.main_window - DEBUG - Updated overlay display
2026-03-05 16:23:19,813 - cell_segmenter.gui.main_window - DEBUG - Updated overlay display
2026-03-05 16:23:19,816 - cell_segmenter.gui.main_window - DEBUG - Updated overlay display
2026-03-05 16:23:19,834 - cell_segmenter.gui.main_window - DEBUG - Updated overlay display
2026-03-05 16:23:19,838 - cell_segmenter.gui.main_window - DEBUG - Updated overlay display
2026-03-05 16:23:19,856 - cell_segmenter.gui.main_window - DEBUG - Updated overlay display
2026-03-05 16:23:19,860 - cell_segmenter.gui.main_window - DEBUG - Updated overlay display
2026-03-05 16:23:19,864 - cell_segmenter.gui.main_window - DEBUG - Updated overlay display
2026-03-05 16:23:19,882 - cell_segmenter.gui.main_window - DEBUG - Updated overlay display
2026-03-05 16:23:19,887 - cell_segmenter.gui.main_window - DEBUG - Updated overlay display
2026-03-05 16:23:19,890 - cell_segmenter.gui.main_window - DEBUG - Updated overlay display
2026-03-05 16:23:19,908 - cell_segmenter.gui.main_window - DEBUG - Updated overlay display
2026-03-05 16:23:19,912 - cell_segmenter.gui.main_window - DEBUG - Updated overlay display
2026-03-05 16:23:19,916 - cell_segmenter.gui.main_window - DEBUG - Updated overlay display
2026-03-05 16:23:19,934 - cell_segmenter.gui.main_window - DEBUG - Updated overlay display
2026-03-05 16:23:19,938 - cell_segmenter.gui.main_window - DEBUG - Updated overlay display
2026-03-05 16:23:19,941 - cell_segmenter.gui.main_window - DEBUG - Updated overlay display
2026-03-05 16:23:19,959 - cell_segmenter.gui.main_window - DEBUG - Updated overlay display
2026-03-05 16:23:19,963 - cell_segmenter.gui.main_window - DEBUG - Updated overlay display
2026-03-05 16:23:19,967 - cell_segmenter.gui.main_window - DEBUG - Updated overlay display
2026-03-05 16:23:19,986 - cell_segmenter.gui.main_window - DEBUG - Updated overlay display
2026-03-05 16:23:19,989 - cell_segmenter.gui.main_window - DEBUG - Updated overlay display
2026-03-05 16:23:19,993 - cell_segmenter.gui.main_window - DEBUG - Updated overlay display
2026-03-05 16:23:20,012 - cell_segmenter.gui.main_window - DEBUG - Updated overlay display
2026-03-05 16:23:20,016 - cell_segmenter.gui.main_window - DEBUG - Updated overlay display
2026-03-05 16:23:20,020 - cell_segmenter.gui.main_window - DEBUG - Updated overlay display
2026-03-05 16:23:20,039 - cell_segmenter.gui.main_window - DEBUG - Updated overlay display
2026-03-05 16:23:20,042 - cell_segmenter.gui.main_window - DEBUG - Updated overlay display
2026-03-05 16:23:20,046 - cell_segmenter.gui.main_window - DEBUG - Updated overlay display
2026-03-05 16:23:20,064 - cell_segmenter.gui.main_window - DEBUG - Updated overlay display
2026-03-05 16:23:20,068 - cell_segmenter.gui.main_window - DEBUG - Updated overlay display
2026-03-05 16:23:20,071 - cell_segmenter.gui.main_window - DEBUG - Updated overlay display
2026-03-05 16:23:20,090 - cell_segmenter.gui.main_window - DEBUG - Updated overlay display
2026-03-05 16:23:20,093 - cell_segmenter.gui.main_window - DEBUG - Updated overlay display
2026-03-05 16:23:20,097 - cell_segmenter.gui.main_window - DEBUG - Updated overlay display
2026-03-05 16:23:20,116 - cell_segmenter.gui.main_window - DEBUG - Updated overlay display
2026-03-05 16:23:20,119 - cell_segmenter.gui.main_window - DEBUG - Updated overlay display
2026-03-05 16:23:20,123 - cell_segmenter.gui.main_window - DEBUG - Updated overlay display
2026-03-05 16:23:20,141 - cell_segmenter.gui.main_window - DEBUG - Updated overlay display
2026-03-05 16:23:20,145 - cell_segmenter.gui.main_window - DEBUG - Updated overlay display
2026-03-05 16:23:20,149 - cell_segmenter.gui.main_window - DEBUG - Updated overlay display
2026-03-05 16:23:20,167 - cell_segmenter.gui.main_window - DEBUG - Updated overlay display
2026-03-05 16:23:20,171 - cell_segmenter.gui.main_window - DEBUG - Updated overlay display
2026-03-05 16:23:20,189 - cell_segmenter.gui.main_window - DEBUG - Updated overlay display
2026-03-05 16:23:20,193 - cell_segmenter.gui.main_window - DEBUG - Updated overlay display
2026-03-05 16:23:20,197 - cell_segmenter.gui.main_window - DEBUG - Updated overlay display
2026-03-05 16:23:20,215 - cell_segmenter.gui.main_window - DEBUG - Updated overlay display
2026-03-05 16:23:20,219 - cell_segmenter.gui.main_window - DEBUG - Updated overlay display
2026-03-05 16:23:20,237 - cell_segmenter.gui.main_window - DEBUG - Updated overlay display
2026-03-05 16:23:20,241 - cell_segmenter.gui.main_window - DEBUG - Updated overlay display
2026-03-05 16:23:20,244 - cell_segmenter.gui.main_window - DEBUG - Updated overlay display
2026-03-05 16:23:20,262 - cell_segmenter.gui.main_window - DEBUG - Updated overlay display
2026-03-05 16:23:20,266 - cell_segmenter.gui.main_window - DEBUG - Updated overlay display
2026-03-05 16:23:20,285 - cell_segmenter.gui.main_window - DEBUG - Updated overlay display
2026-03-05 16:23:20,288 - cell_segmenter.gui.main_window - DEBUG - Updated overlay display
2026-03-05 16:23:20,307 - cell_segmenter.gui.main_window - DEBUG - Updated overlay display
2026-03-05 16:23:20,311 - cell_segmenter.gui.main_window - DEBUG - Updated overlay display
2026-03-05 16:23:20,315 - cell_segmenter.gui.main_window - DEBUG - Updated overlay display
2026-03-05 16:23:20,333 - cell_segmenter.gui.main_window - DEBUG - Updated overlay display
2026-03-05 16:23:20,337 - cell_segmenter.gui.main_window - DEBUG - Updated overlay display
2026-03-05 16:23:20,340 - cell_segmenter.gui.main_window - DEBUG - Updated overlay display
2026-03-05 16:23:20,359 - cell_segmenter.gui.main_window - DEBUG - Updated overlay display
2026-03-05 16:23:20,363 - cell_segmenter.gui.main_window - DEBUG - Updated overlay display
2026-03-05 16:23:20,366 - cell_segmenter.gui.main_window - DEBUG - Updated overlay display
2026-03-05 16:23:20,384 - cell_segmenter.gui.main_window - DEBUG - Updated overlay display
2026-03-05 16:23:20,388 - cell_segmenter.gui.main_window - DEBUG - Updated overlay display
2026-03-05 16:23:20,392 - cell_segmenter.gui.main_window - DEBUG - Updated overlay display
2026-03-05 16:23:20,410 - cell_segmenter.gui.main_window - DEBUG - Updated overlay display
2026-03-05 16:23:20,414 - cell_segmenter.gui.main_window - DEBUG - Updated overlay display
2026-03-05 16:23:20,418 - cell_segmenter.gui.main_window - DEBUG - Updated overlay display
2026-03-05 16:23:20,436 - cell_segmenter.gui.main_window - DEBUG - Updated overlay display
2026-03-05 16:23:20,440 - cell_segmenter.gui.main_window - DEBUG - Updated overlay display
2026-03-05 16:23:20,444 - cell_segmenter.gui.main_window - DEBUG - Updated overlay display
2026-03-05 16:23:20,462 - cell_segmenter.gui.main_window - DEBUG - Updated overlay display
2026-03-05 16:23:20,466 - cell_segmenter.gui.main_window - DEBUG - Updated overlay display
2026-03-05 16:23:20,470 - cell_segmenter.gui.main_window - DEBUG - Updated overlay display
2026-03-05 16:23:20,488 - cell_segmenter.gui.main_window - DEBUG - Updated overlay display
2026-03-05 16:23:20,492 - cell_segmenter.gui.main_window - DEBUG - Updated overlay display
2026-03-05 16:23:20,496 - cell_segmenter.gui.main_window - DEBUG - Updated overlay display
2026-03-05 16:23:20,514 - cell_segmenter.gui.main_window - DEBUG - Updated overlay display
2026-03-05 16:23:20,518 - cell_segmenter.gui.main_window - DEBUG - Updated overlay display
2026-03-05 16:23:20,522 - cell_segmenter.gui.main_window - DEBUG - Updated overlay display
2026-03-05 16:23:20,540 - cell_segmenter.gui.main_window - DEBUG - Updated overlay display
2026-03-05 16:23:20,544 - cell_segmenter.gui.main_window - DEBUG - Updated overlay display
2026-03-05 16:23:20,547 - cell_segmenter.gui.main_window - DEBUG - Updated overlay display
2026-03-05 16:23:20,566 - cell_segmenter.gui.main_window - DEBUG - Updated overlay display
2026-03-05 16:23:20,569 - cell_segmenter.gui.main_window - DEBUG - Updated overlay display
2026-03-05 16:23:20,573 - cell_segmenter.gui.main_window - DEBUG - Updated overlay display
2026-03-05 16:23:20,591 - cell_segmenter.gui.main_window - DEBUG - Updated overlay display
2026-03-05 16:23:20,595 - cell_segmenter.gui.main_window - DEBUG - Updated overlay display
2026-03-05 16:23:20,598 - cell_segmenter.gui.main_window - DEBUG - Updated overlay display
2026-03-05 16:23:20,617 - cell_segmenter.gui.main_window - DEBUG - Updated overlay display
2026-03-05 16:23:20,621 - cell_segmenter.gui.main_window - DEBUG - Updated overlay display
2026-03-05 16:23:20,624 - cell_segmenter.gui.main_window - DEBUG - Updated overlay display
2026-03-05 16:23:20,642 - cell_segmenter.gui.main_window - DEBUG - Updated overlay display
2026-03-05 16:23:20,646 - cell_segmenter.gui.main_window - DEBUG - Updated overlay display
2026-03-05 16:23:20,650 - cell_segmenter.gui.main_window - DEBUG - Updated overlay display
2026-03-05 16:23:20,668 - cell_segmenter.gui.main_window - DEBUG - Updated overlay display
2026-03-05 16:23:20,672 - cell_segmenter.gui.main_window - DEBUG - Updated overlay display
2026-03-05 16:23:20,690 - cell_segmenter.gui.main_window - DEBUG - Updated overlay display
2026-03-05 16:23:20,694 - cell_segmenter.gui.main_window - DEBUG - Updated overlay display
2026-03-05 16:23:20,697 - cell_segmenter.gui.main_window - DEBUG - Updated overlay display
2026-03-05 16:23:20,716 - cell_segmenter.gui.main_window - DEBUG - Updated overlay display
2026-03-05 16:23:20,719 - cell_segmenter.gui.main_window - DEBUG - Updated overlay display
2026-03-05 16:23:20,723 - cell_segmenter.gui.main_window - DEBUG - Updated overlay display
2026-03-05 16:23:20,741 - cell_segmenter.gui.main_window - DEBUG - Updated overlay display
2026-03-05 16:23:20,745 - cell_segmenter.gui.main_window - DEBUG - Updated overlay display
2026-03-05 16:23:20,749 - cell_segmenter.gui.main_window - DEBUG - Updated overlay display
2026-03-05 16:23:20,767 - cell_segmenter.gui.main_window - DEBUG - Updated overlay display
2026-03-05 16:23:20,771 - cell_segmenter.gui.main_window - DEBUG - Updated overlay display
2026-03-05 16:23:20,774 - cell_segmenter.gui.main_window - DEBUG - Updated overlay display
2026-03-05 16:23:20,793 - cell_segmenter.gui.main_window - DEBUG - Updated overlay display
2026-03-05 16:23:20,797 - cell_segmenter.gui.main_window - DEBUG - Updated overlay display
2026-03-05 16:23:20,800 - cell_segmenter.gui.main_window - DEBUG - Updated overlay display
2026-03-05 16:23:20,818 - cell_segmenter.gui.main_window - DEBUG - Updated overlay display
2026-03-05 16:23:20,822 - cell_segmenter.gui.main_window - DEBUG - Updated overlay display
2026-03-05 16:23:20,840 - cell_segmenter.gui.main_window - DEBUG - Updated overlay display
2026-03-05 16:23:20,844 - cell_segmenter.gui.main_window - DEBUG - Updated overlay display
2026-03-05 16:23:20,848 - cell_segmenter.gui.main_window - DEBUG - Updated overlay display
2026-03-05 16:23:20,866 - cell_segmenter.gui.main_window - DEBUG - Updated overlay display
2026-03-05 16:23:20,869 - cell_segmenter.gui.main_window - DEBUG - Updated overlay display
2026-03-05 16:23:20,873 - cell_segmenter.gui.main_window - DEBUG - Updated overlay display
2026-03-05 16:23:20,891 - cell_segmenter.gui.main_window - DEBUG - Updated overlay display
2026-03-05 16:23:20,895 - cell_segmenter.gui.main_window - DEBUG - Updated overlay display
2026-03-05 16:23:20,898 - cell_segmenter.gui.main_window - DEBUG - Updated overlay display
2026-03-05 16:23:20,917 - cell_segmenter.gui.main_window - DEBUG - Updated overlay display
2026-03-05 16:23:20,920 - cell_segmenter.gui.main_window - DEBUG - Updated overlay display
2026-03-05 16:23:20,924 - cell_segmenter.gui.main_window - DEBUG - Updated overlay display
2026-03-05 16:23:20,942 - cell_segmenter.gui.main_window - DEBUG - Updated overlay display
2026-03-05 16:23:20,946 - cell_segmenter.gui.main_window - DEBUG - Updated overlay display
2026-03-05 16:23:20,950 - cell_segmenter.gui.main_window - DEBUG - Updated overlay display
2026-03-05 16:23:20,968 - cell_segmenter.gui.main_window - DEBUG - Updated overlay display
2026-03-05 16:23:20,972 - cell_segmenter.gui.main_window - DEBUG - Updated overlay display
2026-03-05 16:23:20,975 - cell_segmenter.gui.main_window - DEBUG - Updated overlay display
2026-03-05 16:23:20,994 - cell_segmenter.gui.main_window - DEBUG - Updated overlay display
2026-03-05 16:23:20,997 - cell_segmenter.gui.main_window - DEBUG - Updated overlay display
2026-03-05 16:23:21,001 - cell_segmenter.gui.main_window - DEBUG - Updated overlay display
2026-03-05 16:23:21,019 - cell_segmenter.gui.main_window - DEBUG - Updated overlay display
2026-03-05 16:23:21,023 - cell_segmenter.gui.main_window - DEBUG - Updated overlay display
2026-03-05 16:23:21,027 - cell_segmenter.gui.main_window - DEBUG - Updated overlay display
2026-03-05 16:23:21,046 - cell_segmenter.gui.main_window - DEBUG - Updated overlay display
2026-03-05 16:23:21,049 - cell_segmenter.gui.main_window - DEBUG - Updated overlay display
2026-03-05 16:23:21,053 - cell_segmenter.gui.main_window - DEBUG - Updated overlay display
2026-03-05 16:23:21,071 - cell_segmenter.gui.main_window - DEBUG - Updated overlay display
2026-03-05 16:23:21,075 - cell_segmenter.gui.main_window - DEBUG - Updated overlay display
2026-03-05 16:23:21,079 - cell_segmenter.gui.main_window - DEBUG - Updated overlay display
2026-03-05 16:23:21,097 - cell_segmenter.gui.main_window - DEBUG - Updated overlay display
2026-03-05 16:23:21,101 - cell_segmenter.gui.main_window - DEBUG - Updated overlay display
2026-03-05 16:23:21,104 - cell_segmenter.gui.main_window - DEBUG - Updated overlay display
2026-03-05 16:23:21,123 - cell_segmenter.gui.main_window - DEBUG - Updated overlay display
2026-03-05 16:23:21,127 - cell_segmenter.gui.main_window - DEBUG - Updated overlay display
2026-03-05 16:23:21,130 - cell_segmenter.gui.main_window - DEBUG - Updated overlay display
2026-03-05 16:23:21,148 - cell_segmenter.gui.main_window - DEBUG - Updated overlay display
2026-03-05 16:23:21,152 - cell_segmenter.gui.main_window - DEBUG - Updated overlay display
2026-03-05 16:23:21,170 - cell_segmenter.gui.main_window - DEBUG - Updated overlay display
2026-03-05 16:23:21,174 - cell_segmenter.gui.main_window - DEBUG - Updated overlay display
2026-03-05 16:23:21,178 - cell_segmenter.gui.main_window - DEBUG - Updated overlay display
2026-03-05 16:23:21,196 - cell_segmenter.gui.main_window - DEBUG - Updated overlay display
2026-03-05 16:23:21,200 - cell_segmenter.gui.main_window - DEBUG - Updated overlay display
2026-03-05 16:23:21,204 - cell_segmenter.gui.main_window - DEBUG - Updated overlay display
2026-03-05 16:23:21,222 - cell_segmenter.gui.main_window - DEBUG - Updated overlay display
2026-03-05 16:23:21,226 - cell_segmenter.gui.main_window - DEBUG - Updated overlay display
2026-03-05 16:23:21,230 - cell_segmenter.gui.main_window - DEBUG - Updated overlay display
2026-03-05 16:23:21,248 - cell_segmenter.gui.main_window - DEBUG - Updated overlay display
2026-03-05 16:23:21,252 - cell_segmenter.gui.main_window - DEBUG - Updated overlay display
2026-03-05 16:23:21,256 - cell_segmenter.gui.main_window - DEBUG - Updated overlay display
2026-03-05 16:23:21,274 - cell_segmenter.gui.main_window - DEBUG - Updated overlay display
2026-03-05 16:23:21,278 - cell_segmenter.gui.main_window - DEBUG - Updated overlay display
2026-03-05 16:23:21,282 - cell_segmenter.gui.main_window - DEBUG - Updated overlay display
2026-03-05 16:23:21,300 - cell_segmenter.gui.main_window - DEBUG - Updated overlay display
2026-03-05 16:23:21,304 - cell_segmenter.gui.main_window - DEBUG - Updated overlay display
2026-03-05 16:23:21,308 - cell_segmenter.gui.main_window - DEBUG - Updated overlay display
2026-03-05 16:23:21,326 - cell_segmenter.gui.main_window - DEBUG - Updated overlay display
2026-03-05 16:23:21,330 - cell_segmenter.gui.main_window - DEBUG - Updated overlay display
2026-03-05 16:23:21,334 - cell_segmenter.gui.main_window - DEBUG - Updated overlay display
2026-03-05 16:23:21,351 - cell_segmenter.gui.main_window - DEBUG - Updated overlay display
2026-03-05 16:23:21,355 - cell_segmenter.gui.main_window - DEBUG - Updated overlay display
2026-03-05 16:23:21,373 - cell_segmenter.gui.main_window - DEBUG - Updated overlay display
2026-03-05 16:23:21,377 - cell_segmenter.gui.main_window - DEBUG - Updated overlay display
2026-03-05 16:23:21,381 - cell_segmenter.gui.main_window - DEBUG - Updated overlay display
2026-03-05 16:23:21,399 - cell_segmenter.gui.main_window - DEBUG - Updated overlay display
2026-03-05 16:23:21,403 - cell_segmenter.gui.main_window - DEBUG - Updated overlay display
2026-03-05 16:23:21,406 - cell_segmenter.gui.main_window - DEBUG - Updated overlay display
2026-03-05 16:23:21,425 - cell_segmenter.gui.main_window - DEBUG - Updated overlay display
2026-03-05 16:23:21,428 - cell_segmenter.gui.main_window - DEBUG - Updated overlay display
2026-03-05 16:23:21,432 - cell_segmenter.gui.main_window - DEBUG - Updated overlay display
2026-03-05 16:23:21,450 - cell_segmenter.gui.main_window - DEBUG - Updated overlay display
2026-03-05 16:23:21,454 - cell_segmenter.gui.main_window - DEBUG - Updated overlay display
2026-03-05 16:23:21,458 - cell_segmenter.gui.main_window - DEBUG - Updated overlay display
2026-03-05 16:23:21,476 - cell_segmenter.gui.main_window - DEBUG - Updated overlay display
2026-03-05 16:23:21,480 - cell_segmenter.gui.main_window - DEBUG - Updated overlay display
2026-03-05 16:23:21,483 - cell_segmenter.gui.main_window - DEBUG - Updated overlay display
2026-03-05 16:23:21,502 - cell_segmenter.gui.main_window - DEBUG - Updated overlay display
2026-03-05 16:23:21,506 - cell_segmenter.gui.main_window - DEBUG - Updated overlay display
2026-03-05 16:23:21,510 - cell_segmenter.gui.main_window - DEBUG - Updated overlay display
2026-03-05 16:23:21,528 - cell_segmenter.gui.main_window - DEBUG - Updated overlay display
2026-03-05 16:23:21,532 - cell_segmenter.gui.main_window - DEBUG - Updated overlay display
2026-03-05 16:23:21,536 - cell_segmenter.gui.main_window - DEBUG - Updated overlay display
2026-03-05 16:23:21,554 - cell_segmenter.gui.main_window - DEBUG - Updated overlay display
2026-03-05 16:23:21,558 - cell_segmenter.gui.main_window - DEBUG - Updated overlay display
2026-03-05 16:23:21,562 - cell_segmenter.gui.main_window - DEBUG - Updated overlay display
2026-03-05 16:23:21,580 - cell_segmenter.gui.main_window - DEBUG - Updated overlay display
2026-03-05 16:23:21,584 - cell_segmenter.gui.main_window - DEBUG - Updated overlay display
2026-03-05 16:23:21,587 - cell_segmenter.gui.main_window - DEBUG - Updated overlay display
2026-03-05 16:23:21,606 - cell_segmenter.gui.main_window - DEBUG - Updated overlay display
2026-03-05 16:23:21,610 - cell_segmenter.gui.main_window - DEBUG - Updated overlay display
2026-03-05 16:23:21,613 - cell_segmenter.gui.main_window - DEBUG - Updated overlay display
2026-03-05 16:23:21,631 - cell_segmenter.gui.main_window - DEBUG - Updated overlay display
2026-03-05 16:23:21,635 - cell_segmenter.gui.main_window - DEBUG - Updated overlay display
2026-03-05 16:23:21,639 - cell_segmenter.gui.main_window - DEBUG - Updated overlay display
2026-03-05 16:23:21,657 - cell_segmenter.gui.main_window - DEBUG - Updated overlay display
2026-03-05 16:23:21,661 - cell_segmenter.gui.main_window - DEBUG - Updated overlay display
2026-03-05 16:23:21,664 - cell_segmenter.gui.main_window - DEBUG - Updated overlay display
2026-03-05 16:23:21,682 - cell_segmenter.gui.main_window - DEBUG - Updated overlay display
2026-03-05 16:23:21,687 - cell_segmenter.gui.main_window - DEBUG - Updated overlay display
2026-03-05 16:23:21,691 - cell_segmenter.gui.main_window - DEBUG - Updated overlay display
2026-03-05 16:23:21,709 - cell_segmenter.gui.main_window - DEBUG - Updated overlay display
2026-03-05 16:23:21,713 - cell_segmenter.gui.main_window - DEBUG - Updated overlay display
2026-03-05 16:23:21,716 - cell_segmenter.gui.main_window - DEBUG - Updated overlay display
2026-03-05 16:23:21,735 - cell_segmenter.gui.main_window - DEBUG - Updated overlay display
2026-03-05 16:23:21,739 - cell_segmenter.gui.main_window - DEBUG - Updated overlay display
2026-03-05 16:23:21,743 - cell_segmenter.gui.main_window - DEBUG - Updated overlay display
2026-03-05 16:23:21,761 - cell_segmenter.gui.main_window - DEBUG - Updated overlay display
2026-03-05 16:23:21,765 - cell_segmenter.gui.main_window - DEBUG - Updated overlay display
2026-03-05 16:23:21,769 - cell_segmenter.gui.main_window - DEBUG - Updated overlay display
2026-03-05 16:23:21,787 - cell_segmenter.gui.main_window - DEBUG - Updated overlay display
2026-03-05 16:23:21,791 - cell_segmenter.gui.main_window - DEBUG - Updated overlay display
2026-03-05 16:23:21,809 - cell_segmenter.gui.main_window - DEBUG - Updated overlay display
2026-03-05 16:23:21,813 - cell_segmenter.gui.main_window - DEBUG - Updated overlay display
2026-03-05 16:23:21,832 - cell_segmenter.gui.main_window - DEBUG - Updated overlay display
2026-03-05 16:23:21,835 - cell_segmenter.gui.main_window - DEBUG - Updated overlay display
2026-03-05 16:23:21,839 - cell_segmenter.gui.main_window - DEBUG - Updated overlay display
2026-03-05 16:23:21,858 - cell_segmenter.gui.main_window - DEBUG - Updated overlay display
2026-03-05 16:23:21,862 - cell_segmenter.gui.main_window - DEBUG - Updated overlay display
2026-03-05 16:23:21,865 - cell_segmenter.gui.main_window - DEBUG - Updated overlay display
2026-03-05 16:23:21,884 - cell_segmenter.gui.main_window - DEBUG - Updated overlay display
2026-03-05 16:23:21,887 - cell_segmenter.gui.main_window - DEBUG - Updated overlay display
2026-03-05 16:23:21,891 - cell_segmenter.gui.main_window - DEBUG - Updated overlay display
2026-03-05 16:23:21,909 - cell_segmenter.gui.main_window - DEBUG - Updated overlay display
2026-03-05 16:23:21,913 - cell_segmenter.gui.main_window - DEBUG - Updated overlay display
2026-03-05 16:23:21,931 - cell_segmenter.gui.main_window - DEBUG - Updated overlay display
2026-03-05 16:23:21,935 - cell_segmenter.gui.main_window - DEBUG - Updated overlay display
2026-03-05 16:23:21,938 - cell_segmenter.gui.main_window - DEBUG - Updated overlay display
2026-03-05 16:23:21,957 - cell_segmenter.gui.main_window - DEBUG - Updated overlay display
2026-03-05 16:23:21,961 - cell_segmenter.gui.main_window - DEBUG - Updated overlay display
2026-03-05 16:23:30,007 - cell_segmenter.gui.main_window - DEBUG - Added new label: cell
2026-03-05 16:23:31,448 - cell_segmenter.gui.main_window - DEBUG - Updated brush size to 9
2026-03-05 16:23:31,637 - cell_segmenter.gui.main_window - DEBUG - Updated brush size to 10
2026-03-05 16:23:31,802 - cell_segmenter.gui.main_window - DEBUG - Updated brush size to 11
2026-03-05 16:23:31,973 - cell_segmenter.gui.main_window - DEBUG - Updated brush size to 12
2026-03-05 16:23:33,008 - cell_segmenter.gui.main_window - DEBUG - Updated overlay display
2026-03-05 16:23:33,042 - cell_segmenter.gui.main_window - DEBUG - Updated overlay display
2026-03-05 16:23:33,047 - cell_segmenter.gui.main_window - DEBUG - Updated overlay display
2026-03-05 16:23:33,069 - cell_segmenter.gui.main_window - DEBUG - Updated overlay display
2026-03-05 16:23:33,073 - cell_segmenter.gui.main_window - DEBUG - Updated overlay display
2026-03-05 16:23:33,077 - cell_segmenter.gui.main_window - DEBUG - Updated overlay display
2026-03-05 16:23:33,096 - cell_segmenter.gui.main_window - DEBUG - Updated overlay display
2026-03-05 16:23:33,100 - cell_segmenter.gui.main_window - DEBUG - Updated overlay display
2026-03-05 16:23:33,103 - cell_segmenter.gui.main_window - DEBUG - Updated overlay display
2026-03-05 16:23:33,123 - cell_segmenter.gui.main_window - DEBUG - Updated overlay display
2026-03-05 16:23:33,127 - cell_segmenter.gui.main_window - DEBUG - Updated overlay display
2026-03-05 16:23:33,131 - cell_segmenter.gui.main_window - DEBUG - Updated overlay display
2026-03-05 16:23:33,135 - cell_segmenter.gui.main_window - DEBUG - Updated overlay display
2026-03-05 16:23:33,153 - cell_segmenter.gui.main_window - DEBUG - Updated overlay display
2026-03-05 16:23:33,157 - cell_segmenter.gui.main_window - DEBUG - Updated overlay display
2026-03-05 16:23:33,161 - cell_segmenter.gui.main_window - DEBUG - Updated overlay display
2026-03-05 16:23:33,179 - cell_segmenter.gui.main_window - DEBUG - Updated overlay display
2026-03-05 16:23:33,183 - cell_segmenter.gui.main_window - DEBUG - Updated overlay display
2026-03-05 16:23:33,187 - cell_segmenter.gui.main_window - DEBUG - Updated overlay display
2026-03-05 16:23:33,205 - cell_segmenter.gui.main_window - DEBUG - Updated overlay display
2026-03-05 16:23:33,209 - cell_segmenter.gui.main_window - DEBUG - Updated overlay display
2026-03-05 16:23:33,212 - cell_segmenter.gui.main_window - DEBUG - Updated overlay display
2026-03-05 16:23:33,231 - cell_segmenter.gui.main_window - DEBUG - Updated overlay display
2026-03-05 16:23:33,235 - cell_segmenter.gui.main_window - DEBUG - Updated overlay display
2026-03-05 16:23:33,238 - cell_segmenter.gui.main_window - DEBUG - Updated overlay display
2026-03-05 16:23:33,256 - cell_segmenter.gui.main_window - DEBUG - Updated overlay display
2026-03-05 16:23:33,260 - cell_segmenter.gui.main_window - DEBUG - Updated overlay display
2026-03-05 16:23:33,264 - cell_segmenter.gui.main_window - DEBUG - Updated overlay display
2026-03-05 16:23:33,282 - cell_segmenter.gui.main_window - DEBUG - Updated overlay display
2026-03-05 16:23:33,286 - cell_segmenter.gui.main_window - DEBUG - Updated overlay display
2026-03-05 16:23:33,290 - cell_segmenter.gui.main_window - DEBUG - Updated overlay display
2026-03-05 16:23:33,308 - cell_segmenter.gui.main_window - DEBUG - Updated overlay display
2026-03-05 16:23:33,312 - cell_segmenter.gui.main_window - DEBUG - Updated overlay display
2026-03-05 16:23:33,316 - cell_segmenter.gui.main_window - DEBUG - Updated overlay display
2026-03-05 16:23:33,334 - cell_segmenter.gui.main_window - DEBUG - Updated overlay display
2026-03-05 16:23:33,338 - cell_segmenter.gui.main_window - DEBUG - Updated overlay display
2026-03-05 16:23:33,342 - cell_segmenter.gui.main_window - DEBUG - Updated overlay display
2026-03-05 16:23:33,360 - cell_segmenter.gui.main_window - DEBUG - Updated overlay display
2026-03-05 16:23:33,364 - cell_segmenter.gui.main_window - DEBUG - Updated overlay display
2026-03-05 16:23:33,368 - cell_segmenter.gui.main_window - DEBUG - Updated overlay display
2026-03-05 16:23:33,386 - cell_segmenter.gui.main_window - DEBUG - Updated overlay display
2026-03-05 16:23:33,390 - cell_segmenter.gui.main_window - DEBUG - Updated overlay display
2026-03-05 16:23:33,394 - cell_segmenter.gui.main_window - DEBUG - Updated overlay display
2026-03-05 16:23:33,412 - cell_segmenter.gui.main_window - DEBUG - Updated overlay display
2026-03-05 16:23:33,416 - cell_segmenter.gui.main_window - DEBUG - Updated overlay display
2026-03-05 16:23:33,420 - cell_segmenter.gui.main_window - DEBUG - Updated overlay display
2026-03-05 16:23:33,438 - cell_segmenter.gui.main_window - DEBUG - Updated overlay display
2026-03-05 16:23:33,442 - cell_segmenter.gui.main_window - DEBUG - Updated overlay display
2026-03-05 16:23:33,446 - cell_segmenter.gui.main_window - DEBUG - Updated overlay display
2026-03-05 16:23:33,464 - cell_segmenter.gui.main_window - DEBUG - Updated overlay display
2026-03-05 16:23:33,468 - cell_segmenter.gui.main_window - DEBUG - Updated overlay display
2026-03-05 16:23:33,472 - cell_segmenter.gui.main_window - DEBUG - Updated overlay display
2026-03-05 16:23:33,491 - cell_segmenter.gui.main_window - DEBUG - Updated overlay display
2026-03-05 16:23:33,495 - cell_segmenter.gui.main_window - DEBUG - Updated overlay display
2026-03-05 16:23:33,499 - cell_segmenter.gui.main_window - DEBUG - Updated overlay display
2026-03-05 16:23:33,517 - cell_segmenter.gui.main_window - DEBUG - Updated overlay display
2026-03-05 16:23:33,521 - cell_segmenter.gui.main_window - DEBUG - Updated overlay display
2026-03-05 16:23:33,525 - cell_segmenter.gui.main_window - DEBUG - Updated overlay display
2026-03-05 16:23:33,544 - cell_segmenter.gui.main_window - DEBUG - Updated overlay display
2026-03-05 16:23:33,548 - cell_segmenter.gui.main_window - DEBUG - Updated overlay display
2026-03-05 16:23:33,566 - cell_segmenter.gui.main_window - DEBUG - Updated overlay display
2026-03-05 16:23:33,570 - cell_segmenter.gui.main_window - DEBUG - Updated overlay display
2026-03-05 16:23:33,574 - cell_segmenter.gui.main_window - DEBUG - Updated overlay display
2026-03-05 16:23:33,592 - cell_segmenter.gui.main_window - DEBUG - Updated overlay display
2026-03-05 16:23:33,596 - cell_segmenter.gui.main_window - DEBUG - Updated overlay display
2026-03-05 16:23:33,600 - cell_segmenter.gui.main_window - DEBUG - Updated overlay display
2026-03-05 16:23:33,618 - cell_segmenter.gui.main_window - DEBUG - Updated overlay display
2026-03-05 16:23:33,622 - cell_segmenter.gui.main_window - DEBUG - Updated overlay display
2026-03-05 16:23:33,626 - cell_segmenter.gui.main_window - DEBUG - Updated overlay display
2026-03-05 16:23:33,645 - cell_segmenter.gui.main_window - DEBUG - Updated overlay display
2026-03-05 16:23:33,649 - cell_segmenter.gui.main_window - DEBUG - Updated overlay display
2026-03-05 16:23:33,653 - cell_segmenter.gui.main_window - DEBUG - Updated overlay display
2026-03-05 16:23:33,671 - cell_segmenter.gui.main_window - DEBUG - Updated overlay display
2026-03-05 16:23:33,676 - cell_segmenter.gui.main_window - DEBUG - Updated overlay display
2026-03-05 16:23:33,681 - cell_segmenter.gui.main_window - DEBUG - Updated overlay display
2026-03-05 16:23:33,699 - cell_segmenter.gui.main_window - DEBUG - Updated overlay display
2026-03-05 16:23:33,703 - cell_segmenter.gui.main_window - DEBUG - Updated overlay display
2026-03-05 16:23:33,709 - cell_segmenter.gui.main_window - DEBUG - Updated overlay display
2026-03-05 16:23:33,727 - cell_segmenter.gui.main_window - DEBUG - Updated overlay display
2026-03-05 16:23:33,731 - cell_segmenter.gui.main_window - DEBUG - Updated overlay display
2026-03-05 16:23:33,735 - cell_segmenter.gui.main_window - DEBUG - Updated overlay display
2026-03-05 16:23:33,753 - cell_segmenter.gui.main_window - DEBUG - Updated overlay display
2026-03-05 16:23:33,758 - cell_segmenter.gui.main_window - DEBUG - Updated overlay display
2026-03-05 16:23:33,761 - cell_segmenter.gui.main_window - DEBUG - Updated overlay display
2026-03-05 16:23:33,781 - cell_segmenter.gui.main_window - DEBUG - Updated overlay display
2026-03-05 16:23:33,785 - cell_segmenter.gui.main_window - DEBUG - Updated overlay display
2026-03-05 16:23:33,788 - cell_segmenter.gui.main_window - DEBUG - Updated overlay display
2026-03-05 16:23:33,792 - cell_segmenter.gui.main_window - DEBUG - Updated overlay display
2026-03-05 16:23:33,811 - cell_segmenter.gui.main_window - DEBUG - Updated overlay display
2026-03-05 16:23:33,815 - cell_segmenter.gui.main_window - DEBUG - Updated overlay display
2026-03-05 16:23:33,819 - cell_segmenter.gui.main_window - DEBUG - Updated overlay display
2026-03-05 16:23:33,838 - cell_segmenter.gui.main_window - DEBUG - Updated overlay display
2026-03-05 16:23:33,842 - cell_segmenter.gui.main_window - DEBUG - Updated overlay display
2026-03-05 16:23:37,749 - cell_segmenter.gui.main_window - DEBUG - Updated overlay display
2026-03-05 16:23:37,750 - cell_segmenter.gui.main_window - DEBUG - Removed training data for frame 0
2026-03-05 16:23:40,099 - cell_segmenter.gui.main_window - DEBUG - Updated overlay display
2026-03-05 16:23:40,099 - cell_segmenter.gui.main_window - DEBUG - Selected label: cell
2026-03-05 16:23:40,910 - cell_segmenter.gui.main_window - DEBUG - Updated overlay display
2026-03-05 16:23:40,910 - cell_segmenter.gui.main_window - DEBUG - Selected label: cell
2026-03-05 16:23:43,263 - cell_segmenter.gui.main_window - DEBUG - Updated brush size to 13
2026-03-05 16:23:43,448 - cell_segmenter.gui.main_window - DEBUG - Updated brush size to 14
2026-03-05 16:23:43,628 - cell_segmenter.gui.main_window - DEBUG - Updated brush size to 15
2026-03-05 16:23:48,950 - cell_segmenter.gui.main_window - DEBUG - Updated overlay display
2026-03-05 16:23:48,950 - cell_segmenter.gui.main_window - DEBUG - Selected label: cell
2026-03-05 16:23:49,793 - cell_segmenter.gui.main_window - DEBUG - Updated overlay display
2026-03-05 16:23:49,793 - cell_segmenter.gui.main_window - DEBUG - Selected label: bg
2026-03-05 16:23:50,293 - cell_segmenter.gui.main_window - DEBUG - Updated overlay display
2026-03-05 16:23:50,294 - cell_segmenter.gui.main_window - DEBUG - Selected label: bg
2026-03-05 16:23:52,755 - cell_segmenter.gui.main_window - DEBUG - Updated overlay display
2026-03-05 16:23:52,791 - cell_segmenter.gui.main_window - DEBUG - Updated overlay display
2026-03-05 16:23:52,796 - cell_segmenter.gui.main_window - DEBUG - Updated overlay display
2026-03-05 16:23:52,818 - cell_segmenter.gui.main_window - DEBUG - Updated overlay display
2026-03-05 16:23:52,821 - cell_segmenter.gui.main_window - DEBUG - Updated overlay display
2026-03-05 16:23:52,840 - cell_segmenter.gui.main_window - DEBUG - Updated overlay display
2026-03-05 16:23:52,843 - cell_segmenter.gui.main_window - DEBUG - Updated overlay display
2026-03-05 16:23:52,847 - cell_segmenter.gui.main_window - DEBUG - Updated overlay display
2026-03-05 16:23:52,865 - cell_segmenter.gui.main_window - DEBUG - Updated overlay display
2026-03-05 16:23:52,868 - cell_segmenter.gui.main_window - DEBUG - Updated overlay display
2026-03-05 16:23:52,886 - cell_segmenter.gui.main_window - DEBUG - Updated overlay display
2026-03-05 16:23:52,890 - cell_segmenter.gui.main_window - DEBUG - Updated overlay display
2026-03-05 16:23:52,908 - cell_segmenter.gui.main_window - DEBUG - Updated overlay display
2026-03-05 16:23:52,912 - cell_segmenter.gui.main_window - DEBUG - Updated overlay display
2026-03-05 16:23:52,915 - cell_segmenter.gui.main_window - DEBUG - Updated overlay display
2026-03-05 16:23:52,933 - cell_segmenter.gui.main_window - DEBUG - Updated overlay display
2026-03-05 16:23:52,937 - cell_segmenter.gui.main_window - DEBUG - Updated overlay display
2026-03-05 16:23:52,940 - cell_segmenter.gui.main_window - DEBUG - Updated overlay display
2026-03-05 16:23:52,958 - cell_segmenter.gui.main_window - DEBUG - Updated overlay display
2026-03-05 16:23:52,961 - cell_segmenter.gui.main_window - DEBUG - Updated overlay display
2026-03-05 16:23:52,965 - cell_segmenter.gui.main_window - DEBUG - Updated overlay display
2026-03-05 16:23:52,983 - cell_segmenter.gui.main_window - DEBUG - Updated overlay display
2026-03-05 16:23:52,986 - cell_segmenter.gui.main_window - DEBUG - Updated overlay display
2026-03-05 16:23:52,989 - cell_segmenter.gui.main_window - DEBUG - Updated overlay display
2026-03-05 16:23:53,007 - cell_segmenter.gui.main_window - DEBUG - Updated overlay display
2026-03-05 16:23:53,011 - cell_segmenter.gui.main_window - DEBUG - Updated overlay display
2026-03-05 16:23:53,014 - cell_segmenter.gui.main_window - DEBUG - Updated overlay display
2026-03-05 16:23:53,032 - cell_segmenter.gui.main_window - DEBUG - Updated overlay display
2026-03-05 16:23:53,035 - cell_segmenter.gui.main_window - DEBUG - Updated overlay display
2026-03-05 16:23:53,039 - cell_segmenter.gui.main_window - DEBUG - Updated overlay display
2026-03-05 16:23:53,057 - cell_segmenter.gui.main_window - DEBUG - Updated overlay display
2026-03-05 16:23:53,060 - cell_segmenter.gui.main_window - DEBUG - Updated overlay display
2026-03-05 16:23:53,063 - cell_segmenter.gui.main_window - DEBUG - Updated overlay display
2026-03-05 16:23:53,081 - cell_segmenter.gui.main_window - DEBUG - Updated overlay display
2026-03-05 16:23:53,085 - cell_segmenter.gui.main_window - DEBUG - Updated overlay display
2026-03-05 16:23:53,088 - cell_segmenter.gui.main_window - DEBUG - Updated overlay display
2026-03-05 16:23:53,106 - cell_segmenter.gui.main_window - DEBUG - Updated overlay display
2026-03-05 16:23:53,109 - cell_segmenter.gui.main_window - DEBUG - Updated overlay display
2026-03-05 16:23:53,112 - cell_segmenter.gui.main_window - DEBUG - Updated overlay display
2026-03-05 16:23:53,130 - cell_segmenter.gui.main_window - DEBUG - Updated overlay display
2026-03-05 16:23:53,134 - cell_segmenter.gui.main_window - DEBUG - Updated overlay display
2026-03-05 16:23:53,137 - cell_segmenter.gui.main_window - DEBUG - Updated overlay display
2026-03-05 16:23:53,155 - cell_segmenter.gui.main_window - DEBUG - Updated overlay display
2026-03-05 16:23:53,158 - cell_segmenter.gui.main_window - DEBUG - Updated overlay display
2026-03-05 16:23:53,228 - cell_segmenter.gui.main_window - DEBUG - Updated overlay display
2026-03-05 16:23:53,233 - cell_segmenter.gui.main_window - DEBUG - Updated overlay display
2026-03-05 16:23:53,252 - cell_segmenter.gui.main_window - DEBUG - Updated overlay display
2026-03-05 16:23:53,256 - cell_segmenter.gui.main_window - DEBUG - Updated overlay display
2026-03-05 16:23:53,274 - cell_segmenter.gui.main_window - DEBUG - Updated overlay display
2026-03-05 16:23:53,277 - cell_segmenter.gui.main_window - DEBUG - Updated overlay display
2026-03-05 16:23:53,295 - cell_segmenter.gui.main_window - DEBUG - Updated overlay display
2026-03-05 16:23:53,299 - cell_segmenter.gui.main_window - DEBUG - Updated overlay display
2026-03-05 16:23:53,316 - cell_segmenter.gui.main_window - DEBUG - Updated overlay display
2026-03-05 16:23:53,320 - cell_segmenter.gui.main_window - DEBUG - Updated overlay display
2026-03-05 16:23:53,337 - cell_segmenter.gui.main_window - DEBUG - Updated overlay display
2026-03-05 16:23:53,341 - cell_segmenter.gui.main_window - DEBUG - Updated overlay display
2026-03-05 16:23:53,359 - cell_segmenter.gui.main_window - DEBUG - Updated overlay display
2026-03-05 16:23:53,362 - cell_segmenter.gui.main_window - DEBUG - Updated overlay display
2026-03-05 16:23:53,380 - cell_segmenter.gui.main_window - DEBUG - Updated overlay display
2026-03-05 16:23:53,383 - cell_segmenter.gui.main_window - DEBUG - Updated overlay display
2026-03-05 16:23:53,387 - cell_segmenter.gui.main_window - DEBUG - Updated overlay display
2026-03-05 16:23:53,404 - cell_segmenter.gui.main_window - DEBUG - Updated overlay display
2026-03-05 16:23:53,408 - cell_segmenter.gui.main_window - DEBUG - Updated overlay display
2026-03-05 16:23:53,426 - cell_segmenter.gui.main_window - DEBUG - Updated overlay display
2026-03-05 16:23:53,429 - cell_segmenter.gui.main_window - DEBUG - Updated overlay display
2026-03-05 16:23:53,448 - cell_segmenter.gui.main_window - DEBUG - Updated overlay display
2026-03-05 16:23:53,451 - cell_segmenter.gui.main_window - DEBUG - Updated overlay display
2026-03-05 16:23:53,454 - cell_segmenter.gui.main_window - DEBUG - Updated overlay display
2026-03-05 16:23:53,472 - cell_segmenter.gui.main_window - DEBUG - Updated overlay display
2026-03-05 16:23:53,476 - cell_segmenter.gui.main_window - DEBUG - Updated overlay display
2026-03-05 16:23:53,480 - cell_segmenter.gui.main_window - DEBUG - Updated overlay display
2026-03-05 16:23:53,498 - cell_segmenter.gui.main_window - DEBUG - Updated overlay display
2026-03-05 16:23:53,501 - cell_segmenter.gui.main_window - DEBUG - Updated overlay display
2026-03-05 16:23:53,505 - cell_segmenter.gui.main_window - DEBUG - Updated overlay display
2026-03-05 16:23:53,523 - cell_segmenter.gui.main_window - DEBUG - Updated overlay display
2026-03-05 16:23:53,526 - cell_segmenter.gui.main_window - DEBUG - Updated overlay display
2026-03-05 16:23:53,530 - cell_segmenter.gui.main_window - DEBUG - Updated overlay display
2026-03-05 16:23:53,548 - cell_segmenter.gui.main_window - DEBUG - Updated overlay display
2026-03-05 16:23:53,551 - cell_segmenter.gui.main_window - DEBUG - Updated overlay display
2026-03-05 16:23:53,555 - cell_segmenter.gui.main_window - DEBUG - Updated overlay display
2026-03-05 16:23:53,573 - cell_segmenter.gui.main_window - DEBUG - Updated overlay display
2026-03-05 16:23:53,576 - cell_segmenter.gui.main_window - DEBUG - Updated overlay display
2026-03-05 16:23:53,579 - cell_segmenter.gui.main_window - DEBUG - Updated overlay display
2026-03-05 16:23:53,598 - cell_segmenter.gui.main_window - DEBUG - Updated overlay display
2026-03-05 16:23:53,601 - cell_segmenter.gui.main_window - DEBUG - Updated overlay display
2026-03-05 16:23:53,605 - cell_segmenter.gui.main_window - DEBUG - Updated overlay display
2026-03-05 16:23:53,623 - cell_segmenter.gui.main_window - DEBUG - Updated overlay display
2026-03-05 16:23:53,627 - cell_segmenter.gui.main_window - DEBUG - Updated overlay display
2026-03-05 16:23:53,630 - cell_segmenter.gui.main_window - DEBUG - Updated overlay display
2026-03-05 16:23:53,648 - cell_segmenter.gui.main_window - DEBUG - Updated overlay display
2026-03-05 16:23:53,652 - cell_segmenter.gui.main_window - DEBUG - Updated overlay display
2026-03-05 16:23:53,655 - cell_segmenter.gui.main_window - DEBUG - Updated overlay display
2026-03-05 16:23:53,673 - cell_segmenter.gui.main_window - DEBUG - Updated overlay display
2026-03-05 16:23:53,677 - cell_segmenter.gui.main_window - DEBUG - Updated overlay display
2026-03-05 16:23:53,680 - cell_segmenter.gui.main_window - DEBUG - Updated overlay display
2026-03-05 16:23:53,699 - cell_segmenter.gui.main_window - DEBUG - Updated overlay display
2026-03-05 16:23:53,703 - cell_segmenter.gui.main_window - DEBUG - Updated overlay display
2026-03-05 16:23:53,706 - cell_segmenter.gui.main_window - DEBUG - Updated overlay display
2026-03-05 16:23:53,724 - cell_segmenter.gui.main_window - DEBUG - Updated overlay display
2026-03-05 16:23:53,728 - cell_segmenter.gui.main_window - DEBUG - Updated overlay display
2026-03-05 16:23:53,746 - cell_segmenter.gui.main_window - DEBUG - Updated overlay display
2026-03-05 16:23:53,749 - cell_segmenter.gui.main_window - DEBUG - Updated overlay display
2026-03-05 16:23:53,753 - cell_segmenter.gui.main_window - DEBUG - Updated overlay display
2026-03-05 16:23:53,771 - cell_segmenter.gui.main_window - DEBUG - Updated overlay display
2026-03-05 16:23:53,774 - cell_segmenter.gui.main_window - DEBUG - Updated overlay display
2026-03-05 16:23:53,778 - cell_segmenter.gui.main_window - DEBUG - Updated overlay display
2026-03-05 16:23:53,796 - cell_segmenter.gui.main_window - DEBUG - Updated overlay display
2026-03-05 16:23:53,799 - cell_segmenter.gui.main_window - DEBUG - Updated overlay display
2026-03-05 16:23:53,803 - cell_segmenter.gui.main_window - DEBUG - Updated overlay display
2026-03-05 16:23:53,821 - cell_segmenter.gui.main_window - DEBUG - Updated overlay display
2026-03-05 16:23:53,824 - cell_segmenter.gui.main_window - DEBUG - Updated overlay display
2026-03-05 16:23:53,842 - cell_segmenter.gui.main_window - DEBUG - Updated overlay display
2026-03-05 16:23:53,846 - cell_segmenter.gui.main_window - DEBUG - Updated overlay display
2026-03-05 16:23:53,850 - cell_segmenter.gui.main_window - DEBUG - Updated overlay display
2026-03-05 16:23:53,868 - cell_segmenter.gui.main_window - DEBUG - Updated overlay display
2026-03-05 16:23:53,871 - cell_segmenter.gui.main_window - DEBUG - Updated overlay display
2026-03-05 16:23:53,875 - cell_segmenter.gui.main_window - DEBUG - Updated overlay display
2026-03-05 16:23:53,893 - cell_segmenter.gui.main_window - DEBUG - Updated overlay display
2026-03-05 16:23:53,896 - cell_segmenter.gui.main_window - DEBUG - Updated overlay display
2026-03-05 16:23:53,900 - cell_segmenter.gui.main_window - DEBUG - Updated overlay display
2026-03-05 16:23:53,918 - cell_segmenter.gui.main_window - DEBUG - Updated overlay display
2026-03-05 16:23:53,921 - cell_segmenter.gui.main_window - DEBUG - Updated overlay display
2026-03-05 16:23:53,925 - cell_segmenter.gui.main_window - DEBUG - Updated overlay display
2026-03-05 16:23:53,943 - cell_segmenter.gui.main_window - DEBUG - Updated overlay display
2026-03-05 16:23:53,946 - cell_segmenter.gui.main_window - DEBUG - Updated overlay display
2026-03-05 16:23:53,950 - cell_segmenter.gui.main_window - DEBUG - Updated overlay display
2026-03-05 16:23:53,968 - cell_segmenter.gui.main_window - DEBUG - Updated overlay display
2026-03-05 16:23:53,972 - cell_segmenter.gui.main_window - DEBUG - Updated overlay display
2026-03-05 16:23:53,975 - cell_segmenter.gui.main_window - DEBUG - Updated overlay display
2026-03-05 16:23:53,993 - cell_segmenter.gui.main_window - DEBUG - Updated overlay display
2026-03-05 16:23:53,997 - cell_segmenter.gui.main_window - DEBUG - Updated overlay display
2026-03-05 16:23:54,000 - cell_segmenter.gui.main_window - DEBUG - Updated overlay display
2026-03-05 16:23:54,018 - cell_segmenter.gui.main_window - DEBUG - Updated overlay display
2026-03-05 16:23:54,022 - cell_segmenter.gui.main_window - DEBUG - Updated overlay display
2026-03-05 16:23:54,025 - cell_segmenter.gui.main_window - DEBUG - Updated overlay display
2026-03-05 16:23:54,043 - cell_segmenter.gui.main_window - DEBUG - Updated overlay display
2026-03-05 16:23:54,047 - cell_segmenter.gui.main_window - DEBUG - Updated overlay display
2026-03-05 16:23:54,050 - cell_segmenter.gui.main_window - DEBUG - Updated overlay display
2026-03-05 16:23:54,068 - cell_segmenter.gui.main_window - DEBUG - Updated overlay display
2026-03-05 16:23:54,072 - cell_segmenter.gui.main_window - DEBUG - Updated overlay display
2026-03-05 16:23:54,075 - cell_segmenter.gui.main_window - DEBUG - Updated overlay display
2026-03-05 16:23:54,093 - cell_segmenter.gui.main_window - DEBUG - Updated overlay display
2026-03-05 16:23:54,097 - cell_segmenter.gui.main_window - DEBUG - Updated overlay display
2026-03-05 16:23:54,100 - cell_segmenter.gui.main_window - DEBUG - Updated overlay display
2026-03-05 16:23:54,118 - cell_segmenter.gui.main_window - DEBUG - Updated overlay display
2026-03-05 16:23:54,122 - cell_segmenter.gui.main_window - DEBUG - Updated overlay display
2026-03-05 16:23:54,125 - cell_segmenter.gui.main_window - DEBUG - Updated overlay display
2026-03-05 16:23:54,143 - cell_segmenter.gui.main_window - DEBUG - Updated overlay display
2026-03-05 16:23:54,147 - cell_segmenter.gui.main_window - DEBUG - Updated overlay display
2026-03-05 16:23:54,165 - cell_segmenter.gui.main_window - DEBUG - Updated overlay display
2026-03-05 16:23:54,169 - cell_segmenter.gui.main_window - DEBUG - Updated overlay display
2026-03-05 16:23:54,172 - cell_segmenter.gui.main_window - DEBUG - Updated overlay display
2026-03-05 16:23:54,190 - cell_segmenter.gui.main_window - DEBUG - Updated overlay display
2026-03-05 16:23:54,194 - cell_segmenter.gui.main_window - DEBUG - Updated overlay display
2026-03-05 16:23:54,197 - cell_segmenter.gui.main_window - DEBUG - Updated overlay display
2026-03-05 16:23:54,215 - cell_segmenter.gui.main_window - DEBUG - Updated overlay display
2026-03-05 16:23:54,219 - cell_segmenter.gui.main_window - DEBUG - Updated overlay display
2026-03-05 16:23:54,222 - cell_segmenter.gui.main_window - DEBUG - Updated overlay display
2026-03-05 16:23:54,240 - cell_segmenter.gui.main_window - DEBUG - Updated overlay display
2026-03-05 16:23:54,244 - cell_segmenter.gui.main_window - DEBUG - Updated overlay display
2026-03-05 16:23:54,248 - cell_segmenter.gui.main_window - DEBUG - Updated overlay display
2026-03-05 16:23:54,265 - cell_segmenter.gui.main_window - DEBUG - Updated overlay display
2026-03-05 16:23:54,269 - cell_segmenter.gui.main_window - DEBUG - Updated overlay display
2026-03-05 16:23:54,272 - cell_segmenter.gui.main_window - DEBUG - Updated overlay display
2026-03-05 16:23:54,290 - cell_segmenter.gui.main_window - DEBUG - Updated overlay display
2026-03-05 16:23:54,294 - cell_segmenter.gui.main_window - DEBUG - Updated overlay display
2026-03-05 16:23:54,297 - cell_segmenter.gui.main_window - DEBUG - Updated overlay display
2026-03-05 16:23:54,315 - cell_segmenter.gui.main_window - DEBUG - Updated overlay display
2026-03-05 16:23:54,319 - cell_segmenter.gui.main_window - DEBUG - Updated overlay display
2026-03-05 16:23:54,322 - cell_segmenter.gui.main_window - DEBUG - Updated overlay display
2026-03-05 16:23:54,340 - cell_segmenter.gui.main_window - DEBUG - Updated overlay display
2026-03-05 16:23:54,344 - cell_segmenter.gui.main_window - DEBUG - Updated overlay display
2026-03-05 16:23:54,347 - cell_segmenter.gui.main_window - DEBUG - Updated overlay display
2026-03-05 16:23:54,365 - cell_segmenter.gui.main_window - DEBUG - Updated overlay display
2026-03-05 16:23:54,369 - cell_segmenter.gui.main_window - DEBUG - Updated overlay display
2026-03-05 16:23:54,388 - cell_segmenter.gui.main_window - DEBUG - Updated overlay display
2026-03-05 16:23:54,391 - cell_segmenter.gui.main_window - DEBUG - Updated overlay display
2026-03-05 16:23:54,395 - cell_segmenter.gui.main_window - DEBUG - Updated overlay display
2026-03-05 16:23:54,414 - cell_segmenter.gui.main_window - DEBUG - Updated overlay display
2026-03-05 16:23:54,418 - cell_segmenter.gui.main_window - DEBUG - Updated overlay display
2026-03-05 16:23:54,421 - cell_segmenter.gui.main_window - DEBUG - Updated overlay display
2026-03-05 16:23:54,440 - cell_segmenter.gui.main_window - DEBUG - Updated overlay display
2026-03-05 16:23:54,443 - cell_segmenter.gui.main_window - DEBUG - Updated overlay display
2026-03-05 16:23:54,447 - cell_segmenter.gui.main_window - DEBUG - Updated overlay display
2026-03-05 16:23:54,465 - cell_segmenter.gui.main_window - DEBUG - Updated overlay display
2026-03-05 16:23:54,469 - cell_segmenter.gui.main_window - DEBUG - Updated overlay display
2026-03-05 16:23:54,472 - cell_segmenter.gui.main_window - DEBUG - Updated overlay display
2026-03-05 16:23:54,491 - cell_segmenter.gui.main_window - DEBUG - Updated overlay display
2026-03-05 16:23:54,494 - cell_segmenter.gui.main_window - DEBUG - Updated overlay display
2026-03-05 16:23:54,498 - cell_segmenter.gui.main_window - DEBUG - Updated overlay display
2026-03-05 16:23:54,516 - cell_segmenter.gui.main_window - DEBUG - Updated overlay display
2026-03-05 16:23:54,520 - cell_segmenter.gui.main_window - DEBUG - Updated overlay display
2026-03-05 16:23:54,523 - cell_segmenter.gui.main_window - DEBUG - Updated overlay display
2026-03-05 16:23:54,542 - cell_segmenter.gui.main_window - DEBUG - Updated overlay display
2026-03-05 16:23:54,545 - cell_segmenter.gui.main_window - DEBUG - Updated overlay display
2026-03-05 16:23:54,549 - cell_segmenter.gui.main_window - DEBUG - Updated overlay display
2026-03-05 16:23:54,567 - cell_segmenter.gui.main_window - DEBUG - Updated overlay display
2026-03-05 16:23:54,571 - cell_segmenter.gui.main_window - DEBUG - Updated overlay display
2026-03-05 16:23:54,574 - cell_segmenter.gui.main_window - DEBUG - Updated overlay display
2026-03-05 16:23:54,592 - cell_segmenter.gui.main_window - DEBUG - Updated overlay display
2026-03-05 16:23:54,596 - cell_segmenter.gui.main_window - DEBUG - Updated overlay display
2026-03-05 16:23:54,614 - cell_segmenter.gui.main_window - DEBUG - Updated overlay display
2026-03-05 16:23:54,618 - cell_segmenter.gui.main_window - DEBUG - Updated overlay display
2026-03-05 16:23:54,621 - cell_segmenter.gui.main_window - DEBUG - Updated overlay display
2026-03-05 16:23:54,639 - cell_segmenter.gui.main_window - DEBUG - Updated overlay display
2026-03-05 16:23:54,643 - cell_segmenter.gui.main_window - DEBUG - Updated overlay display
2026-03-05 16:23:54,646 - cell_segmenter.gui.main_window - DEBUG - Updated overlay display
2026-03-05 16:23:54,664 - cell_segmenter.gui.main_window - DEBUG - Updated overlay display
2026-03-05 16:23:54,668 - cell_segmenter.gui.main_window - DEBUG - Updated overlay display
2026-03-05 16:23:54,671 - cell_segmenter.gui.main_window - DEBUG - Updated overlay display
2026-03-05 16:23:54,689 - cell_segmenter.gui.main_window - DEBUG - Updated overlay display
2026-03-05 16:23:54,693 - cell_segmenter.gui.main_window - DEBUG - Updated overlay display
2026-03-05 16:23:54,696 - cell_segmenter.gui.main_window - DEBUG - Updated overlay display
2026-03-05 16:23:54,714 - cell_segmenter.gui.main_window - DEBUG - Updated overlay display
2026-03-05 16:23:54,718 - cell_segmenter.gui.main_window - DEBUG - Updated overlay display
2026-03-05 16:23:54,721 - cell_segmenter.gui.main_window - DEBUG - Updated overlay display
2026-03-05 16:23:54,740 - cell_segmenter.gui.main_window - DEBUG - Updated overlay display
2026-03-05 16:23:54,743 - cell_segmenter.gui.main_window - DEBUG - Updated overlay display
2026-03-05 16:23:54,747 - cell_segmenter.gui.main_window - DEBUG - Updated overlay display
2026-03-05 16:23:54,765 - cell_segmenter.gui.main_window - DEBUG - Updated overlay display
2026-03-05 16:23:54,769 - cell_segmenter.gui.main_window - DEBUG - Updated overlay display
2026-03-05 16:23:54,772 - cell_segmenter.gui.main_window - DEBUG - Updated overlay display
2026-03-05 16:23:54,790 - cell_segmenter.gui.main_window - DEBUG - Updated overlay display
2026-03-05 16:23:54,794 - cell_segmenter.gui.main_window - DEBUG - Updated overlay display
2026-03-05 16:23:54,797 - cell_segmenter.gui.main_window - DEBUG - Updated overlay display
2026-03-05 16:23:54,815 - cell_segmenter.gui.main_window - DEBUG - Updated overlay display
2026-03-05 16:23:54,819 - cell_segmenter.gui.main_window - DEBUG - Updated overlay display
2026-03-05 16:23:54,823 - cell_segmenter.gui.main_window - DEBUG - Updated overlay display
2026-03-05 16:23:54,841 - cell_segmenter.gui.main_window - DEBUG - Updated overlay display
2026-03-05 16:23:54,845 - cell_segmenter.gui.main_window - DEBUG - Updated overlay display
2026-03-05 16:23:54,849 - cell_segmenter.gui.main_window - DEBUG - Updated overlay display
2026-03-05 16:23:54,867 - cell_segmenter.gui.main_window - DEBUG - Updated overlay display
2026-03-05 16:23:54,870 - cell_segmenter.gui.main_window - DEBUG - Updated overlay display
2026-03-05 16:23:54,874 - cell_segmenter.gui.main_window - DEBUG - Updated overlay display
2026-03-05 16:23:54,892 - cell_segmenter.gui.main_window - DEBUG - Updated overlay display
2026-03-05 16:23:54,896 - cell_segmenter.gui.main_window - DEBUG - Updated overlay display
2026-03-05 16:23:54,899 - cell_segmenter.gui.main_window - DEBUG - Updated overlay display
2026-03-05 16:23:54,917 - cell_segmenter.gui.main_window - DEBUG - Updated overlay display
2026-03-05 16:23:54,921 - cell_segmenter.gui.main_window - DEBUG - Updated overlay display
2026-03-05 16:23:54,924 - cell_segmenter.gui.main_window - DEBUG - Updated overlay display
2026-03-05 16:23:54,942 - cell_segmenter.gui.main_window - DEBUG - Updated overlay display
2026-03-05 16:23:54,945 - cell_segmenter.gui.main_window - DEBUG - Updated overlay display
2026-03-05 16:23:54,964 - cell_segmenter.gui.main_window - DEBUG - Updated overlay display
2026-03-05 16:23:54,967 - cell_segmenter.gui.main_window - DEBUG - Updated overlay display
2026-03-05 16:23:54,971 - cell_segmenter.gui.main_window - DEBUG - Updated overlay display
2026-03-05 16:23:54,989 - cell_segmenter.gui.main_window - DEBUG - Updated overlay display
2026-03-05 16:23:54,993 - cell_segmenter.gui.main_window - DEBUG - Updated overlay display
2026-03-05 16:23:54,996 - cell_segmenter.gui.main_window - DEBUG - Updated overlay display
2026-03-05 16:23:55,014 - cell_segmenter.gui.main_window - DEBUG - Updated overlay display
2026-03-05 16:23:55,018 - cell_segmenter.gui.main_window - DEBUG - Updated overlay display
2026-03-05 16:23:55,021 - cell_segmenter.gui.main_window - DEBUG - Updated overlay display
2026-03-05 16:23:55,040 - cell_segmenter.gui.main_window - DEBUG - Updated overlay display
2026-03-05 16:23:55,043 - cell_segmenter.gui.main_window - DEBUG - Updated overlay display
2026-03-05 16:23:55,047 - cell_segmenter.gui.main_window - DEBUG - Updated overlay display
2026-03-05 16:23:55,065 - cell_segmenter.gui.main_window - DEBUG - Updated overlay display
2026-03-05 16:23:55,068 - cell_segmenter.gui.main_window - DEBUG - Updated overlay display
2026-03-05 16:23:55,072 - cell_segmenter.gui.main_window - DEBUG - Updated overlay display
2026-03-05 16:23:55,090 - cell_segmenter.gui.main_window - DEBUG - Updated overlay display
2026-03-05 16:23:55,093 - cell_segmenter.gui.main_window - DEBUG - Updated overlay display
2026-03-05 16:23:55,112 - cell_segmenter.gui.main_window - DEBUG - Updated overlay display
2026-03-05 16:23:55,115 - cell_segmenter.gui.main_window - DEBUG - Updated overlay display
2026-03-05 16:23:55,119 - cell_segmenter.gui.main_window - DEBUG - Updated overlay display
2026-03-05 16:23:55,137 - cell_segmenter.gui.main_window - DEBUG - Updated overlay display
2026-03-05 16:23:55,140 - cell_segmenter.gui.main_window - DEBUG - Updated overlay display
2026-03-05 16:23:55,159 - cell_segmenter.gui.main_window - DEBUG - Updated overlay display
2026-03-05 16:23:55,162 - cell_segmenter.gui.main_window - DEBUG - Updated overlay display
2026-03-05 16:23:55,180 - cell_segmenter.gui.main_window - DEBUG - Updated overlay display
2026-03-05 16:23:55,184 - cell_segmenter.gui.main_window - DEBUG - Updated overlay display
2026-03-05 16:23:55,188 - cell_segmenter.gui.main_window - DEBUG - Updated overlay display
2026-03-05 16:23:55,206 - cell_segmenter.gui.main_window - DEBUG - Updated overlay display
2026-03-05 16:23:55,210 - cell_segmenter.gui.main_window - DEBUG - Updated overlay display
2026-03-05 16:23:55,214 - cell_segmenter.gui.main_window - DEBUG - Updated overlay display
2026-03-05 16:23:55,232 - cell_segmenter.gui.main_window - DEBUG - Updated overlay display
2026-03-05 16:23:55,236 - cell_segmenter.gui.main_window - DEBUG - Updated overlay display
2026-03-05 16:23:55,239 - cell_segmenter.gui.main_window - DEBUG - Updated overlay display
2026-03-05 16:23:55,258 - cell_segmenter.gui.main_window - DEBUG - Updated overlay display
2026-03-05 16:23:55,262 - cell_segmenter.gui.main_window - DEBUG - Updated overlay display
2026-03-05 16:23:55,265 - cell_segmenter.gui.main_window - DEBUG - Updated overlay display
2026-03-05 16:23:55,283 - cell_segmenter.gui.main_window - DEBUG - Updated overlay display
2026-03-05 16:23:55,287 - cell_segmenter.gui.main_window - DEBUG - Updated overlay display
2026-03-05 16:23:55,291 - cell_segmenter.gui.main_window - DEBUG - Updated overlay display
2026-03-05 16:23:55,309 - cell_segmenter.gui.main_window - DEBUG - Updated overlay display
2026-03-05 16:23:55,312 - cell_segmenter.gui.main_window - DEBUG - Updated overlay display
2026-03-05 16:23:55,316 - cell_segmenter.gui.main_window - DEBUG - Updated overlay display
2026-03-05 16:23:55,334 - cell_segmenter.gui.main_window - DEBUG - Updated overlay display
2026-03-05 16:23:55,338 - cell_segmenter.gui.main_window - DEBUG - Updated overlay display
2026-03-05 16:23:55,341 - cell_segmenter.gui.main_window - DEBUG - Updated overlay display
2026-03-05 16:23:55,359 - cell_segmenter.gui.main_window - DEBUG - Updated overlay display
2026-03-05 16:23:55,363 - cell_segmenter.gui.main_window - DEBUG - Updated overlay display
2026-03-05 16:23:55,367 - cell_segmenter.gui.main_window - DEBUG - Updated overlay display
2026-03-05 16:23:55,385 - cell_segmenter.gui.main_window - DEBUG - Updated overlay display
2026-03-05 16:23:55,389 - cell_segmenter.gui.main_window - DEBUG - Updated overlay display
2026-03-05 16:23:55,392 - cell_segmenter.gui.main_window - DEBUG - Updated overlay display
2026-03-05 16:23:55,410 - cell_segmenter.gui.main_window - DEBUG - Updated overlay display
2026-03-05 16:23:55,414 - cell_segmenter.gui.main_window - DEBUG - Updated overlay display
2026-03-05 16:23:55,417 - cell_segmenter.gui.main_window - DEBUG - Updated overlay display
2026-03-05 16:23:55,436 - cell_segmenter.gui.main_window - DEBUG - Updated overlay display
2026-03-05 16:23:55,439 - cell_segmenter.gui.main_window - DEBUG - Updated overlay display
2026-03-05 16:23:55,443 - cell_segmenter.gui.main_window - DEBUG - Updated overlay display
2026-03-05 16:23:55,461 - cell_segmenter.gui.main_window - DEBUG - Updated overlay display
2026-03-05 16:23:55,465 - cell_segmenter.gui.main_window - DEBUG - Updated overlay display
2026-03-05 16:23:55,483 - cell_segmenter.gui.main_window - DEBUG - Updated overlay display
2026-03-05 16:23:55,487 - cell_segmenter.gui.main_window - DEBUG - Updated overlay display
2026-03-05 16:23:55,490 - cell_segmenter.gui.main_window - DEBUG - Updated overlay display
2026-03-05 16:23:55,509 - cell_segmenter.gui.main_window - DEBUG - Updated overlay display
2026-03-05 16:23:55,512 - cell_segmenter.gui.main_window - DEBUG - Updated overlay display
2026-03-05 16:23:55,516 - cell_segmenter.gui.main_window - DEBUG - Updated overlay display
2026-03-05 16:23:55,534 - cell_segmenter.gui.main_window - DEBUG - Updated overlay display
2026-03-05 16:23:55,538 - cell_segmenter.gui.main_window - DEBUG - Updated overlay display
2026-03-05 16:23:55,541 - cell_segmenter.gui.main_window - DEBUG - Updated overlay display
2026-03-05 16:23:55,559 - cell_segmenter.gui.main_window - DEBUG - Updated overlay display
2026-03-05 16:23:55,563 - cell_segmenter.gui.main_window - DEBUG - Updated overlay display
2026-03-05 16:23:55,567 - cell_segmenter.gui.main_window - DEBUG - Updated overlay display
2026-03-05 16:23:55,585 - cell_segmenter.gui.main_window - DEBUG - Updated overlay display
2026-03-05 16:23:55,589 - cell_segmenter.gui.main_window - DEBUG - Updated overlay display
2026-03-05 16:23:55,593 - cell_segmenter.gui.main_window - DEBUG - Updated overlay display
2026-03-05 16:23:55,611 - cell_segmenter.gui.main_window - DEBUG - Updated overlay display
2026-03-05 16:23:55,614 - cell_segmenter.gui.main_window - DEBUG - Updated overlay display
2026-03-05 16:23:55,618 - cell_segmenter.gui.main_window - DEBUG - Updated overlay display
2026-03-05 16:23:55,636 - cell_segmenter.gui.main_window - DEBUG - Updated overlay display
2026-03-05 16:23:55,640 - cell_segmenter.gui.main_window - DEBUG - Updated overlay display
2026-03-05 16:23:55,643 - cell_segmenter.gui.main_window - DEBUG - Updated overlay display
2026-03-05 16:23:55,662 - cell_segmenter.gui.main_window - DEBUG - Updated overlay display
2026-03-05 16:23:55,666 - cell_segmenter.gui.main_window - DEBUG - Updated overlay display
2026-03-05 16:23:55,669 - cell_segmenter.gui.main_window - DEBUG - Updated overlay display
2026-03-05 16:23:55,687 - cell_segmenter.gui.main_window - DEBUG - Updated overlay display
2026-03-05 16:23:55,691 - cell_segmenter.gui.main_window - DEBUG - Updated overlay display
2026-03-05 16:23:55,695 - cell_segmenter.gui.main_window - DEBUG - Updated overlay display
2026-03-05 16:23:55,713 - cell_segmenter.gui.main_window - DEBUG - Updated overlay display
2026-03-05 16:23:55,717 - cell_segmenter.gui.main_window - DEBUG - Updated overlay display
2026-03-05 16:23:55,720 - cell_segmenter.gui.main_window - DEBUG - Updated overlay display
2026-03-05 16:23:55,738 - cell_segmenter.gui.main_window - DEBUG - Updated overlay display
2026-03-05 16:23:55,743 - cell_segmenter.gui.main_window - DEBUG - Updated overlay display
2026-03-05 16:23:55,746 - cell_segmenter.gui.main_window - DEBUG - Updated overlay display
2026-03-05 16:23:55,764 - cell_segmenter.gui.main_window - DEBUG - Updated overlay display
2026-03-05 16:23:55,768 - cell_segmenter.gui.main_window - DEBUG - Updated overlay display
2026-03-05 16:23:55,772 - cell_segmenter.gui.main_window - DEBUG - Updated overlay display
2026-03-05 16:23:55,790 - cell_segmenter.gui.main_window - DEBUG - Updated overlay display
2026-03-05 16:23:55,793 - cell_segmenter.gui.main_window - DEBUG - Updated overlay display
2026-03-05 16:23:55,797 - cell_segmenter.gui.main_window - DEBUG - Updated overlay display
2026-03-05 16:23:55,815 - cell_segmenter.gui.main_window - DEBUG - Updated overlay display
2026-03-05 16:23:55,819 - cell_segmenter.gui.main_window - DEBUG - Updated overlay display
2026-03-05 16:23:55,822 - cell_segmenter.gui.main_window - DEBUG - Updated overlay display
2026-03-05 16:23:55,841 - cell_segmenter.gui.main_window - DEBUG - Updated overlay display
2026-03-05 16:23:55,844 - cell_segmenter.gui.main_window - DEBUG - Updated overlay display
2026-03-05 16:23:55,848 - cell_segmenter.gui.main_window - DEBUG - Updated overlay display
2026-03-05 16:23:55,866 - cell_segmenter.gui.main_window - DEBUG - Updated overlay display
2026-03-05 16:23:55,870 - cell_segmenter.gui.main_window - DEBUG - Updated overlay display
2026-03-05 16:23:55,873 - cell_segmenter.gui.main_window - DEBUG - Updated overlay display
2026-03-05 16:23:55,892 - cell_segmenter.gui.main_window - DEBUG - Updated overlay display
2026-03-05 16:23:55,895 - cell_segmenter.gui.main_window - DEBUG - Updated overlay display
2026-03-05 16:23:55,899 - cell_segmenter.gui.main_window - DEBUG - Updated overlay display
2026-03-05 16:23:55,917 - cell_segmenter.gui.main_window - DEBUG - Updated overlay display
2026-03-05 16:23:55,921 - cell_segmenter.gui.main_window - DEBUG - Updated overlay display
2026-03-05 16:23:55,925 - cell_segmenter.gui.main_window - DEBUG - Updated overlay display
2026-03-05 16:23:55,943 - cell_segmenter.gui.main_window - DEBUG - Updated overlay display
2026-03-05 16:23:55,946 - cell_segmenter.gui.main_window - DEBUG - Updated overlay display
2026-03-05 16:23:55,950 - cell_segmenter.gui.main_window - DEBUG - Updated overlay display
2026-03-05 16:23:55,968 - cell_segmenter.gui.main_window - DEBUG - Updated overlay display
2026-03-05 16:23:55,972 - cell_segmenter.gui.main_window - DEBUG - Updated overlay display
2026-03-05 16:23:55,975 - cell_segmenter.gui.main_window - DEBUG - Updated overlay display
2026-03-05 16:23:55,994 - cell_segmenter.gui.main_window - DEBUG - Updated overlay display
2026-03-05 16:23:55,998 - cell_segmenter.gui.main_window - DEBUG - Updated overlay display
2026-03-05 16:23:56,001 - cell_segmenter.gui.main_window - DEBUG - Updated overlay display
2026-03-05 16:23:56,020 - cell_segmenter.gui.main_window - DEBUG - Updated overlay display
2026-03-05 16:23:56,024 - cell_segmenter.gui.main_window - DEBUG - Updated overlay display
2026-03-05 16:23:56,027 - cell_segmenter.gui.main_window - DEBUG - Updated overlay display
2026-03-05 16:23:56,045 - cell_segmenter.gui.main_window - DEBUG - Updated overlay display
2026-03-05 16:23:56,049 - cell_segmenter.gui.main_window - DEBUG - Updated overlay display
2026-03-05 16:23:56,053 - cell_segmenter.gui.main_window - DEBUG - Updated overlay display
2026-03-05 16:23:56,071 - cell_segmenter.gui.main_window - DEBUG - Updated overlay display
2026-03-05 16:23:56,075 - cell_segmenter.gui.main_window - DEBUG - Updated overlay display
2026-03-05 16:23:56,079 - cell_segmenter.gui.main_window - DEBUG - Updated overlay display
2026-03-05 16:23:56,097 - cell_segmenter.gui.main_window - DEBUG - Updated overlay display
2026-03-05 16:23:56,101 - cell_segmenter.gui.main_window - DEBUG - Updated overlay display
2026-03-05 16:23:56,104 - cell_segmenter.gui.main_window - DEBUG - Updated overlay display
2026-03-05 16:23:56,122 - cell_segmenter.gui.main_window - DEBUG - Updated overlay display
2026-03-05 16:23:56,126 - cell_segmenter.gui.main_window - DEBUG - Updated overlay display
2026-03-05 16:23:56,144 - cell_segmenter.gui.main_window - DEBUG - Updated overlay display
2026-03-05 16:23:56,148 - cell_segmenter.gui.main_window - DEBUG - Updated overlay display
2026-03-05 16:23:56,151 - cell_segmenter.gui.main_window - DEBUG - Updated overlay display
2026-03-05 16:23:56,169 - cell_segmenter.gui.main_window - DEBUG - Updated overlay display
2026-03-05 16:23:56,173 - cell_segmenter.gui.main_window - DEBUG - Updated overlay display
2026-03-05 16:23:56,177 - cell_segmenter.gui.main_window - DEBUG - Updated overlay display
2026-03-05 16:23:56,195 - cell_segmenter.gui.main_window - DEBUG - Updated overlay display
2026-03-05 16:23:56,199 - cell_segmenter.gui.main_window - DEBUG - Updated overlay display
2026-03-05 16:23:56,203 - cell_segmenter.gui.main_window - DEBUG - Updated overlay display
2026-03-05 16:23:56,221 - cell_segmenter.gui.main_window - DEBUG - Updated overlay display
2026-03-05 16:23:56,225 - cell_segmenter.gui.main_window - DEBUG - Updated overlay display
2026-03-05 16:23:56,228 - cell_segmenter.gui.main_window - DEBUG - Updated overlay display
2026-03-05 16:23:56,246 - cell_segmenter.gui.main_window - DEBUG - Updated overlay display
2026-03-05 16:23:56,250 - cell_segmenter.gui.main_window - DEBUG - Updated overlay display
2026-03-05 16:23:56,268 - cell_segmenter.gui.main_window - DEBUG - Updated overlay display
2026-03-05 16:23:56,272 - cell_segmenter.gui.main_window - DEBUG - Updated overlay display
2026-03-05 16:23:56,275 - cell_segmenter.gui.main_window - DEBUG - Updated overlay display
2026-03-05 16:23:56,294 - cell_segmenter.gui.main_window - DEBUG - Updated overlay display
2026-03-05 16:23:56,298 - cell_segmenter.gui.main_window - DEBUG - Updated overlay display
2026-03-05 16:23:56,301 - cell_segmenter.gui.main_window - DEBUG - Updated overlay display
2026-03-05 16:23:56,320 - cell_segmenter.gui.main_window - DEBUG - Updated overlay display
2026-03-05 16:23:56,323 - cell_segmenter.gui.main_window - DEBUG - Updated overlay display
2026-03-05 16:23:56,327 - cell_segmenter.gui.main_window - DEBUG - Updated overlay display
2026-03-05 16:23:56,345 - cell_segmenter.gui.main_window - DEBUG - Updated overlay display
2026-03-05 16:23:56,349 - cell_segmenter.gui.main_window - DEBUG - Updated overlay display
2026-03-05 16:23:56,353 - cell_segmenter.gui.main_window - DEBUG - Updated overlay display
2026-03-05 16:23:56,371 - cell_segmenter.gui.main_window - DEBUG - Updated overlay display
2026-03-05 16:23:56,375 - cell_segmenter.gui.main_window - DEBUG - Updated overlay display
2026-03-05 16:23:56,378 - cell_segmenter.gui.main_window - DEBUG - Updated overlay display
2026-03-05 16:23:56,396 - cell_segmenter.gui.main_window - DEBUG - Updated overlay display
2026-03-05 16:23:56,400 - cell_segmenter.gui.main_window - DEBUG - Updated overlay display
2026-03-05 16:23:56,404 - cell_segmenter.gui.main_window - DEBUG - Updated overlay display
2026-03-05 16:23:56,422 - cell_segmenter.gui.main_window - DEBUG - Updated overlay display
2026-03-05 16:23:56,426 - cell_segmenter.gui.main_window - DEBUG - Updated overlay display
2026-03-05 16:23:56,444 - cell_segmenter.gui.main_window - DEBUG - Updated overlay display
2026-03-05 16:23:56,448 - cell_segmenter.gui.main_window - DEBUG - Updated overlay display
2026-03-05 16:23:56,452 - cell_segmenter.gui.main_window - DEBUG - Updated overlay display
2026-03-05 16:23:56,470 - cell_segmenter.gui.main_window - DEBUG - Updated overlay display
2026-03-05 16:23:56,473 - cell_segmenter.gui.main_window - DEBUG - Updated overlay display
2026-03-05 16:23:56,477 - cell_segmenter.gui.main_window - DEBUG - Updated overlay display
2026-03-05 16:23:56,496 - cell_segmenter.gui.main_window - DEBUG - Updated overlay display
2026-03-05 16:23:56,499 - cell_segmenter.gui.main_window - DEBUG - Updated overlay display
2026-03-05 16:23:56,503 - cell_segmenter.gui.main_window - DEBUG - Updated overlay display
2026-03-05 16:23:56,521 - cell_segmenter.gui.main_window - DEBUG - Updated overlay display
2026-03-05 16:23:56,525 - cell_segmenter.gui.main_window - DEBUG - Updated overlay display
2026-03-05 16:23:56,528 - cell_segmenter.gui.main_window - DEBUG - Updated overlay display
2026-03-05 16:23:56,546 - cell_segmenter.gui.main_window - DEBUG - Updated overlay display
2026-03-05 16:23:56,550 - cell_segmenter.gui.main_window - DEBUG - Updated overlay display
2026-03-05 16:23:56,568 - cell_segmenter.gui.main_window - DEBUG - Updated overlay display
2026-03-05 16:23:56,572 - cell_segmenter.gui.main_window - DEBUG - Updated overlay display
2026-03-05 16:23:56,591 - cell_segmenter.gui.main_window - DEBUG - Updated overlay display
2026-03-05 16:23:56,595 - cell_segmenter.gui.main_window - DEBUG - Updated overlay display
2026-03-05 16:23:56,598 - cell_segmenter.gui.main_window - DEBUG - Updated overlay display
2026-03-05 16:23:56,617 - cell_segmenter.gui.main_window - DEBUG - Updated overlay display
2026-03-05 16:23:56,621 - cell_segmenter.gui.main_window - DEBUG - Updated overlay display
2026-03-05 16:23:56,624 - cell_segmenter.gui.main_window - DEBUG - Updated overlay display
2026-03-05 16:23:56,643 - cell_segmenter.gui.main_window - DEBUG - Updated overlay display
2026-03-05 16:23:56,646 - cell_segmenter.gui.main_window - DEBUG - Updated overlay display
2026-03-05 16:23:56,650 - cell_segmenter.gui.main_window - DEBUG - Updated overlay display
2026-03-05 16:23:56,668 - cell_segmenter.gui.main_window - DEBUG - Updated overlay display
2026-03-05 16:23:56,672 - cell_segmenter.gui.main_window - DEBUG - Updated overlay display
2026-03-05 16:23:56,676 - cell_segmenter.gui.main_window - DEBUG - Updated overlay display
2026-03-05 16:23:56,694 - cell_segmenter.gui.main_window - DEBUG - Updated overlay display
2026-03-05 16:23:56,698 - cell_segmenter.gui.main_window - DEBUG - Updated overlay display
2026-03-05 16:23:56,702 - cell_segmenter.gui.main_window - DEBUG - Updated overlay display
2026-03-05 16:23:56,720 - cell_segmenter.gui.main_window - DEBUG - Updated overlay display
2026-03-05 16:23:56,724 - cell_segmenter.gui.main_window - DEBUG - Updated overlay display
2026-03-05 16:23:56,728 - cell_segmenter.gui.main_window - DEBUG - Updated overlay display
2026-03-05 16:23:56,746 - cell_segmenter.gui.main_window - DEBUG - Updated overlay display
2026-03-05 16:23:56,750 - cell_segmenter.gui.main_window - DEBUG - Updated overlay display
2026-03-05 16:23:56,754 - cell_segmenter.gui.main_window - DEBUG - Updated overlay display
2026-03-05 16:23:56,773 - cell_segmenter.gui.main_window - DEBUG - Updated overlay display
2026-03-05 16:23:56,777 - cell_segmenter.gui.main_window - DEBUG - Updated overlay display
2026-03-05 16:23:56,780 - cell_segmenter.gui.main_window - DEBUG - Updated overlay display
2026-03-05 16:23:56,799 - cell_segmenter.gui.main_window - DEBUG - Updated overlay display
2026-03-05 16:23:56,803 - cell_segmenter.gui.main_window - DEBUG - Updated overlay display
2026-03-05 16:23:56,807 - cell_segmenter.gui.main_window - DEBUG - Updated overlay display
2026-03-05 16:23:56,825 - cell_segmenter.gui.main_window - DEBUG - Updated overlay display
2026-03-05 16:23:56,829 - cell_segmenter.gui.main_window - DEBUG - Updated overlay display
2026-03-05 16:23:56,832 - cell_segmenter.gui.main_window - DEBUG - Updated overlay display
2026-03-05 16:23:56,851 - cell_segmenter.gui.main_window - DEBUG - Updated overlay display
2026-03-05 16:23:56,855 - cell_segmenter.gui.main_window - DEBUG - Updated overlay display
2026-03-05 16:23:56,858 - cell_segmenter.gui.main_window - DEBUG - Updated overlay display
2026-03-05 16:23:56,877 - cell_segmenter.gui.main_window - DEBUG - Updated overlay display
2026-03-05 16:23:56,881 - cell_segmenter.gui.main_window - DEBUG - Updated overlay display
2026-03-05 16:23:56,885 - cell_segmenter.gui.main_window - DEBUG - Updated overlay display
2026-03-05 16:23:56,903 - cell_segmenter.gui.main_window - DEBUG - Updated overlay display
2026-03-05 16:23:56,907 - cell_segmenter.gui.main_window - DEBUG - Updated overlay display
2026-03-05 16:23:56,911 - cell_segmenter.gui.main_window - DEBUG - Updated overlay display
2026-03-05 16:23:56,929 - cell_segmenter.gui.main_window - DEBUG - Updated overlay display
2026-03-05 16:23:56,933 - cell_segmenter.gui.main_window - DEBUG - Updated overlay display
2026-03-05 16:23:56,937 - cell_segmenter.gui.main_window - DEBUG - Updated overlay display
2026-03-05 16:23:56,955 - cell_segmenter.gui.main_window - DEBUG - Updated overlay display
2026-03-05 16:23:56,959 - cell_segmenter.gui.main_window - DEBUG - Updated overlay display
2026-03-05 16:23:56,963 - cell_segmenter.gui.main_window - DEBUG - Updated overlay display
2026-03-05 16:23:56,981 - cell_segmenter.gui.main_window - DEBUG - Updated overlay display
2026-03-05 16:23:56,985 - cell_segmenter.gui.main_window - DEBUG - Updated overlay display
2026-03-05 16:23:56,988 - cell_segmenter.gui.main_window - DEBUG - Updated overlay display
2026-03-05 16:23:57,007 - cell_segmenter.gui.main_window - DEBUG - Updated overlay display
2026-03-05 16:23:57,011 - cell_segmenter.gui.main_window - DEBUG - Updated overlay display
2026-03-05 16:23:57,015 - cell_segmenter.gui.main_window - DEBUG - Updated overlay display
2026-03-05 16:23:57,033 - cell_segmenter.gui.main_window - DEBUG - Updated overlay display
2026-03-05 16:23:57,037 - cell_segmenter.gui.main_window - DEBUG - Updated overlay display
2026-03-05 16:23:57,040 - cell_segmenter.gui.main_window - DEBUG - Updated overlay display
2026-03-05 16:23:57,059 - cell_segmenter.gui.main_window - DEBUG - Updated overlay display
2026-03-05 16:23:57,063 - cell_segmenter.gui.main_window - DEBUG - Updated overlay display
2026-03-05 16:23:57,067 - cell_segmenter.gui.main_window - DEBUG - Updated overlay display
2026-03-05 16:23:57,085 - cell_segmenter.gui.main_window - DEBUG - Updated overlay display
2026-03-05 16:23:57,089 - cell_segmenter.gui.main_window - DEBUG - Updated overlay display
2026-03-05 16:23:57,093 - cell_segmenter.gui.main_window - DEBUG - Updated overlay display
2026-03-05 16:23:57,111 - cell_segmenter.gui.main_window - DEBUG - Updated overlay display
2026-03-05 16:23:57,115 - cell_segmenter.gui.main_window - DEBUG - Updated overlay display
2026-03-05 16:23:57,119 - cell_segmenter.gui.main_window - DEBUG - Updated overlay display
2026-03-05 16:23:57,137 - cell_segmenter.gui.main_window - DEBUG - Updated overlay display
2026-03-05 16:23:57,141 - cell_segmenter.gui.main_window - DEBUG - Updated overlay display
2026-03-05 16:23:57,145 - cell_segmenter.gui.main_window - DEBUG - Updated overlay display
2026-03-05 16:23:57,163 - cell_segmenter.gui.main_window - DEBUG - Updated overlay display
2026-03-05 16:23:57,167 - cell_segmenter.gui.main_window - DEBUG - Updated overlay display
2026-03-05 16:23:57,171 - cell_segmenter.gui.main_window - DEBUG - Updated overlay display
2026-03-05 16:23:57,189 - cell_segmenter.gui.main_window - DEBUG - Updated overlay display
2026-03-05 16:23:57,193 - cell_segmenter.gui.main_window - DEBUG - Updated overlay display
2026-03-05 16:23:57,233 - cell_segmenter.gui.main_window - DEBUG - Updated overlay display
2026-03-05 16:23:57,237 - cell_segmenter.gui.main_window - DEBUG - Updated overlay display
2026-03-05 16:23:57,256 - cell_segmenter.gui.main_window - DEBUG - Updated overlay display
2026-03-05 16:23:57,260 - cell_segmenter.gui.main_window - DEBUG - Updated overlay display
2026-03-05 16:23:57,279 - cell_segmenter.gui.main_window - DEBUG - Updated overlay display
2026-03-05 16:23:57,282 - cell_segmenter.gui.main_window - DEBUG - Updated overlay display
2026-03-05 16:23:57,286 - cell_segmenter.gui.main_window - DEBUG - Updated overlay display
2026-03-05 16:23:57,304 - cell_segmenter.gui.main_window - DEBUG - Updated overlay display
2026-03-05 16:23:57,308 - cell_segmenter.gui.main_window - DEBUG - Updated overlay display
2026-03-05 16:23:57,312 - cell_segmenter.gui.main_window - DEBUG - Updated overlay display
2026-03-05 16:23:57,330 - cell_segmenter.gui.main_window - DEBUG - Updated overlay display
2026-03-05 16:23:57,334 - cell_segmenter.gui.main_window - DEBUG - Updated overlay display
2026-03-05 16:23:57,338 - cell_segmenter.gui.main_window - DEBUG - Updated overlay display
2026-03-05 16:23:57,356 - cell_segmenter.gui.main_window - DEBUG - Updated overlay display
2026-03-05 16:23:57,360 - cell_segmenter.gui.main_window - DEBUG - Updated overlay display
2026-03-05 16:23:57,364 - cell_segmenter.gui.main_window - DEBUG - Updated overlay display
2026-03-05 16:23:57,382 - cell_segmenter.gui.main_window - DEBUG - Updated overlay display
2026-03-05 16:23:57,386 - cell_segmenter.gui.main_window - DEBUG - Updated overlay display
2026-03-05 16:23:57,390 - cell_segmenter.gui.main_window - DEBUG - Updated overlay display
2026-03-05 16:23:57,408 - cell_segmenter.gui.main_window - DEBUG - Updated overlay display
2026-03-05 16:23:57,412 - cell_segmenter.gui.main_window - DEBUG - Updated overlay display
2026-03-05 16:23:57,416 - cell_segmenter.gui.main_window - DEBUG - Updated overlay display
2026-03-05 16:23:57,434 - cell_segmenter.gui.main_window - DEBUG - Updated overlay display
2026-03-05 16:23:57,438 - cell_segmenter.gui.main_window - DEBUG - Updated overlay display
2026-03-05 16:23:57,456 - cell_segmenter.gui.main_window - DEBUG - Updated overlay display
2026-03-05 16:23:57,460 - cell_segmenter.gui.main_window - DEBUG - Updated overlay display
2026-03-05 16:23:57,464 - cell_segmenter.gui.main_window - DEBUG - Updated overlay display
2026-03-05 16:23:57,482 - cell_segmenter.gui.main_window - DEBUG - Updated overlay display
2026-03-05 16:23:57,486 - cell_segmenter.gui.main_window - DEBUG - Updated overlay display
2026-03-05 16:23:57,490 - cell_segmenter.gui.main_window - DEBUG - Updated overlay display
2026-03-05 16:23:57,509 - cell_segmenter.gui.main_window - DEBUG - Updated overlay display
2026-03-05 16:23:57,512 - cell_segmenter.gui.main_window - DEBUG - Updated overlay display
2026-03-05 16:23:57,516 - cell_segmenter.gui.main_window - DEBUG - Updated overlay display
2026-03-05 16:23:57,534 - cell_segmenter.gui.main_window - DEBUG - Updated overlay display
2026-03-05 16:23:57,538 - cell_segmenter.gui.main_window - DEBUG - Updated overlay display
2026-03-05 16:23:57,542 - cell_segmenter.gui.main_window - DEBUG - Updated overlay display
2026-03-05 16:23:57,560 - cell_segmenter.gui.main_window - DEBUG - Updated overlay display
2026-03-05 16:23:57,564 - cell_segmenter.gui.main_window - DEBUG - Updated overlay display
2026-03-05 16:23:57,568 - cell_segmenter.gui.main_window - DEBUG - Updated overlay display
2026-03-05 16:23:57,586 - cell_segmenter.gui.main_window - DEBUG - Updated overlay display
2026-03-05 16:23:57,590 - cell_segmenter.gui.main_window - DEBUG - Updated overlay display
2026-03-05 16:23:57,594 - cell_segmenter.gui.main_window - DEBUG - Updated overlay display
2026-03-05 16:23:57,612 - cell_segmenter.gui.main_window - DEBUG - Updated overlay display
2026-03-05 16:23:57,616 - cell_segmenter.gui.main_window - DEBUG - Updated overlay display
2026-03-05 16:23:57,620 - cell_segmenter.gui.main_window - DEBUG - Updated overlay display
2026-03-05 16:23:57,638 - cell_segmenter.gui.main_window - DEBUG - Updated overlay display
2026-03-05 16:23:57,642 - cell_segmenter.gui.main_window - DEBUG - Updated overlay display
2026-03-05 16:23:57,661 - cell_segmenter.gui.main_window - DEBUG - Updated overlay display
2026-03-05 16:23:57,664 - cell_segmenter.gui.main_window - DEBUG - Updated overlay display
2026-03-05 16:23:57,683 - cell_segmenter.gui.main_window - DEBUG - Updated overlay display
2026-03-05 16:23:57,687 - cell_segmenter.gui.main_window - DEBUG - Updated overlay display
2026-03-05 16:23:57,691 - cell_segmenter.gui.main_window - DEBUG - Updated overlay display
2026-03-05 16:23:57,709 - cell_segmenter.gui.main_window - DEBUG - Updated overlay display
2026-03-05 16:23:57,713 - cell_segmenter.gui.main_window - DEBUG - Updated overlay display
2026-03-05 16:23:57,717 - cell_segmenter.gui.main_window - DEBUG - Updated overlay display
2026-03-05 16:23:57,735 - cell_segmenter.gui.main_window - DEBUG - Updated overlay display
2026-03-05 16:23:57,739 - cell_segmenter.gui.main_window - DEBUG - Updated overlay display
2026-03-05 16:23:57,743 - cell_segmenter.gui.main_window - DEBUG - Updated overlay display
2026-03-05 16:23:57,762 - cell_segmenter.gui.main_window - DEBUG - Updated overlay display
2026-03-05 16:23:57,766 - cell_segmenter.gui.main_window - DEBUG - Updated overlay display
2026-03-05 16:23:57,769 - cell_segmenter.gui.main_window - DEBUG - Updated overlay display
2026-03-05 16:23:57,787 - cell_segmenter.gui.main_window - DEBUG - Updated overlay display
2026-03-05 16:23:57,791 - cell_segmenter.gui.main_window - DEBUG - Updated overlay display
2026-03-05 16:23:57,795 - cell_segmenter.gui.main_window - DEBUG - Updated overlay display
2026-03-05 16:23:57,813 - cell_segmenter.gui.main_window - DEBUG - Updated overlay display
2026-03-05 16:23:57,817 - cell_segmenter.gui.main_window - DEBUG - Updated overlay display
2026-03-05 16:23:57,821 - cell_segmenter.gui.main_window - DEBUG - Updated overlay display
2026-03-05 16:23:57,839 - cell_segmenter.gui.main_window - DEBUG - Updated overlay display
2026-03-05 16:23:57,843 - cell_segmenter.gui.main_window - DEBUG - Updated overlay display
2026-03-05 16:23:57,861 - cell_segmenter.gui.main_window - DEBUG - Updated overlay display
2026-03-05 16:23:57,865 - cell_segmenter.gui.main_window - DEBUG - Updated overlay display
2026-03-05 16:23:57,883 - cell_segmenter.gui.main_window - DEBUG - Updated overlay display
2026-03-05 16:23:57,888 - cell_segmenter.gui.main_window - DEBUG - Updated overlay display
2026-03-05 16:23:57,891 - cell_segmenter.gui.main_window - DEBUG - Updated overlay display
2026-03-05 16:23:57,910 - cell_segmenter.gui.main_window - DEBUG - Updated overlay display
2026-03-05 16:23:57,914 - cell_segmenter.gui.main_window - DEBUG - Updated overlay display
2026-03-05 16:23:57,917 - cell_segmenter.gui.main_window - DEBUG - Updated overlay display
2026-03-05 16:23:57,936 - cell_segmenter.gui.main_window - DEBUG - Updated overlay display
2026-03-05 16:23:57,939 - cell_segmenter.gui.main_window - DEBUG - Updated overlay display
2026-03-05 16:23:57,958 - cell_segmenter.gui.main_window - DEBUG - Updated overlay display
2026-03-05 16:23:57,961 - cell_segmenter.gui.main_window - DEBUG - Updated overlay display
2026-03-05 16:23:57,965 - cell_segmenter.gui.main_window - DEBUG - Updated overlay display
2026-03-05 16:23:57,984 - cell_segmenter.gui.main_window - DEBUG - Updated overlay display
2026-03-05 16:23:57,988 - cell_segmenter.gui.main_window - DEBUG - Updated overlay display
2026-03-05 16:23:57,991 - cell_segmenter.gui.main_window - DEBUG - Updated overlay display
2026-03-05 16:23:58,010 - cell_segmenter.gui.main_window - DEBUG - Updated overlay display
2026-03-05 16:23:58,014 - cell_segmenter.gui.main_window - DEBUG - Updated overlay display
2026-03-05 16:23:58,067 - cell_segmenter.gui.main_window - DEBUG - Updated overlay display
2026-03-05 16:23:58,071 - cell_segmenter.gui.main_window - DEBUG - Updated overlay display
2026-03-05 16:23:58,090 - cell_segmenter.gui.main_window - DEBUG - Updated overlay display
2026-03-05 16:23:58,094 - cell_segmenter.gui.main_window - DEBUG - Updated overlay display
2026-03-05 16:23:58,112 - cell_segmenter.gui.main_window - DEBUG - Updated overlay display
2026-03-05 16:23:58,115 - cell_segmenter.gui.main_window - DEBUG - Updated overlay display
2026-03-05 16:23:58,134 - cell_segmenter.gui.main_window - DEBUG - Updated overlay display
2026-03-05 16:23:58,138 - cell_segmenter.gui.main_window - DEBUG - Updated overlay display
2026-03-05 16:23:58,157 - cell_segmenter.gui.main_window - DEBUG - Updated overlay display
2026-03-05 16:23:58,161 - cell_segmenter.gui.main_window - DEBUG - Updated overlay display
2026-03-05 16:23:58,179 - cell_segmenter.gui.main_window - DEBUG - Updated overlay display
2026-03-05 16:23:58,183 - cell_segmenter.gui.main_window - DEBUG - Updated overlay display
2026-03-05 16:23:58,187 - cell_segmenter.gui.main_window - DEBUG - Updated overlay display
2026-03-05 16:23:58,206 - cell_segmenter.gui.main_window - DEBUG - Updated overlay display
2026-03-05 16:23:58,210 - cell_segmenter.gui.main_window - DEBUG - Updated overlay display
2026-03-05 16:23:58,228 - cell_segmenter.gui.main_window - DEBUG - Updated overlay display
2026-03-05 16:23:58,232 - cell_segmenter.gui.main_window - DEBUG - Updated overlay display
2026-03-05 16:23:58,251 - cell_segmenter.gui.main_window - DEBUG - Updated overlay display
2026-03-05 16:23:58,255 - cell_segmenter.gui.main_window - DEBUG - Updated overlay display
2026-03-05 16:23:58,259 - cell_segmenter.gui.main_window - DEBUG - Updated overlay display
2026-03-05 16:23:58,278 - cell_segmenter.gui.main_window - DEBUG - Updated overlay display
2026-03-05 16:23:58,281 - cell_segmenter.gui.main_window - DEBUG - Updated overlay display
2026-03-05 16:23:58,285 - cell_segmenter.gui.main_window - DEBUG - Updated overlay display
2026-03-05 16:23:58,304 - cell_segmenter.gui.main_window - DEBUG - Updated overlay display
2026-03-05 16:23:58,308 - cell_segmenter.gui.main_window - DEBUG - Updated overlay display
2026-03-05 16:23:58,312 - cell_segmenter.gui.main_window - DEBUG - Updated overlay display
2026-03-05 16:23:58,330 - cell_segmenter.gui.main_window - DEBUG - Updated overlay display
2026-03-05 16:23:58,335 - cell_segmenter.gui.main_window - DEBUG - Updated overlay display
2026-03-05 16:23:58,338 - cell_segmenter.gui.main_window - DEBUG - Updated overlay display
2026-03-05 16:23:58,357 - cell_segmenter.gui.main_window - DEBUG - Updated overlay display
2026-03-05 16:23:58,361 - cell_segmenter.gui.main_window - DEBUG - Updated overlay display
2026-03-05 16:23:58,365 - cell_segmenter.gui.main_window - DEBUG - Updated overlay display
2026-03-05 16:23:58,383 - cell_segmenter.gui.main_window - DEBUG - Updated overlay display
2026-03-05 16:23:58,387 - cell_segmenter.gui.main_window - DEBUG - Updated overlay display
2026-03-05 16:23:58,391 - cell_segmenter.gui.main_window - DEBUG - Updated overlay display
2026-03-05 16:23:58,410 - cell_segmenter.gui.main_window - DEBUG - Updated overlay display
2026-03-05 16:23:58,414 - cell_segmenter.gui.main_window - DEBUG - Updated overlay display
2026-03-05 16:23:58,417 - cell_segmenter.gui.main_window - DEBUG - Updated overlay display
2026-03-05 16:23:58,436 - cell_segmenter.gui.main_window - DEBUG - Updated overlay display
2026-03-05 16:23:58,440 - cell_segmenter.gui.main_window - DEBUG - Updated overlay display
2026-03-05 16:23:58,444 - cell_segmenter.gui.main_window - DEBUG - Updated overlay display
2026-03-05 16:23:58,462 - cell_segmenter.gui.main_window - DEBUG - Updated overlay display
2026-03-05 16:23:58,466 - cell_segmenter.gui.main_window - DEBUG - Updated overlay display
2026-03-05 16:23:58,470 - cell_segmenter.gui.main_window - DEBUG - Updated overlay display
2026-03-05 16:23:58,489 - cell_segmenter.gui.main_window - DEBUG - Updated overlay display
2026-03-05 16:23:58,493 - cell_segmenter.gui.main_window - DEBUG - Updated overlay display
2026-03-05 16:23:58,497 - cell_segmenter.gui.main_window - DEBUG - Updated overlay display
2026-03-05 16:23:58,516 - cell_segmenter.gui.main_window - DEBUG - Updated overlay display
2026-03-05 16:23:58,519 - cell_segmenter.gui.main_window - DEBUG - Updated overlay display
2026-03-05 16:23:58,523 - cell_segmenter.gui.main_window - DEBUG - Updated overlay display
2026-03-05 16:23:58,542 - cell_segmenter.gui.main_window - DEBUG - Updated overlay display
2026-03-05 16:23:58,546 - cell_segmenter.gui.main_window - DEBUG - Updated overlay display
2026-03-05 16:23:58,550 - cell_segmenter.gui.main_window - DEBUG - Updated overlay display
2026-03-05 16:23:58,568 - cell_segmenter.gui.main_window - DEBUG - Updated overlay display
2026-03-05 16:23:58,572 - cell_segmenter.gui.main_window - DEBUG - Updated overlay display
2026-03-05 16:23:58,576 - cell_segmenter.gui.main_window - DEBUG - Updated overlay display
2026-03-05 16:23:58,594 - cell_segmenter.gui.main_window - DEBUG - Updated overlay display
2026-03-05 16:23:58,599 - cell_segmenter.gui.main_window - DEBUG - Updated overlay display
2026-03-05 16:23:58,602 - cell_segmenter.gui.main_window - DEBUG - Updated overlay display
2026-03-05 16:23:58,621 - cell_segmenter.gui.main_window - DEBUG - Updated overlay display
2026-03-05 16:23:58,625 - cell_segmenter.gui.main_window - DEBUG - Updated overlay display
2026-03-05 16:23:58,628 - cell_segmenter.gui.main_window - DEBUG - Updated overlay display
2026-03-05 16:23:58,647 - cell_segmenter.gui.main_window - DEBUG - Updated overlay display
2026-03-05 16:23:58,651 - cell_segmenter.gui.main_window - DEBUG - Updated overlay display
2026-03-05 16:23:58,655 - cell_segmenter.gui.main_window - DEBUG - Updated overlay display
2026-03-05 16:23:58,673 - cell_segmenter.gui.main_window - DEBUG - Updated overlay display
2026-03-05 16:23:58,677 - cell_segmenter.gui.main_window - DEBUG - Updated overlay display
2026-03-05 16:23:58,681 - cell_segmenter.gui.main_window - DEBUG - Updated overlay display
2026-03-05 16:23:58,699 - cell_segmenter.gui.main_window - DEBUG - Updated overlay display
2026-03-05 16:23:58,703 - cell_segmenter.gui.main_window - DEBUG - Updated overlay display
2026-03-05 16:23:58,707 - cell_segmenter.gui.main_window - DEBUG - Updated overlay display
2026-03-05 16:23:58,725 - cell_segmenter.gui.main_window - DEBUG - Updated overlay display
2026-03-05 16:23:58,729 - cell_segmenter.gui.main_window - DEBUG - Updated overlay display
2026-03-05 16:23:58,733 - cell_segmenter.gui.main_window - DEBUG - Updated overlay display
2026-03-05 16:23:58,751 - cell_segmenter.gui.main_window - DEBUG - Updated overlay display
2026-03-05 16:23:58,756 - cell_segmenter.gui.main_window - DEBUG - Updated overlay display
2026-03-05 16:23:58,759 - cell_segmenter.gui.main_window - DEBUG - Updated overlay display
2026-03-05 16:23:58,778 - cell_segmenter.gui.main_window - DEBUG - Updated overlay display
2026-03-05 16:23:58,782 - cell_segmenter.gui.main_window - DEBUG - Updated overlay display
2026-03-05 16:23:58,786 - cell_segmenter.gui.main_window - DEBUG - Updated overlay display
2026-03-05 16:23:58,804 - cell_segmenter.gui.main_window - DEBUG - Updated overlay display
2026-03-05 16:23:58,808 - cell_segmenter.gui.main_window - DEBUG - Updated overlay display
2026-03-05 16:23:58,812 - cell_segmenter.gui.main_window - DEBUG - Updated overlay display
2026-03-05 16:23:58,831 - cell_segmenter.gui.main_window - DEBUG - Updated overlay display
2026-03-05 16:23:58,835 - cell_segmenter.gui.main_window - DEBUG - Updated overlay display
2026-03-05 16:23:58,853 - cell_segmenter.gui.main_window - DEBUG - Updated overlay display
2026-03-05 16:23:58,857 - cell_segmenter.gui.main_window - DEBUG - Updated overlay display
2026-03-05 16:23:58,861 - cell_segmenter.gui.main_window - DEBUG - Updated overlay display
2026-03-05 16:23:58,879 - cell_segmenter.gui.main_window - DEBUG - Updated overlay display
2026-03-05 16:23:58,883 - cell_segmenter.gui.main_window - DEBUG - Updated overlay display
2026-03-05 16:23:58,888 - cell_segmenter.gui.main_window - DEBUG - Updated overlay display
2026-03-05 16:23:58,906 - cell_segmenter.gui.main_window - DEBUG - Updated overlay display
2026-03-05 16:23:58,910 - cell_segmenter.gui.main_window - DEBUG - Updated overlay display
2026-03-05 16:23:58,914 - cell_segmenter.gui.main_window - DEBUG - Updated overlay display
2026-03-05 16:23:58,932 - cell_segmenter.gui.main_window - DEBUG - Updated overlay display
2026-03-05 16:23:58,936 - cell_segmenter.gui.main_window - DEBUG - Updated overlay display
2026-03-05 16:23:58,940 - cell_segmenter.gui.main_window - DEBUG - Updated overlay display
2026-03-05 16:23:58,958 - cell_segmenter.gui.main_window - DEBUG - Updated overlay display
2026-03-05 16:23:58,962 - cell_segmenter.gui.main_window - DEBUG - Updated overlay display
2026-03-05 16:23:58,966 - cell_segmenter.gui.main_window - DEBUG - Updated overlay display
2026-03-05 16:23:58,984 - cell_segmenter.gui.main_window - DEBUG - Updated overlay display
2026-03-05 16:23:58,988 - cell_segmenter.gui.main_window - DEBUG - Updated overlay display
2026-03-05 16:23:58,992 - cell_segmenter.gui.main_window - DEBUG - Updated overlay display
2026-03-05 16:23:59,011 - cell_segmenter.gui.main_window - DEBUG - Updated overlay display
2026-03-05 16:23:59,015 - cell_segmenter.gui.main_window - DEBUG - Updated overlay display
2026-03-05 16:23:59,034 - cell_segmenter.gui.main_window - DEBUG - Updated overlay display
2026-03-05 16:23:59,038 - cell_segmenter.gui.main_window - DEBUG - Updated overlay display
2026-03-05 16:23:59,042 - cell_segmenter.gui.main_window - DEBUG - Updated overlay display
2026-03-05 16:23:59,060 - cell_segmenter.gui.main_window - DEBUG - Updated overlay display
2026-03-05 16:23:59,064 - cell_segmenter.gui.main_window - DEBUG - Updated overlay display
2026-03-05 16:23:59,068 - cell_segmenter.gui.main_window - DEBUG - Updated overlay display
2026-03-05 16:23:59,087 - cell_segmenter.gui.main_window - DEBUG - Updated overlay display
2026-03-05 16:23:59,091 - cell_segmenter.gui.main_window - DEBUG - Updated overlay display
2026-03-05 16:23:59,095 - cell_segmenter.gui.main_window - DEBUG - Updated overlay display
2026-03-05 16:23:59,113 - cell_segmenter.gui.main_window - DEBUG - Updated overlay display
2026-03-05 16:23:59,117 - cell_segmenter.gui.main_window - DEBUG - Updated overlay display
2026-03-05 16:23:59,121 - cell_segmenter.gui.main_window - DEBUG - Updated overlay display
2026-03-05 16:23:59,139 - cell_segmenter.gui.main_window - DEBUG - Updated overlay display
2026-03-05 16:23:59,143 - cell_segmenter.gui.main_window - DEBUG - Updated overlay display
2026-03-05 16:23:59,147 - cell_segmenter.gui.main_window - DEBUG - Updated overlay display
2026-03-05 16:23:59,166 - cell_segmenter.gui.main_window - DEBUG - Updated overlay display
2026-03-05 16:23:59,170 - cell_segmenter.gui.main_window - DEBUG - Updated overlay display
2026-03-05 16:23:59,174 - cell_segmenter.gui.main_window - DEBUG - Updated overlay display
2026-03-05 16:23:59,192 - cell_segmenter.gui.main_window - DEBUG - Updated overlay display
2026-03-05 16:23:59,197 - cell_segmenter.gui.main_window - DEBUG - Updated overlay display
2026-03-05 16:23:59,201 - cell_segmenter.gui.main_window - DEBUG - Updated overlay display
2026-03-05 16:23:59,219 - cell_segmenter.gui.main_window - DEBUG - Updated overlay display
2026-03-05 16:23:59,223 - cell_segmenter.gui.main_window - DEBUG - Updated overlay display
2026-03-05 16:23:59,242 - cell_segmenter.gui.main_window - DEBUG - Updated overlay display
2026-03-05 16:23:59,247 - cell_segmenter.gui.main_window - DEBUG - Updated overlay display
2026-03-05 16:23:59,250 - cell_segmenter.gui.main_window - DEBUG - Updated overlay display
2026-03-05 16:23:59,269 - cell_segmenter.gui.main_window - DEBUG - Updated overlay display
2026-03-05 16:23:59,273 - cell_segmenter.gui.main_window - DEBUG - Updated overlay display
2026-03-05 16:23:59,277 - cell_segmenter.gui.main_window - DEBUG - Updated overlay display
2026-03-05 16:23:59,296 - cell_segmenter.gui.main_window - DEBUG - Updated overlay display
2026-03-05 16:23:59,300 - cell_segmenter.gui.main_window - DEBUG - Updated overlay display
2026-03-05 16:23:59,304 - cell_segmenter.gui.main_window - DEBUG - Updated overlay display
2026-03-05 16:23:59,322 - cell_segmenter.gui.main_window - DEBUG - Updated overlay display
2026-03-05 16:23:59,326 - cell_segmenter.gui.main_window - DEBUG - Updated overlay display
2026-03-05 16:23:59,330 - cell_segmenter.gui.main_window - DEBUG - Updated overlay display
2026-03-05 16:23:59,348 - cell_segmenter.gui.main_window - DEBUG - Updated overlay display
2026-03-05 16:23:59,352 - cell_segmenter.gui.main_window - DEBUG - Updated overlay display
2026-03-05 16:23:59,356 - cell_segmenter.gui.main_window - DEBUG - Updated overlay display
2026-03-05 16:23:59,375 - cell_segmenter.gui.main_window - DEBUG - Updated overlay display
2026-03-05 16:23:59,379 - cell_segmenter.gui.main_window - DEBUG - Updated overlay display
2026-03-05 16:23:59,383 - cell_segmenter.gui.main_window - DEBUG - Updated overlay display
2026-03-05 16:23:59,402 - cell_segmenter.gui.main_window - DEBUG - Updated overlay display
2026-03-05 16:23:59,406 - cell_segmenter.gui.main_window - DEBUG - Updated overlay display
2026-03-05 16:23:59,410 - cell_segmenter.gui.main_window - DEBUG - Updated overlay display
2026-03-05 16:23:59,428 - cell_segmenter.gui.main_window - DEBUG - Updated overlay display
2026-03-05 16:23:59,432 - cell_segmenter.gui.main_window - DEBUG - Updated overlay display
2026-03-05 16:23:59,450 - cell_segmenter.gui.main_window - DEBUG - Updated overlay display
2026-03-05 16:23:59,454 - cell_segmenter.gui.main_window - DEBUG - Updated overlay display
2026-03-05 16:23:59,458 - cell_segmenter.gui.main_window - DEBUG - Updated overlay display
2026-03-05 16:23:59,477 - cell_segmenter.gui.main_window - DEBUG - Updated overlay display
2026-03-05 16:23:59,481 - cell_segmenter.gui.main_window - DEBUG - Updated overlay display
2026-03-05 16:23:59,499 - cell_segmenter.gui.main_window - DEBUG - Updated overlay display
2026-03-05 16:23:59,503 - cell_segmenter.gui.main_window - DEBUG - Updated overlay display
2026-03-05 16:23:59,522 - cell_segmenter.gui.main_window - DEBUG - Updated overlay display
2026-03-05 16:23:59,526 - cell_segmenter.gui.main_window - DEBUG - Updated overlay display
2026-03-05 16:23:59,530 - cell_segmenter.gui.main_window - DEBUG - Updated overlay display
2026-03-05 16:23:59,548 - cell_segmenter.gui.main_window - DEBUG - Updated overlay display
2026-03-05 16:23:59,552 - cell_segmenter.gui.main_window - DEBUG - Updated overlay display
2026-03-05 16:23:59,571 - cell_segmenter.gui.main_window - DEBUG - Updated overlay display
2026-03-05 16:23:59,575 - cell_segmenter.gui.main_window - DEBUG - Updated overlay display
2026-03-05 16:23:59,578 - cell_segmenter.gui.main_window - DEBUG - Updated overlay display
2026-03-05 16:23:59,597 - cell_segmenter.gui.main_window - DEBUG - Updated overlay display
2026-03-05 16:23:59,601 - cell_segmenter.gui.main_window - DEBUG - Updated overlay display
2026-03-05 16:23:59,605 - cell_segmenter.gui.main_window - DEBUG - Updated overlay display
2026-03-05 16:23:59,623 - cell_segmenter.gui.main_window - DEBUG - Updated overlay display
2026-03-05 16:23:59,627 - cell_segmenter.gui.main_window - DEBUG - Updated overlay display
2026-03-05 16:23:59,631 - cell_segmenter.gui.main_window - DEBUG - Updated overlay display
2026-03-05 16:23:59,650 - cell_segmenter.gui.main_window - DEBUG - Updated overlay display
2026-03-05 16:23:59,654 - cell_segmenter.gui.main_window - DEBUG - Updated overlay display
2026-03-05 16:23:59,657 - cell_segmenter.gui.main_window - DEBUG - Updated overlay display
2026-03-05 16:23:59,676 - cell_segmenter.gui.main_window - DEBUG - Updated overlay display
2026-03-05 16:23:59,680 - cell_segmenter.gui.main_window - DEBUG - Updated overlay display
2026-03-05 16:23:59,698 - cell_segmenter.gui.main_window - DEBUG - Updated overlay display
2026-03-05 16:23:59,702 - cell_segmenter.gui.main_window - DEBUG - Updated overlay display
2026-03-05 16:23:59,722 - cell_segmenter.gui.main_window - DEBUG - Updated overlay display
2026-03-05 16:23:59,726 - cell_segmenter.gui.main_window - DEBUG - Updated overlay display
2026-03-05 16:23:59,730 - cell_segmenter.gui.main_window - DEBUG - Updated overlay display
2026-03-05 16:23:59,748 - cell_segmenter.gui.main_window - DEBUG - Updated overlay display
2026-03-05 16:23:59,752 - cell_segmenter.gui.main_window - DEBUG - Updated overlay display
2026-03-05 16:23:59,756 - cell_segmenter.gui.main_window - DEBUG - Updated overlay display
2026-03-05 16:23:59,775 - cell_segmenter.gui.main_window - DEBUG - Updated overlay display
2026-03-05 16:23:59,779 - cell_segmenter.gui.main_window - DEBUG - Updated overlay display
2026-03-05 16:23:59,783 - cell_segmenter.gui.main_window - DEBUG - Updated overlay display
2026-03-05 16:23:59,801 - cell_segmenter.gui.main_window - DEBUG - Updated overlay display
2026-03-05 16:23:59,806 - cell_segmenter.gui.main_window - DEBUG - Updated overlay display
2026-03-05 16:23:59,810 - cell_segmenter.gui.main_window - DEBUG - Updated overlay display
2026-03-05 16:23:59,829 - cell_segmenter.gui.main_window - DEBUG - Updated overlay display
2026-03-05 16:23:59,833 - cell_segmenter.gui.main_window - DEBUG - Updated overlay display
2026-03-05 16:23:59,836 - cell_segmenter.gui.main_window - DEBUG - Updated overlay display
2026-03-05 16:23:59,855 - cell_segmenter.gui.main_window - DEBUG - Updated overlay display
2026-03-05 16:23:59,859 - cell_segmenter.gui.main_window - DEBUG - Updated overlay display
2026-03-05 16:23:59,863 - cell_segmenter.gui.main_window - DEBUG - Updated overlay display
2026-03-05 16:23:59,882 - cell_segmenter.gui.main_window - DEBUG - Updated overlay display
2026-03-05 16:23:59,886 - cell_segmenter.gui.main_window - DEBUG - Updated overlay display
2026-03-05 16:23:59,890 - cell_segmenter.gui.main_window - DEBUG - Updated overlay display
2026-03-05 16:23:59,908 - cell_segmenter.gui.main_window - DEBUG - Updated overlay display
2026-03-05 16:23:59,912 - cell_segmenter.gui.main_window - DEBUG - Updated overlay display
2026-03-05 16:23:59,916 - cell_segmenter.gui.main_window - DEBUG - Updated overlay display
2026-03-05 16:23:59,935 - cell_segmenter.gui.main_window - DEBUG - Updated overlay display
2026-03-05 16:23:59,939 - cell_segmenter.gui.main_window - DEBUG - Updated overlay display
2026-03-05 16:23:59,943 - cell_segmenter.gui.main_window - DEBUG - Updated overlay display
2026-03-05 16:23:59,961 - cell_segmenter.gui.main_window - DEBUG - Updated overlay display
2026-03-05 16:23:59,966 - cell_segmenter.gui.main_window - DEBUG - Updated overlay display
2026-03-05 16:23:59,970 - cell_segmenter.gui.main_window - DEBUG - Updated overlay display
2026-03-05 16:23:59,988 - cell_segmenter.gui.main_window - DEBUG - Updated overlay display
2026-03-05 16:23:59,992 - cell_segmenter.gui.main_window - DEBUG - Updated overlay display
2026-03-05 16:23:59,996 - cell_segmenter.gui.main_window - DEBUG - Updated overlay display
2026-03-05 16:24:00,015 - cell_segmenter.gui.main_window - DEBUG - Updated overlay display
2026-03-05 16:24:00,019 - cell_segmenter.gui.main_window - DEBUG - Updated overlay display
2026-03-05 16:24:00,023 - cell_segmenter.gui.main_window - DEBUG - Updated overlay display
2026-03-05 16:24:00,043 - cell_segmenter.gui.main_window - DEBUG - Updated overlay display
2026-03-05 16:24:00,047 - cell_segmenter.gui.main_window - DEBUG - Updated overlay display
2026-03-05 16:24:00,051 - cell_segmenter.gui.main_window - DEBUG - Updated overlay display
2026-03-05 16:24:00,070 - cell_segmenter.gui.main_window - DEBUG - Updated overlay display
2026-03-05 16:24:00,074 - cell_segmenter.gui.main_window - DEBUG - Updated overlay display
2026-03-05 16:24:00,078 - cell_segmenter.gui.main_window - DEBUG - Updated overlay display
2026-03-05 16:24:00,096 - cell_segmenter.gui.main_window - DEBUG - Updated overlay display
2026-03-05 16:24:00,100 - cell_segmenter.gui.main_window - DEBUG - Updated overlay display
2026-03-05 16:24:00,104 - cell_segmenter.gui.main_window - DEBUG - Updated overlay display
2026-03-05 16:24:00,122 - cell_segmenter.gui.main_window - DEBUG - Updated overlay display
2026-03-05 16:24:00,127 - cell_segmenter.gui.main_window - DEBUG - Updated overlay display
2026-03-05 16:24:00,130 - cell_segmenter.gui.main_window - DEBUG - Updated overlay display
2026-03-05 16:24:00,149 - cell_segmenter.gui.main_window - DEBUG - Updated overlay display
2026-03-05 16:24:00,153 - cell_segmenter.gui.main_window - DEBUG - Updated overlay display
2026-03-05 16:24:00,156 - cell_segmenter.gui.main_window - DEBUG - Updated overlay display
2026-03-05 16:24:00,175 - cell_segmenter.gui.main_window - DEBUG - Updated overlay display
2026-03-05 16:24:00,179 - cell_segmenter.gui.main_window - DEBUG - Updated overlay display
2026-03-05 16:24:00,183 - cell_segmenter.gui.main_window - DEBUG - Updated overlay display
2026-03-05 16:24:00,202 - cell_segmenter.gui.main_window - DEBUG - Updated overlay display
2026-03-05 16:24:00,206 - cell_segmenter.gui.main_window - DEBUG - Updated overlay display
2026-03-05 16:24:00,210 - cell_segmenter.gui.main_window - DEBUG - Updated overlay display
2026-03-05 16:24:00,228 - cell_segmenter.gui.main_window - DEBUG - Updated overlay display
2026-03-05 16:24:00,232 - cell_segmenter.gui.main_window - DEBUG - Updated overlay display
2026-03-05 16:24:00,236 - cell_segmenter.gui.main_window - DEBUG - Updated overlay display
2026-03-05 16:24:00,255 - cell_segmenter.gui.main_window - DEBUG - Updated overlay display
2026-03-05 16:24:00,259 - cell_segmenter.gui.main_window - DEBUG - Updated overlay display
2026-03-05 16:24:00,296 - cell_segmenter.gui.main_window - DEBUG - Updated overlay display
2026-03-05 16:24:00,300 - cell_segmenter.gui.main_window - DEBUG - Updated overlay display
2026-03-05 16:24:00,319 - cell_segmenter.gui.main_window - DEBUG - Updated overlay display
2026-03-05 16:24:00,323 - cell_segmenter.gui.main_window - DEBUG - Updated overlay display
2026-03-05 16:24:00,341 - cell_segmenter.gui.main_window - DEBUG - Updated overlay display
2026-03-05 16:24:00,346 - cell_segmenter.gui.main_window - DEBUG - Updated overlay display
2026-03-05 16:24:00,364 - cell_segmenter.gui.main_window - DEBUG - Updated overlay display
2026-03-05 16:24:00,368 - cell_segmenter.gui.main_window - DEBUG - Updated overlay display
2026-03-05 16:24:00,387 - cell_segmenter.gui.main_window - DEBUG - Updated overlay display
2026-03-05 16:24:00,391 - cell_segmenter.gui.main_window - DEBUG - Updated overlay display
2026-03-05 16:24:00,410 - cell_segmenter.gui.main_window - DEBUG - Updated overlay display
2026-03-05 16:24:00,414 - cell_segmenter.gui.main_window - DEBUG - Updated overlay display
2026-03-05 16:24:00,418 - cell_segmenter.gui.main_window - DEBUG - Updated overlay display
2026-03-05 16:24:00,437 - cell_segmenter.gui.main_window - DEBUG - Updated overlay display
2026-03-05 16:24:00,441 - cell_segmenter.gui.main_window - DEBUG - Updated overlay display
2026-03-05 16:24:00,460 - cell_segmenter.gui.main_window - DEBUG - Updated overlay display
2026-03-05 16:24:00,464 - cell_segmenter.gui.main_window - DEBUG - Updated overlay display
2026-03-05 16:24:00,483 - cell_segmenter.gui.main_window - DEBUG - Updated overlay display
2026-03-05 16:24:00,487 - cell_segmenter.gui.main_window - DEBUG - Updated overlay display
2026-03-05 16:24:00,491 - cell_segmenter.gui.main_window - DEBUG - Updated overlay display
2026-03-05 16:24:00,509 - cell_segmenter.gui.main_window - DEBUG - Updated overlay display
2026-03-05 16:24:00,514 - cell_segmenter.gui.main_window - DEBUG - Updated overlay display
2026-03-05 16:24:00,532 - cell_segmenter.gui.main_window - DEBUG - Updated overlay display
2026-03-05 16:24:00,536 - cell_segmenter.gui.main_window - DEBUG - Updated overlay display
2026-03-05 16:24:00,540 - cell_segmenter.gui.main_window - DEBUG - Updated overlay display
2026-03-05 16:24:00,559 - cell_segmenter.gui.main_window - DEBUG - Updated overlay display
2026-03-05 16:24:00,563 - cell_segmenter.gui.main_window - DEBUG - Updated overlay display
2026-03-05 16:24:00,567 - cell_segmenter.gui.main_window - DEBUG - Updated overlay display
2026-03-05 16:24:00,586 - cell_segmenter.gui.main_window - DEBUG - Updated overlay display
2026-03-05 16:24:00,590 - cell_segmenter.gui.main_window - DEBUG - Updated overlay display
2026-03-05 16:24:00,594 - cell_segmenter.gui.main_window - DEBUG - Updated overlay display
2026-03-05 16:24:00,612 - cell_segmenter.gui.main_window - DEBUG - Updated overlay display
2026-03-05 16:24:00,616 - cell_segmenter.gui.main_window - DEBUG - Updated overlay display
2026-03-05 16:24:00,620 - cell_segmenter.gui.main_window - DEBUG - Updated overlay display
2026-03-05 16:24:00,862 - cell_segmenter.gui.main_window - DEBUG - Updated overlay display
2026-03-05 16:24:00,871 - cell_segmenter.gui.main_window - DEBUG - Updated overlay display
2026-03-05 16:24:00,900 - cell_segmenter.gui.main_window - DEBUG - Updated overlay display
2026-03-05 16:24:00,905 - cell_segmenter.gui.main_window - DEBUG - Updated overlay display
2026-03-05 16:24:00,926 - cell_segmenter.gui.main_window - DEBUG - Updated overlay display
2026-03-05 16:24:00,930 - cell_segmenter.gui.main_window - DEBUG - Updated overlay display
2026-03-05 16:24:00,949 - cell_segmenter.gui.main_window - DEBUG - Updated overlay display
2026-03-05 16:24:00,953 - cell_segmenter.gui.main_window - DEBUG - Updated overlay display
2026-03-05 16:24:00,972 - cell_segmenter.gui.main_window - DEBUG - Updated overlay display
2026-03-05 16:24:00,976 - cell_segmenter.gui.main_window - DEBUG - Updated overlay display
2026-03-05 16:24:00,995 - cell_segmenter.gui.main_window - DEBUG - Updated overlay display
2026-03-05 16:24:00,999 - cell_segmenter.gui.main_window - DEBUG - Updated overlay display
2026-03-05 16:24:01,003 - cell_segmenter.gui.main_window - DEBUG - Updated overlay display
2026-03-05 16:24:01,021 - cell_segmenter.gui.main_window - DEBUG - Updated overlay display
2026-03-05 16:24:01,025 - cell_segmenter.gui.main_window - DEBUG - Updated overlay display
2026-03-05 16:24:01,044 - cell_segmenter.gui.main_window - DEBUG - Updated overlay display
2026-03-05 16:24:01,049 - cell_segmenter.gui.main_window - DEBUG - Updated overlay display
2026-03-05 16:24:01,068 - cell_segmenter.gui.main_window - DEBUG - Updated overlay display
2026-03-05 16:24:01,072 - cell_segmenter.gui.main_window - DEBUG - Updated overlay display
2026-03-05 16:24:01,077 - cell_segmenter.gui.main_window - DEBUG - Updated overlay display
2026-03-05 16:24:01,095 - cell_segmenter.gui.main_window - DEBUG - Updated overlay display
2026-03-05 16:24:01,099 - cell_segmenter.gui.main_window - DEBUG - Updated overlay display
2026-03-05 16:24:01,103 - cell_segmenter.gui.main_window - DEBUG - Updated overlay display
2026-03-05 16:24:01,122 - cell_segmenter.gui.main_window - DEBUG - Updated overlay display
2026-03-05 16:24:01,126 - cell_segmenter.gui.main_window - DEBUG - Updated overlay display
2026-03-05 16:24:01,130 - cell_segmenter.gui.main_window - DEBUG - Updated overlay display
2026-03-05 16:24:01,149 - cell_segmenter.gui.main_window - DEBUG - Updated overlay display
2026-03-05 16:24:01,153 - cell_segmenter.gui.main_window - DEBUG - Updated overlay display
2026-03-05 16:24:01,171 - cell_segmenter.gui.main_window - DEBUG - Updated overlay display
2026-03-05 16:24:01,176 - cell_segmenter.gui.main_window - DEBUG - Updated overlay display
2026-03-05 16:24:01,196 - cell_segmenter.gui.main_window - DEBUG - Updated overlay display
2026-03-05 16:24:01,200 - cell_segmenter.gui.main_window - DEBUG - Updated overlay display
2026-03-05 16:24:01,219 - cell_segmenter.gui.main_window - DEBUG - Updated overlay display
2026-03-05 16:24:01,223 - cell_segmenter.gui.main_window - DEBUG - Updated overlay display
2026-03-05 16:24:01,241 - cell_segmenter.gui.main_window - DEBUG - Updated overlay display
2026-03-05 16:24:01,245 - cell_segmenter.gui.main_window - DEBUG - Updated overlay display
2026-03-05 16:24:01,249 - cell_segmenter.gui.main_window - DEBUG - Updated overlay display
2026-03-05 16:24:01,268 - cell_segmenter.gui.main_window - DEBUG - Updated overlay display
2026-03-05 16:24:01,272 - cell_segmenter.gui.main_window - DEBUG - Updated overlay display
2026-03-05 16:24:01,276 - cell_segmenter.gui.main_window - DEBUG - Updated overlay display
2026-03-05 16:24:01,295 - cell_segmenter.gui.main_window - DEBUG - Updated overlay display
2026-03-05 16:24:01,299 - cell_segmenter.gui.main_window - DEBUG - Updated overlay display
2026-03-05 16:24:01,303 - cell_segmenter.gui.main_window - DEBUG - Updated overlay display
2026-03-05 16:24:01,321 - cell_segmenter.gui.main_window - DEBUG - Updated overlay display
2026-03-05 16:24:01,326 - cell_segmenter.gui.main_window - DEBUG - Updated overlay display
2026-03-05 16:24:01,330 - cell_segmenter.gui.main_window - DEBUG - Updated overlay display
2026-03-05 16:24:01,348 - cell_segmenter.gui.main_window - DEBUG - Updated overlay display
2026-03-05 16:24:01,352 - cell_segmenter.gui.main_window - DEBUG - Updated overlay display
2026-03-05 16:24:01,356 - cell_segmenter.gui.main_window - DEBUG - Updated overlay display
2026-03-05 16:24:01,375 - cell_segmenter.gui.main_window - DEBUG - Updated overlay display
2026-03-05 16:24:01,379 - cell_segmenter.gui.main_window - DEBUG - Updated overlay display
2026-03-05 16:24:01,383 - cell_segmenter.gui.main_window - DEBUG - Updated overlay display
2026-03-05 16:24:01,401 - cell_segmenter.gui.main_window - DEBUG - Updated overlay display
2026-03-05 16:24:01,406 - cell_segmenter.gui.main_window - DEBUG - Updated overlay display
2026-03-05 16:24:01,410 - cell_segmenter.gui.main_window - DEBUG - Updated overlay display
2026-03-05 16:24:01,428 - cell_segmenter.gui.main_window - DEBUG - Updated overlay display
2026-03-05 16:24:01,432 - cell_segmenter.gui.main_window - DEBUG - Updated overlay display
2026-03-05 16:24:01,437 - cell_segmenter.gui.main_window - DEBUG - Updated overlay display
2026-03-05 16:24:01,455 - cell_segmenter.gui.main_window - DEBUG - Updated overlay display
2026-03-05 16:24:01,459 - cell_segmenter.gui.main_window - DEBUG - Updated overlay display
2026-03-05 16:24:01,478 - cell_segmenter.gui.main_window - DEBUG - Updated overlay display
2026-03-05 16:24:01,482 - cell_segmenter.gui.main_window - DEBUG - Updated overlay display
2026-03-05 16:24:01,486 - cell_segmenter.gui.main_window - DEBUG - Updated overlay display
2026-03-05 16:24:01,505 - cell_segmenter.gui.main_window - DEBUG - Updated overlay display
2026-03-05 16:24:01,509 - cell_segmenter.gui.main_window - DEBUG - Updated overlay display
2026-03-05 16:24:01,513 - cell_segmenter.gui.main_window - DEBUG - Updated overlay display
2026-03-05 16:24:01,532 - cell_segmenter.gui.main_window - DEBUG - Updated overlay display
2026-03-05 16:24:01,536 - cell_segmenter.gui.main_window - DEBUG - Updated overlay display
2026-03-05 16:24:01,540 - cell_segmenter.gui.main_window - DEBUG - Updated overlay display
2026-03-05 16:24:01,559 - cell_segmenter.gui.main_window - DEBUG - Updated overlay display
2026-03-05 16:24:01,563 - cell_segmenter.gui.main_window - DEBUG - Updated overlay display
2026-03-05 16:24:01,567 - cell_segmenter.gui.main_window - DEBUG - Updated overlay display
2026-03-05 16:24:01,586 - cell_segmenter.gui.main_window - DEBUG - Updated overlay display
2026-03-05 16:24:01,590 - cell_segmenter.gui.main_window - DEBUG - Updated overlay display
2026-03-05 16:24:01,594 - cell_segmenter.gui.main_window - DEBUG - Updated overlay display
2026-03-05 16:24:01,613 - cell_segmenter.gui.main_window - DEBUG - Updated overlay display
2026-03-05 16:24:01,617 - cell_segmenter.gui.main_window - DEBUG - Updated overlay display
2026-03-05 16:24:01,621 - cell_segmenter.gui.main_window - DEBUG - Updated overlay display
2026-03-05 16:24:01,640 - cell_segmenter.gui.main_window - DEBUG - Updated overlay display
2026-03-05 16:24:01,644 - cell_segmenter.gui.main_window - DEBUG - Updated overlay display
2026-03-05 16:24:01,648 - cell_segmenter.gui.main_window - DEBUG - Updated overlay display
2026-03-05 16:24:01,666 - cell_segmenter.gui.main_window - DEBUG - Updated overlay display
2026-03-05 16:24:01,670 - cell_segmenter.gui.main_window - DEBUG - Updated overlay display
2026-03-05 16:24:01,674 - cell_segmenter.gui.main_window - DEBUG - Updated overlay display
2026-03-05 16:24:01,693 - cell_segmenter.gui.main_window - DEBUG - Updated overlay display
2026-03-05 16:24:01,697 - cell_segmenter.gui.main_window - DEBUG - Updated overlay display
2026-03-05 16:24:01,701 - cell_segmenter.gui.main_window - DEBUG - Updated overlay display
2026-03-05 16:24:01,720 - cell_segmenter.gui.main_window - DEBUG - Updated overlay display
2026-03-05 16:24:01,724 - cell_segmenter.gui.main_window - DEBUG - Updated overlay display
2026-03-05 16:24:01,728 - cell_segmenter.gui.main_window - DEBUG - Updated overlay display
2026-03-05 16:24:01,746 - cell_segmenter.gui.main_window - DEBUG - Updated overlay display
2026-03-05 16:24:01,750 - cell_segmenter.gui.main_window - DEBUG - Updated overlay display
2026-03-05 16:24:01,754 - cell_segmenter.gui.main_window - DEBUG - Updated overlay display
2026-03-05 16:24:01,773 - cell_segmenter.gui.main_window - DEBUG - Updated overlay display
2026-03-05 16:24:01,778 - cell_segmenter.gui.main_window - DEBUG - Updated overlay display
2026-03-05 16:24:01,782 - cell_segmenter.gui.main_window - DEBUG - Updated overlay display
2026-03-05 16:24:01,801 - cell_segmenter.gui.main_window - DEBUG - Updated overlay display
2026-03-05 16:24:01,805 - cell_segmenter.gui.main_window - DEBUG - Updated overlay display
2026-03-05 16:24:01,809 - cell_segmenter.gui.main_window - DEBUG - Updated overlay display
2026-03-05 16:24:01,828 - cell_segmenter.gui.main_window - DEBUG - Updated overlay display
2026-03-05 16:24:01,832 - cell_segmenter.gui.main_window - DEBUG - Updated overlay display
2026-03-05 16:24:01,836 - cell_segmenter.gui.main_window - DEBUG - Updated overlay display
2026-03-05 16:24:01,855 - cell_segmenter.gui.main_window - DEBUG - Updated overlay display
2026-03-05 16:24:01,859 - cell_segmenter.gui.main_window - DEBUG - Updated overlay display
2026-03-05 16:24:01,863 - cell_segmenter.gui.main_window - DEBUG - Updated overlay display
2026-03-05 16:24:01,882 - cell_segmenter.gui.main_window - DEBUG - Updated overlay display
2026-03-05 16:24:01,886 - cell_segmenter.gui.main_window - DEBUG - Updated overlay display
2026-03-05 16:24:01,891 - cell_segmenter.gui.main_window - DEBUG - Updated overlay display
2026-03-05 16:24:01,909 - cell_segmenter.gui.main_window - DEBUG - Updated overlay display
2026-03-05 16:24:01,913 - cell_segmenter.gui.main_window - DEBUG - Updated overlay display
2026-03-05 16:24:01,917 - cell_segmenter.gui.main_window - DEBUG - Updated overlay display
2026-03-05 16:24:01,936 - cell_segmenter.gui.main_window - DEBUG - Updated overlay display
2026-03-05 16:24:01,940 - cell_segmenter.gui.main_window - DEBUG - Updated overlay display
2026-03-05 16:24:01,944 - cell_segmenter.gui.main_window - DEBUG - Updated overlay display
2026-03-05 16:24:01,963 - cell_segmenter.gui.main_window - DEBUG - Updated overlay display
2026-03-05 16:24:01,967 - cell_segmenter.gui.main_window - DEBUG - Updated overlay display
2026-03-05 16:24:01,971 - cell_segmenter.gui.main_window - DEBUG - Updated overlay display
2026-03-05 16:24:01,990 - cell_segmenter.gui.main_window - DEBUG - Updated overlay display
2026-03-05 16:24:01,994 - cell_segmenter.gui.main_window - DEBUG - Updated overlay display
2026-03-05 16:24:01,999 - cell_segmenter.gui.main_window - DEBUG - Updated overlay display
2026-03-05 16:24:02,017 - cell_segmenter.gui.main_window - DEBUG - Updated overlay display
2026-03-05 16:24:02,021 - cell_segmenter.gui.main_window - DEBUG - Updated overlay display
2026-03-05 16:24:02,025 - cell_segmenter.gui.main_window - DEBUG - Updated overlay display
2026-03-05 16:24:02,045 - cell_segmenter.gui.main_window - DEBUG - Updated overlay display
2026-03-05 16:24:02,049 - cell_segmenter.gui.main_window - DEBUG - Updated overlay display
2026-03-05 16:24:02,053 - cell_segmenter.gui.main_window - DEBUG - Updated overlay display
2026-03-05 16:24:02,071 - cell_segmenter.gui.main_window - DEBUG - Updated overlay display
2026-03-05 16:24:02,076 - cell_segmenter.gui.main_window - DEBUG - Updated overlay display
2026-03-05 16:24:02,080 - cell_segmenter.gui.main_window - DEBUG - Updated overlay display
2026-03-05 16:24:02,098 - cell_segmenter.gui.main_window - DEBUG - Updated overlay display
2026-03-05 16:24:02,103 - cell_segmenter.gui.main_window - DEBUG - Updated overlay display
2026-03-05 16:24:02,107 - cell_segmenter.gui.main_window - DEBUG - Updated overlay display
2026-03-05 16:24:02,126 - cell_segmenter.gui.main_window - DEBUG - Updated overlay display
2026-03-05 16:24:02,130 - cell_segmenter.gui.main_window - DEBUG - Updated overlay display
2026-03-05 16:24:02,134 - cell_segmenter.gui.main_window - DEBUG - Updated overlay display
2026-03-05 16:24:02,153 - cell_segmenter.gui.main_window - DEBUG - Updated overlay display
2026-03-05 16:24:02,158 - cell_segmenter.gui.main_window - DEBUG - Updated overlay display
2026-03-05 16:24:02,162 - cell_segmenter.gui.main_window - DEBUG - Updated overlay display
2026-03-05 16:24:02,180 - cell_segmenter.gui.main_window - DEBUG - Updated overlay display
2026-03-05 16:24:02,185 - cell_segmenter.gui.main_window - DEBUG - Updated overlay display
2026-03-05 16:24:02,203 - cell_segmenter.gui.main_window - DEBUG - Updated overlay display
2026-03-05 16:24:02,208 - cell_segmenter.gui.main_window - DEBUG - Updated overlay display
2026-03-05 16:24:02,212 - cell_segmenter.gui.main_window - DEBUG - Updated overlay display
2026-03-05 16:24:02,231 - cell_segmenter.gui.main_window - DEBUG - Updated overlay display
2026-03-05 16:24:02,235 - cell_segmenter.gui.main_window - DEBUG - Updated overlay display
2026-03-05 16:24:02,239 - cell_segmenter.gui.main_window - DEBUG - Updated overlay display
2026-03-05 16:24:02,258 - cell_segmenter.gui.main_window - DEBUG - Updated overlay display
2026-03-05 16:24:02,262 - cell_segmenter.gui.main_window - DEBUG - Updated overlay display
2026-03-05 16:24:02,266 - cell_segmenter.gui.main_window - DEBUG - Updated overlay display
2026-03-05 16:24:02,285 - cell_segmenter.gui.main_window - DEBUG - Updated overlay display
2026-03-05 16:24:02,289 - cell_segmenter.gui.main_window - DEBUG - Updated overlay display
2026-03-05 16:24:02,293 - cell_segmenter.gui.main_window - DEBUG - Updated overlay display
2026-03-05 16:24:02,312 - cell_segmenter.gui.main_window - DEBUG - Updated overlay display
2026-03-05 16:24:02,316 - cell_segmenter.gui.main_window - DEBUG - Updated overlay display
2026-03-05 16:24:02,320 - cell_segmenter.gui.main_window - DEBUG - Updated overlay display
2026-03-05 16:24:02,339 - cell_segmenter.gui.main_window - DEBUG - Updated overlay display
2026-03-05 16:24:02,343 - cell_segmenter.gui.main_window - DEBUG - Updated overlay display
2026-03-05 16:24:02,347 - cell_segmenter.gui.main_window - DEBUG - Updated overlay display
2026-03-05 16:24:02,366 - cell_segmenter.gui.main_window - DEBUG - Updated overlay display
2026-03-05 16:24:02,370 - cell_segmenter.gui.main_window - DEBUG - Updated overlay display
2026-03-05 16:24:02,374 - cell_segmenter.gui.main_window - DEBUG - Updated overlay display
2026-03-05 16:24:02,393 - cell_segmenter.gui.main_window - DEBUG - Updated overlay display
2026-03-05 16:24:02,397 - cell_segmenter.gui.main_window - DEBUG - Updated overlay display
2026-03-05 16:24:02,401 - cell_segmenter.gui.main_window - DEBUG - Updated overlay display
2026-03-05 16:24:02,420 - cell_segmenter.gui.main_window - DEBUG - Updated overlay display
2026-03-05 16:24:02,425 - cell_segmenter.gui.main_window - DEBUG - Updated overlay display
2026-03-05 16:24:02,429 - cell_segmenter.gui.main_window - DEBUG - Updated overlay display
2026-03-05 16:24:02,448 - cell_segmenter.gui.main_window - DEBUG - Updated overlay display
2026-03-05 16:24:02,452 - cell_segmenter.gui.main_window - DEBUG - Updated overlay display
2026-03-05 16:24:02,456 - cell_segmenter.gui.main_window - DEBUG - Updated overlay display
2026-03-05 16:24:02,475 - cell_segmenter.gui.main_window - DEBUG - Updated overlay display
2026-03-05 16:24:02,479 - cell_segmenter.gui.main_window - DEBUG - Updated overlay display
2026-03-05 16:24:02,483 - cell_segmenter.gui.main_window - DEBUG - Updated overlay display
2026-03-05 16:24:02,502 - cell_segmenter.gui.main_window - DEBUG - Updated overlay display
2026-03-05 16:24:02,507 - cell_segmenter.gui.main_window - DEBUG - Updated overlay display
2026-03-05 16:24:02,511 - cell_segmenter.gui.main_window - DEBUG - Updated overlay display
2026-03-05 16:24:02,530 - cell_segmenter.gui.main_window - DEBUG - Updated overlay display
2026-03-05 16:24:02,534 - cell_segmenter.gui.main_window - DEBUG - Updated overlay display
2026-03-05 16:24:02,538 - cell_segmenter.gui.main_window - DEBUG - Updated overlay display
2026-03-05 16:24:02,556 - cell_segmenter.gui.main_window - DEBUG - Updated overlay display
2026-03-05 16:24:02,560 - cell_segmenter.gui.main_window - DEBUG - Updated overlay display
2026-03-05 16:24:02,579 - cell_segmenter.gui.main_window - DEBUG - Updated overlay display
2026-03-05 16:24:02,584 - cell_segmenter.gui.main_window - DEBUG - Updated overlay display
2026-03-05 16:24:02,588 - cell_segmenter.gui.main_window - DEBUG - Updated overlay display
2026-03-05 16:24:02,607 - cell_segmenter.gui.main_window - DEBUG - Updated overlay display
2026-03-05 16:24:02,611 - cell_segmenter.gui.main_window - DEBUG - Updated overlay display
2026-03-05 16:24:02,629 - cell_segmenter.gui.main_window - DEBUG - Updated overlay display
2026-03-05 16:24:02,633 - cell_segmenter.gui.main_window - DEBUG - Updated overlay display
2026-03-05 16:24:02,653 - cell_segmenter.gui.main_window - DEBUG - Updated overlay display
2026-03-05 16:24:02,657 - cell_segmenter.gui.main_window - DEBUG - Updated overlay display
2026-03-05 16:24:02,661 - cell_segmenter.gui.main_window - DEBUG - Updated overlay display
2026-03-05 16:24:02,679 - cell_segmenter.gui.main_window - DEBUG - Updated overlay display
2026-03-05 16:24:02,684 - cell_segmenter.gui.main_window - DEBUG - Updated overlay display
2026-03-05 16:24:02,688 - cell_segmenter.gui.main_window - DEBUG - Updated overlay display
2026-03-05 16:24:02,707 - cell_segmenter.gui.main_window - DEBUG - Updated overlay display
2026-03-05 16:24:02,711 - cell_segmenter.gui.main_window - DEBUG - Updated overlay display
2026-03-05 16:24:02,715 - cell_segmenter.gui.main_window - DEBUG - Updated overlay display
2026-03-05 16:24:02,734 - cell_segmenter.gui.main_window - DEBUG - Updated overlay display
2026-03-05 16:24:02,738 - cell_segmenter.gui.main_window - DEBUG - Updated overlay display
2026-03-05 16:24:02,757 - cell_segmenter.gui.main_window - DEBUG - Updated overlay display
2026-03-05 16:24:02,762 - cell_segmenter.gui.main_window - DEBUG - Updated overlay display
2026-03-05 16:24:02,766 - cell_segmenter.gui.main_window - DEBUG - Updated overlay display
2026-03-05 16:24:02,784 - cell_segmenter.gui.main_window - DEBUG - Updated overlay display
2026-03-05 16:24:02,789 - cell_segmenter.gui.main_window - DEBUG - Updated overlay display
2026-03-05 16:24:02,793 - cell_segmenter.gui.main_window - DEBUG - Updated overlay display
2026-03-05 16:24:02,811 - cell_segmenter.gui.main_window - DEBUG - Updated overlay display
2026-03-05 16:24:02,815 - cell_segmenter.gui.main_window - DEBUG - Updated overlay display
2026-03-05 16:24:02,834 - cell_segmenter.gui.main_window - DEBUG - Updated overlay display
2026-03-05 16:24:02,838 - cell_segmenter.gui.main_window - DEBUG - Updated overlay display
2026-03-05 16:24:02,842 - cell_segmenter.gui.main_window - DEBUG - Updated overlay display
2026-03-05 16:24:02,862 - cell_segmenter.gui.main_window - DEBUG - Updated overlay display
2026-03-05 16:24:02,866 - cell_segmenter.gui.main_window - DEBUG - Updated overlay display
2026-03-05 16:24:02,870 - cell_segmenter.gui.main_window - DEBUG - Updated overlay display
2026-03-05 16:24:02,889 - cell_segmenter.gui.main_window - DEBUG - Updated overlay display
2026-03-05 16:24:02,894 - cell_segmenter.gui.main_window - DEBUG - Updated overlay display
2026-03-05 16:24:02,898 - cell_segmenter.gui.main_window - DEBUG - Updated overlay display
2026-03-05 16:24:02,917 - cell_segmenter.gui.main_window - DEBUG - Updated overlay display
2026-03-05 16:24:02,921 - cell_segmenter.gui.main_window - DEBUG - Updated overlay display
2026-03-05 16:24:02,950 - cell_segmenter.gui.main_window - DEBUG - Updated overlay display
2026-03-05 16:24:02,954 - cell_segmenter.gui.main_window - DEBUG - Updated overlay display
2026-03-05 16:24:02,973 - cell_segmenter.gui.main_window - DEBUG - Updated overlay display
2026-03-05 16:24:02,977 - cell_segmenter.gui.main_window - DEBUG - Updated overlay display
2026-03-05 16:24:02,996 - cell_segmenter.gui.main_window - DEBUG - Updated overlay display
2026-03-05 16:24:03,000 - cell_segmenter.gui.main_window - DEBUG - Updated overlay display
2026-03-05 16:24:03,019 - cell_segmenter.gui.main_window - DEBUG - Updated overlay display
2026-03-05 16:24:03,023 - cell_segmenter.gui.main_window - DEBUG - Updated overlay display
2026-03-05 16:24:03,041 - cell_segmenter.gui.main_window - DEBUG - Updated overlay display
2026-03-05 16:24:03,046 - cell_segmenter.gui.main_window - DEBUG - Updated overlay display
2026-03-05 16:24:03,064 - cell_segmenter.gui.main_window - DEBUG - Updated overlay display
2026-03-05 16:24:03,069 - cell_segmenter.gui.main_window - DEBUG - Updated overlay display
2026-03-05 16:24:03,087 - cell_segmenter.gui.main_window - DEBUG - Updated overlay display
2026-03-05 16:24:03,092 - cell_segmenter.gui.main_window - DEBUG - Updated overlay display
2026-03-05 16:24:03,110 - cell_segmenter.gui.main_window - DEBUG - Updated overlay display
2026-03-05 16:24:03,114 - cell_segmenter.gui.main_window - DEBUG - Updated overlay display
2026-03-05 16:24:03,119 - cell_segmenter.gui.main_window - DEBUG - Updated overlay display
2026-03-05 16:24:03,137 - cell_segmenter.gui.main_window - DEBUG - Updated overlay display
2026-03-05 16:24:03,141 - cell_segmenter.gui.main_window - DEBUG - Updated overlay display
2026-03-05 16:24:03,160 - cell_segmenter.gui.main_window - DEBUG - Updated overlay display
2026-03-05 16:24:03,164 - cell_segmenter.gui.main_window - DEBUG - Updated overlay display
2026-03-05 16:24:03,183 - cell_segmenter.gui.main_window - DEBUG - Updated overlay display
2026-03-05 16:24:03,187 - cell_segmenter.gui.main_window - DEBUG - Updated overlay display
2026-03-05 16:24:03,191 - cell_segmenter.gui.main_window - DEBUG - Updated overlay display
2026-03-05 16:24:03,210 - cell_segmenter.gui.main_window - DEBUG - Updated overlay display
2026-03-05 16:24:03,214 - cell_segmenter.gui.main_window - DEBUG - Updated overlay display
2026-03-05 16:24:03,233 - cell_segmenter.gui.main_window - DEBUG - Updated overlay display
2026-03-05 16:24:03,237 - cell_segmenter.gui.main_window - DEBUG - Updated overlay display
2026-03-05 16:24:03,241 - cell_segmenter.gui.main_window - DEBUG - Updated overlay display
2026-03-05 16:24:03,260 - cell_segmenter.gui.main_window - DEBUG - Updated overlay display
2026-03-05 16:24:03,265 - cell_segmenter.gui.main_window - DEBUG - Updated overlay display
2026-03-05 16:24:03,269 - cell_segmenter.gui.main_window - DEBUG - Updated overlay display
2026-03-05 16:24:03,287 - cell_segmenter.gui.main_window - DEBUG - Updated overlay display
2026-03-05 16:24:03,292 - cell_segmenter.gui.main_window - DEBUG - Updated overlay display
2026-03-05 16:24:03,311 - cell_segmenter.gui.main_window - DEBUG - Updated overlay display
2026-03-05 16:24:03,315 - cell_segmenter.gui.main_window - DEBUG - Updated overlay display
2026-03-05 16:24:03,319 - cell_segmenter.gui.main_window - DEBUG - Updated overlay display
2026-03-05 16:24:03,337 - cell_segmenter.gui.main_window - DEBUG - Updated overlay display
2026-03-05 16:24:03,342 - cell_segmenter.gui.main_window - DEBUG - Updated overlay display
2026-03-05 16:24:03,346 - cell_segmenter.gui.main_window - DEBUG - Updated overlay display
2026-03-05 16:24:03,365 - cell_segmenter.gui.main_window - DEBUG - Updated overlay display
2026-03-05 16:24:03,369 - cell_segmenter.gui.main_window - DEBUG - Updated overlay display
2026-03-05 16:24:03,373 - cell_segmenter.gui.main_window - DEBUG - Updated overlay display
2026-03-05 16:24:03,392 - cell_segmenter.gui.main_window - DEBUG - Updated overlay display
2026-03-05 16:24:03,396 - cell_segmenter.gui.main_window - DEBUG - Updated overlay display
2026-03-05 16:24:03,400 - cell_segmenter.gui.main_window - DEBUG - Updated overlay display
2026-03-05 16:24:03,419 - cell_segmenter.gui.main_window - DEBUG - Updated overlay display
2026-03-05 16:24:03,424 - cell_segmenter.gui.main_window - DEBUG - Updated overlay display
2026-03-05 16:24:03,428 - cell_segmenter.gui.main_window - DEBUG - Updated overlay display
2026-03-05 16:24:03,446 - cell_segmenter.gui.main_window - DEBUG - Updated overlay display
2026-03-05 16:24:03,451 - cell_segmenter.gui.main_window - DEBUG - Updated overlay display
2026-03-05 16:24:03,455 - cell_segmenter.gui.main_window - DEBUG - Updated overlay display
2026-03-05 16:24:03,474 - cell_segmenter.gui.main_window - DEBUG - Updated overlay display
2026-03-05 16:24:03,478 - cell_segmenter.gui.main_window - DEBUG - Updated overlay display
2026-03-05 16:24:03,482 - cell_segmenter.gui.main_window - DEBUG - Updated overlay display
2026-03-05 16:24:03,501 - cell_segmenter.gui.main_window - DEBUG - Updated overlay display
2026-03-05 16:24:03,505 - cell_segmenter.gui.main_window - DEBUG - Updated overlay display
2026-03-05 16:24:03,524 - cell_segmenter.gui.main_window - DEBUG - Updated overlay display
2026-03-05 16:24:03,528 - cell_segmenter.gui.main_window - DEBUG - Updated overlay display
2026-03-05 16:24:03,532 - cell_segmenter.gui.main_window - DEBUG - Updated overlay display
2026-03-05 16:24:03,551 - cell_segmenter.gui.main_window - DEBUG - Updated overlay display
2026-03-05 16:24:03,555 - cell_segmenter.gui.main_window - DEBUG - Updated overlay display
2026-03-05 16:24:03,559 - cell_segmenter.gui.main_window - DEBUG - Updated overlay display
2026-03-05 16:24:03,579 - cell_segmenter.gui.main_window - DEBUG - Updated overlay display
2026-03-05 16:24:03,583 - cell_segmenter.gui.main_window - DEBUG - Updated overlay display
2026-03-05 16:24:03,587 - cell_segmenter.gui.main_window - DEBUG - Updated overlay display
2026-03-05 16:24:03,605 - cell_segmenter.gui.main_window - DEBUG - Updated overlay display
2026-03-05 16:24:03,610 - cell_segmenter.gui.main_window - DEBUG - Updated overlay display
2026-03-05 16:24:03,628 - cell_segmenter.gui.main_window - DEBUG - Updated overlay display
2026-03-05 16:24:03,633 - cell_segmenter.gui.main_window - DEBUG - Updated overlay display
2026-03-05 16:24:03,652 - cell_segmenter.gui.main_window - DEBUG - Updated overlay display
2026-03-05 16:24:03,656 - cell_segmenter.gui.main_window - DEBUG - Updated overlay display
2026-03-05 16:24:03,660 - cell_segmenter.gui.main_window - DEBUG - Updated overlay display
2026-03-05 16:24:03,679 - cell_segmenter.gui.main_window - DEBUG - Updated overlay display
2026-03-05 16:24:03,684 - cell_segmenter.gui.main_window - DEBUG - Updated overlay display
2026-03-05 16:24:03,688 - cell_segmenter.gui.main_window - DEBUG - Updated overlay display
2026-03-05 16:24:03,706 - cell_segmenter.gui.main_window - DEBUG - Updated overlay display
2026-03-05 16:24:03,711 - cell_segmenter.gui.main_window - DEBUG - Updated overlay display
2026-03-05 16:24:03,730 - cell_segmenter.gui.main_window - DEBUG - Updated overlay display
2026-03-05 16:24:03,734 - cell_segmenter.gui.main_window - DEBUG - Updated overlay display
2026-03-05 16:24:03,738 - cell_segmenter.gui.main_window - DEBUG - Updated overlay display
2026-03-05 16:24:03,757 - cell_segmenter.gui.main_window - DEBUG - Updated overlay display
2026-03-05 16:24:03,762 - cell_segmenter.gui.main_window - DEBUG - Updated overlay display
2026-03-05 16:24:03,781 - cell_segmenter.gui.main_window - DEBUG - Updated overlay display
2026-03-05 16:24:03,786 - cell_segmenter.gui.main_window - DEBUG - Updated overlay display
2026-03-05 16:24:03,790 - cell_segmenter.gui.main_window - DEBUG - Updated overlay display
2026-03-05 16:24:03,809 - cell_segmenter.gui.main_window - DEBUG - Updated overlay display
2026-03-05 16:24:03,813 - cell_segmenter.gui.main_window - DEBUG - Updated overlay display
2026-03-05 16:24:03,818 - cell_segmenter.gui.main_window - DEBUG - Updated overlay display
2026-03-05 16:24:03,836 - cell_segmenter.gui.main_window - DEBUG - Updated overlay display
2026-03-05 16:24:03,840 - cell_segmenter.gui.main_window - DEBUG - Updated overlay display
2026-03-05 16:24:03,845 - cell_segmenter.gui.main_window - DEBUG - Updated overlay display
2026-03-05 16:24:03,863 - cell_segmenter.gui.main_window - DEBUG - Updated overlay display
2026-03-05 16:24:03,868 - cell_segmenter.gui.main_window - DEBUG - Updated overlay display
2026-03-05 16:24:03,872 - cell_segmenter.gui.main_window - DEBUG - Updated overlay display
2026-03-05 16:24:03,891 - cell_segmenter.gui.main_window - DEBUG - Updated overlay display
2026-03-05 16:24:03,895 - cell_segmenter.gui.main_window - DEBUG - Updated overlay display
2026-03-05 16:24:03,900 - cell_segmenter.gui.main_window - DEBUG - Updated overlay display
2026-03-05 16:24:03,919 - cell_segmenter.gui.main_window - DEBUG - Updated overlay display
2026-03-05 16:24:03,923 - cell_segmenter.gui.main_window - DEBUG - Updated overlay display
2026-03-05 16:24:03,927 - cell_segmenter.gui.main_window - DEBUG - Updated overlay display
2026-03-05 16:24:03,946 - cell_segmenter.gui.main_window - DEBUG - Updated overlay display
2026-03-05 16:24:03,950 - cell_segmenter.gui.main_window - DEBUG - Updated overlay display
2026-03-05 16:24:03,954 - cell_segmenter.gui.main_window - DEBUG - Updated overlay display
2026-03-05 16:24:03,973 - cell_segmenter.gui.main_window - DEBUG - Updated overlay display
2026-03-05 16:24:03,978 - cell_segmenter.gui.main_window - DEBUG - Updated overlay display
2026-03-05 16:24:03,982 - cell_segmenter.gui.main_window - DEBUG - Updated overlay display
2026-03-05 16:24:04,001 - cell_segmenter.gui.main_window - DEBUG - Updated overlay display
2026-03-05 16:24:04,005 - cell_segmenter.gui.main_window - DEBUG - Updated overlay display
2026-03-05 16:24:04,011 - cell_segmenter.gui.main_window - DEBUG - Updated overlay display
2026-03-05 16:24:04,016 - cell_segmenter.gui.main_window - DEBUG - Updated overlay display
2026-03-05 16:24:04,035 - cell_segmenter.gui.main_window - DEBUG - Updated overlay display
2026-03-05 16:24:04,039 - cell_segmenter.gui.main_window - DEBUG - Updated overlay display
2026-03-05 16:24:04,043 - cell_segmenter.gui.main_window - DEBUG - Updated overlay display
2026-03-05 16:24:04,062 - cell_segmenter.gui.main_window - DEBUG - Updated overlay display
2026-03-05 16:24:04,067 - cell_segmenter.gui.main_window - DEBUG - Updated overlay display
2026-03-05 16:24:04,071 - cell_segmenter.gui.main_window - DEBUG - Updated overlay display
2026-03-05 16:24:04,090 - cell_segmenter.gui.main_window - DEBUG - Updated overlay display
2026-03-05 16:24:04,094 - cell_segmenter.gui.main_window - DEBUG - Updated overlay display
2026-03-05 16:24:04,098 - cell_segmenter.gui.main_window - DEBUG - Updated overlay display
2026-03-05 16:24:04,117 - cell_segmenter.gui.main_window - DEBUG - Updated overlay display
2026-03-05 16:24:04,122 - cell_segmenter.gui.main_window - DEBUG - Updated overlay display
2026-03-05 16:24:04,126 - cell_segmenter.gui.main_window - DEBUG - Updated overlay display
2026-03-05 16:24:04,144 - cell_segmenter.gui.main_window - DEBUG - Updated overlay display
2026-03-05 16:24:04,149 - cell_segmenter.gui.main_window - DEBUG - Updated overlay display
2026-03-05 16:24:04,153 - cell_segmenter.gui.main_window - DEBUG - Updated overlay display
2026-03-05 16:24:04,172 - cell_segmenter.gui.main_window - DEBUG - Updated overlay display
2026-03-05 16:24:04,176 - cell_segmenter.gui.main_window - DEBUG - Updated overlay display
2026-03-05 16:24:04,180 - cell_segmenter.gui.main_window - DEBUG - Updated overlay display
2026-03-05 16:24:04,199 - cell_segmenter.gui.main_window - DEBUG - Updated overlay display
2026-03-05 16:24:04,204 - cell_segmenter.gui.main_window - DEBUG - Updated overlay display
2026-03-05 16:24:04,208 - cell_segmenter.gui.main_window - DEBUG - Updated overlay display
2026-03-05 16:24:04,227 - cell_segmenter.gui.main_window - DEBUG - Updated overlay display
2026-03-05 16:24:04,232 - cell_segmenter.gui.main_window - DEBUG - Updated overlay display
2026-03-05 16:24:04,236 - cell_segmenter.gui.main_window - DEBUG - Updated overlay display
2026-03-05 16:24:04,241 - cell_segmenter.gui.main_window - DEBUG - Updated overlay display
2026-03-05 16:24:04,259 - cell_segmenter.gui.main_window - DEBUG - Updated overlay display
2026-03-05 16:24:04,264 - cell_segmenter.gui.main_window - DEBUG - Updated overlay display
2026-03-05 16:24:04,268 - cell_segmenter.gui.main_window - DEBUG - Updated overlay display
2026-03-05 16:24:04,287 - cell_segmenter.gui.main_window - DEBUG - Updated overlay display
2026-03-05 16:24:04,292 - cell_segmenter.gui.main_window - DEBUG - Updated overlay display
2026-03-05 16:24:04,297 - cell_segmenter.gui.main_window - DEBUG - Updated overlay display
2026-03-05 16:24:04,301 - cell_segmenter.gui.main_window - DEBUG - Updated overlay display
2026-03-05 16:24:04,320 - cell_segmenter.gui.main_window - DEBUG - Updated overlay display
2026-03-05 16:24:04,324 - cell_segmenter.gui.main_window - DEBUG - Updated overlay display
2026-03-05 16:24:04,328 - cell_segmenter.gui.main_window - DEBUG - Updated overlay display
2026-03-05 16:24:04,347 - cell_segmenter.gui.main_window - DEBUG - Updated overlay display
2026-03-05 16:24:04,351 - cell_segmenter.gui.main_window - DEBUG - Updated overlay display
2026-03-05 16:24:04,356 - cell_segmenter.gui.main_window - DEBUG - Updated overlay display
2026-03-05 16:24:04,374 - cell_segmenter.gui.main_window - DEBUG - Updated overlay display
2026-03-05 16:24:04,379 - cell_segmenter.gui.main_window - DEBUG - Updated overlay display
2026-03-05 16:24:04,383 - cell_segmenter.gui.main_window - DEBUG - Updated overlay display
2026-03-05 16:24:04,401 - cell_segmenter.gui.main_window - DEBUG - Updated overlay display
2026-03-05 16:24:04,406 - cell_segmenter.gui.main_window - DEBUG - Updated overlay display
2026-03-05 16:24:04,424 - cell_segmenter.gui.main_window - DEBUG - Updated overlay display
2026-03-05 16:24:04,429 - cell_segmenter.gui.main_window - DEBUG - Updated overlay display
2026-03-05 16:24:04,433 - cell_segmenter.gui.main_window - DEBUG - Updated overlay display
2026-03-05 16:24:04,452 - cell_segmenter.gui.main_window - DEBUG - Updated overlay display
2026-03-05 16:24:04,456 - cell_segmenter.gui.main_window - DEBUG - Updated overlay display
2026-03-05 16:24:04,460 - cell_segmenter.gui.main_window - DEBUG - Updated overlay display
2026-03-05 16:24:04,479 - cell_segmenter.gui.main_window - DEBUG - Updated overlay display
2026-03-05 16:24:04,484 - cell_segmenter.gui.main_window - DEBUG - Updated overlay display
2026-03-05 16:24:04,488 - cell_segmenter.gui.main_window - DEBUG - Updated overlay display
2026-03-05 16:24:04,507 - cell_segmenter.gui.main_window - DEBUG - Updated overlay display
2026-03-05 16:24:04,511 - cell_segmenter.gui.main_window - DEBUG - Updated overlay display
2026-03-05 16:24:04,515 - cell_segmenter.gui.main_window - DEBUG - Updated overlay display
2026-03-05 16:24:04,535 - cell_segmenter.gui.main_window - DEBUG - Updated overlay display
2026-03-05 16:24:04,539 - cell_segmenter.gui.main_window - DEBUG - Updated overlay display
2026-03-05 16:24:04,543 - cell_segmenter.gui.main_window - DEBUG - Updated overlay display
2026-03-05 16:24:04,547 - cell_segmenter.gui.main_window - DEBUG - Updated overlay display
2026-03-05 16:24:04,567 - cell_segmenter.gui.main_window - DEBUG - Updated overlay display
2026-03-05 16:24:04,571 - cell_segmenter.gui.main_window - DEBUG - Updated overlay display
2026-03-05 16:24:04,575 - cell_segmenter.gui.main_window - DEBUG - Updated overlay display
2026-03-05 16:24:04,580 - cell_segmenter.gui.main_window - DEBUG - Updated overlay display
2026-03-05 16:24:04,599 - cell_segmenter.gui.main_window - DEBUG - Updated overlay display
2026-03-05 16:24:04,603 - cell_segmenter.gui.main_window - DEBUG - Updated overlay display
2026-03-05 16:24:04,607 - cell_segmenter.gui.main_window - DEBUG - Updated overlay display
2026-03-05 16:24:04,626 - cell_segmenter.gui.main_window - DEBUG - Updated overlay display
2026-03-05 16:24:04,631 - cell_segmenter.gui.main_window - DEBUG - Updated overlay display
2026-03-05 16:24:04,635 - cell_segmenter.gui.main_window - DEBUG - Updated overlay display
2026-03-05 16:24:04,654 - cell_segmenter.gui.main_window - DEBUG - Updated overlay display
2026-03-05 16:24:04,658 - cell_segmenter.gui.main_window - DEBUG - Updated overlay display
2026-03-05 16:24:04,663 - cell_segmenter.gui.main_window - DEBUG - Updated overlay display
2026-03-05 16:24:04,681 - cell_segmenter.gui.main_window - DEBUG - Updated overlay display
2026-03-05 16:24:04,686 - cell_segmenter.gui.main_window - DEBUG - Updated overlay display
2026-03-05 16:24:04,705 - cell_segmenter.gui.main_window - DEBUG - Updated overlay display
2026-03-05 16:24:04,710 - cell_segmenter.gui.main_window - DEBUG - Updated overlay display
2026-03-05 16:24:04,714 - cell_segmenter.gui.main_window - DEBUG - Updated overlay display
2026-03-05 16:24:04,733 - cell_segmenter.gui.main_window - DEBUG - Updated overlay display
2026-03-05 16:24:04,737 - cell_segmenter.gui.main_window - DEBUG - Updated overlay display
2026-03-05 16:24:04,742 - cell_segmenter.gui.main_window - DEBUG - Updated overlay display
2026-03-05 16:24:04,760 - cell_segmenter.gui.main_window - DEBUG - Updated overlay display
2026-03-05 16:24:04,765 - cell_segmenter.gui.main_window - DEBUG - Updated overlay display
2026-03-05 16:24:04,769 - cell_segmenter.gui.main_window - DEBUG - Updated overlay display
2026-03-05 16:24:04,774 - cell_segmenter.gui.main_window - DEBUG - Updated overlay display
2026-03-05 16:24:04,792 - cell_segmenter.gui.main_window - DEBUG - Updated overlay display
2026-03-05 16:24:04,797 - cell_segmenter.gui.main_window - DEBUG - Updated overlay display
2026-03-05 16:24:04,801 - cell_segmenter.gui.main_window - DEBUG - Updated overlay display
2026-03-05 16:24:04,820 - cell_segmenter.gui.main_window - DEBUG - Updated overlay display
2026-03-05 16:24:04,825 - cell_segmenter.gui.main_window - DEBUG - Updated overlay display
2026-03-05 16:24:04,829 - cell_segmenter.gui.main_window - DEBUG - Updated overlay display
2026-03-05 16:24:04,848 - cell_segmenter.gui.main_window - DEBUG - Updated overlay display
2026-03-05 16:24:04,852 - cell_segmenter.gui.main_window - DEBUG - Updated overlay display
2026-03-05 16:24:04,857 - cell_segmenter.gui.main_window - DEBUG - Updated overlay display
2026-03-05 16:24:04,875 - cell_segmenter.gui.main_window - DEBUG - Updated overlay display
2026-03-05 16:24:04,880 - cell_segmenter.gui.main_window - DEBUG - Updated overlay display
2026-03-05 16:24:04,884 - cell_segmenter.gui.main_window - DEBUG - Updated overlay display
2026-03-05 16:24:04,903 - cell_segmenter.gui.main_window - DEBUG - Updated overlay display
2026-03-05 16:24:04,907 - cell_segmenter.gui.main_window - DEBUG - Updated overlay display
2026-03-05 16:24:04,912 - cell_segmenter.gui.main_window - DEBUG - Updated overlay display
2026-03-05 16:24:04,931 - cell_segmenter.gui.main_window - DEBUG - Updated overlay display
2026-03-05 16:24:04,935 - cell_segmenter.gui.main_window - DEBUG - Updated overlay display
2026-03-05 16:24:04,939 - cell_segmenter.gui.main_window - DEBUG - Updated overlay display
2026-03-05 16:24:04,959 - cell_segmenter.gui.main_window - DEBUG - Updated overlay display
2026-03-05 16:24:04,963 - cell_segmenter.gui.main_window - DEBUG - Updated overlay display
2026-03-05 16:24:04,968 - cell_segmenter.gui.main_window - DEBUG - Updated overlay display
2026-03-05 16:24:04,986 - cell_segmenter.gui.main_window - DEBUG - Updated overlay display
2026-03-05 16:24:04,991 - cell_segmenter.gui.main_window - DEBUG - Updated overlay display
2026-03-05 16:24:04,995 - cell_segmenter.gui.main_window - DEBUG - Updated overlay display
2026-03-05 16:24:05,014 - cell_segmenter.gui.main_window - DEBUG - Updated overlay display
2026-03-05 16:24:05,018 - cell_segmenter.gui.main_window - DEBUG - Updated overlay display
2026-03-05 16:24:05,023 - cell_segmenter.gui.main_window - DEBUG - Updated overlay display
2026-03-05 16:24:05,042 - cell_segmenter.gui.main_window - DEBUG - Updated overlay display
2026-03-05 16:24:05,047 - cell_segmenter.gui.main_window - DEBUG - Updated overlay display
2026-03-05 16:24:05,051 - cell_segmenter.gui.main_window - DEBUG - Updated overlay display
2026-03-05 16:24:05,070 - cell_segmenter.gui.main_window - DEBUG - Updated overlay display
2026-03-05 16:24:05,074 - cell_segmenter.gui.main_window - DEBUG - Updated overlay display
2026-03-05 16:24:05,093 - cell_segmenter.gui.main_window - DEBUG - Updated overlay display
2026-03-05 16:24:05,097 - cell_segmenter.gui.main_window - DEBUG - Updated overlay display
2026-03-05 16:24:05,102 - cell_segmenter.gui.main_window - DEBUG - Updated overlay display
2026-03-05 16:24:05,121 - cell_segmenter.gui.main_window - DEBUG - Updated overlay display
2026-03-05 16:24:05,125 - cell_segmenter.gui.main_window - DEBUG - Updated overlay display
2026-03-05 16:24:05,144 - cell_segmenter.gui.main_window - DEBUG - Updated overlay display
2026-03-05 16:24:05,149 - cell_segmenter.gui.main_window - DEBUG - Updated overlay display
2026-03-05 16:24:05,168 - cell_segmenter.gui.main_window - DEBUG - Updated overlay display
2026-03-05 16:24:05,173 - cell_segmenter.gui.main_window - DEBUG - Updated overlay display
2026-03-05 16:24:05,177 - cell_segmenter.gui.main_window - DEBUG - Updated overlay display
2026-03-05 16:24:05,196 - cell_segmenter.gui.main_window - DEBUG - Updated overlay display
2026-03-05 16:24:05,200 - cell_segmenter.gui.main_window - DEBUG - Updated overlay display
2026-03-05 16:24:05,205 - cell_segmenter.gui.main_window - DEBUG - Updated overlay display
2026-03-05 16:24:05,223 - cell_segmenter.gui.main_window - DEBUG - Updated overlay display
2026-03-05 16:24:05,228 - cell_segmenter.gui.main_window - DEBUG - Updated overlay display
2026-03-05 16:24:05,232 - cell_segmenter.gui.main_window - DEBUG - Updated overlay display
2026-03-05 16:24:05,237 - cell_segmenter.gui.main_window - DEBUG - Updated overlay display
2026-03-05 16:24:05,255 - cell_segmenter.gui.main_window - DEBUG - Updated overlay display
2026-03-05 16:24:05,260 - cell_segmenter.gui.main_window - DEBUG - Updated overlay display
2026-03-05 16:24:05,264 - cell_segmenter.gui.main_window - DEBUG - Updated overlay display
2026-03-05 16:24:05,283 - cell_segmenter.gui.main_window - DEBUG - Updated overlay display
2026-03-05 16:24:05,287 - cell_segmenter.gui.main_window - DEBUG - Updated overlay display
2026-03-05 16:24:05,292 - cell_segmenter.gui.main_window - DEBUG - Updated overlay display
2026-03-05 16:24:05,310 - cell_segmenter.gui.main_window - DEBUG - Updated overlay display
2026-03-05 16:24:05,315 - cell_segmenter.gui.main_window - DEBUG - Updated overlay display
2026-03-05 16:24:05,319 - cell_segmenter.gui.main_window - DEBUG - Updated overlay display
2026-03-05 16:24:05,339 - cell_segmenter.gui.main_window - DEBUG - Updated overlay display
2026-03-05 16:24:05,343 - cell_segmenter.gui.main_window - DEBUG - Updated overlay display
2026-03-05 16:24:05,347 - cell_segmenter.gui.main_window - DEBUG - Updated overlay display
2026-03-05 16:24:05,366 - cell_segmenter.gui.main_window - DEBUG - Updated overlay display
2026-03-05 16:24:05,371 - cell_segmenter.gui.main_window - DEBUG - Updated overlay display
2026-03-05 16:24:05,375 - cell_segmenter.gui.main_window - DEBUG - Updated overlay display
2026-03-05 16:24:05,394 - cell_segmenter.gui.main_window - DEBUG - Updated overlay display
2026-03-05 16:24:05,398 - cell_segmenter.gui.main_window - DEBUG - Updated overlay display
2026-03-05 16:24:06,633 - cell_segmenter.gui.main_window - DEBUG - Updated brush size to 16
2026-03-05 16:24:06,818 - cell_segmenter.gui.main_window - DEBUG - Updated brush size to 17
2026-03-05 16:24:06,993 - cell_segmenter.gui.main_window - DEBUG - Updated brush size to 18
2026-03-05 16:24:07,170 - cell_segmenter.gui.main_window - DEBUG - Updated brush size to 19
2026-03-05 16:24:07,357 - cell_segmenter.gui.main_window - DEBUG - Updated brush size to 20
2026-03-05 16:24:07,530 - cell_segmenter.gui.main_window - DEBUG - Updated brush size to 21
2026-03-05 16:24:07,720 - cell_segmenter.gui.main_window - DEBUG - Updated brush size to 22
2026-03-05 16:24:07,893 - cell_segmenter.gui.main_window - DEBUG - Updated brush size to 23
2026-03-05 16:24:08,490 - cell_segmenter.gui.main_window - DEBUG - Updated overlay display
2026-03-05 16:24:08,523 - cell_segmenter.gui.main_window - DEBUG - Updated overlay display
2026-03-05 16:24:08,529 - cell_segmenter.gui.main_window - DEBUG - Updated overlay display
2026-03-05 16:24:08,551 - cell_segmenter.gui.main_window - DEBUG - Updated overlay display
2026-03-05 16:24:08,556 - cell_segmenter.gui.main_window - DEBUG - Updated overlay display
2026-03-05 16:24:08,575 - cell_segmenter.gui.main_window - DEBUG - Updated overlay display
2026-03-05 16:24:08,580 - cell_segmenter.gui.main_window - DEBUG - Updated overlay display
2026-03-05 16:24:08,584 - cell_segmenter.gui.main_window - DEBUG - Updated overlay display
2026-03-05 16:24:08,603 - cell_segmenter.gui.main_window - DEBUG - Updated overlay display
2026-03-05 16:24:08,608 - cell_segmenter.gui.main_window - DEBUG - Updated overlay display
2026-03-05 16:24:08,627 - cell_segmenter.gui.main_window - DEBUG - Updated overlay display
2026-03-05 16:24:08,632 - cell_segmenter.gui.main_window - DEBUG - Updated overlay display
2026-03-05 16:24:08,652 - cell_segmenter.gui.main_window - DEBUG - Updated overlay display
2026-03-05 16:24:08,656 - cell_segmenter.gui.main_window - DEBUG - Updated overlay display
2026-03-05 16:24:08,660 - cell_segmenter.gui.main_window - DEBUG - Updated overlay display
2026-03-05 16:24:08,665 - cell_segmenter.gui.main_window - DEBUG - Updated overlay display
2026-03-05 16:24:08,684 - cell_segmenter.gui.main_window - DEBUG - Updated overlay display
2026-03-05 16:24:08,688 - cell_segmenter.gui.main_window - DEBUG - Updated overlay display
2026-03-05 16:24:08,692 - cell_segmenter.gui.main_window - DEBUG - Updated overlay display
2026-03-05 16:24:08,711 - cell_segmenter.gui.main_window - DEBUG - Updated overlay display
2026-03-05 16:24:08,716 - cell_segmenter.gui.main_window - DEBUG - Updated overlay display
2026-03-05 16:24:08,720 - cell_segmenter.gui.main_window - DEBUG - Updated overlay display
2026-03-05 16:24:08,739 - cell_segmenter.gui.main_window - DEBUG - Updated overlay display
2026-03-05 16:24:08,743 - cell_segmenter.gui.main_window - DEBUG - Updated overlay display
2026-03-05 16:24:08,748 - cell_segmenter.gui.main_window - DEBUG - Updated overlay display
2026-03-05 16:24:08,767 - cell_segmenter.gui.main_window - DEBUG - Updated overlay display
2026-03-05 16:24:08,771 - cell_segmenter.gui.main_window - DEBUG - Updated overlay display
2026-03-05 16:24:08,775 - cell_segmenter.gui.main_window - DEBUG - Updated overlay display
2026-03-05 16:24:08,795 - cell_segmenter.gui.main_window - DEBUG - Updated overlay display
2026-03-05 16:24:08,799 - cell_segmenter.gui.main_window - DEBUG - Updated overlay display
2026-03-05 16:24:08,804 - cell_segmenter.gui.main_window - DEBUG - Updated overlay display
2026-03-05 16:24:08,822 - cell_segmenter.gui.main_window - DEBUG - Updated overlay display
2026-03-05 16:24:08,827 - cell_segmenter.gui.main_window - DEBUG - Updated overlay display
2026-03-05 16:24:08,831 - cell_segmenter.gui.main_window - DEBUG - Updated overlay display
2026-03-05 16:24:08,850 - cell_segmenter.gui.main_window - DEBUG - Updated overlay display
2026-03-05 16:24:08,855 - cell_segmenter.gui.main_window - DEBUG - Updated overlay display
2026-03-05 16:24:08,859 - cell_segmenter.gui.main_window - DEBUG - Updated overlay display
2026-03-05 16:24:08,878 - cell_segmenter.gui.main_window - DEBUG - Updated overlay display
2026-03-05 16:24:08,883 - cell_segmenter.gui.main_window - DEBUG - Updated overlay display
2026-03-05 16:24:08,887 - cell_segmenter.gui.main_window - DEBUG - Updated overlay display
2026-03-05 16:24:08,958 - cell_segmenter.gui.main_window - DEBUG - Updated overlay display
2026-03-05 16:24:08,963 - cell_segmenter.gui.main_window - DEBUG - Updated overlay display
2026-03-05 16:24:08,983 - cell_segmenter.gui.main_window - DEBUG - Updated overlay display
2026-03-05 16:24:08,988 - cell_segmenter.gui.main_window - DEBUG - Updated overlay display
2026-03-05 16:24:09,007 - cell_segmenter.gui.main_window - DEBUG - Updated overlay display
2026-03-05 16:24:09,011 - cell_segmenter.gui.main_window - DEBUG - Updated overlay display
2026-03-05 16:24:09,016 - cell_segmenter.gui.main_window - DEBUG - Updated overlay display
2026-03-05 16:24:09,035 - cell_segmenter.gui.main_window - DEBUG - Updated overlay display
2026-03-05 16:24:09,040 - cell_segmenter.gui.main_window - DEBUG - Updated overlay display
2026-03-05 16:24:09,044 - cell_segmenter.gui.main_window - DEBUG - Updated overlay display
2026-03-05 16:24:09,063 - cell_segmenter.gui.main_window - DEBUG - Updated overlay display
2026-03-05 16:24:09,067 - cell_segmenter.gui.main_window - DEBUG - Updated overlay display
2026-03-05 16:24:09,072 - cell_segmenter.gui.main_window - DEBUG - Updated overlay display
2026-03-05 16:24:09,091 - cell_segmenter.gui.main_window - DEBUG - Updated overlay display
2026-03-05 16:24:09,095 - cell_segmenter.gui.main_window - DEBUG - Updated overlay display
2026-03-05 16:24:09,100 - cell_segmenter.gui.main_window - DEBUG - Updated overlay display
2026-03-05 16:24:09,119 - cell_segmenter.gui.main_window - DEBUG - Updated overlay display
2026-03-05 16:24:09,123 - cell_segmenter.gui.main_window - DEBUG - Updated overlay display
2026-03-05 16:24:09,127 - cell_segmenter.gui.main_window - DEBUG - Updated overlay display
2026-03-05 16:24:09,146 - cell_segmenter.gui.main_window - DEBUG - Updated overlay display
2026-03-05 16:24:09,151 - cell_segmenter.gui.main_window - DEBUG - Updated overlay display
2026-03-05 16:24:09,155 - cell_segmenter.gui.main_window - DEBUG - Updated overlay display
2026-03-05 16:24:09,174 - cell_segmenter.gui.main_window - DEBUG - Updated overlay display
2026-03-05 16:24:09,179 - cell_segmenter.gui.main_window - DEBUG - Updated overlay display
2026-03-05 16:24:09,183 - cell_segmenter.gui.main_window - DEBUG - Updated overlay display
2026-03-05 16:24:09,202 - cell_segmenter.gui.main_window - DEBUG - Updated overlay display
2026-03-05 16:24:09,207 - cell_segmenter.gui.main_window - DEBUG - Updated overlay display
2026-03-05 16:24:09,211 - cell_segmenter.gui.main_window - DEBUG - Updated overlay display
2026-03-05 16:24:09,230 - cell_segmenter.gui.main_window - DEBUG - Updated overlay display
2026-03-05 16:24:09,235 - cell_segmenter.gui.main_window - DEBUG - Updated overlay display
2026-03-05 16:24:09,239 - cell_segmenter.gui.main_window - DEBUG - Updated overlay display
2026-03-05 16:24:09,258 - cell_segmenter.gui.main_window - DEBUG - Updated overlay display
2026-03-05 16:24:09,262 - cell_segmenter.gui.main_window - DEBUG - Updated overlay display
2026-03-05 16:24:09,351 - cell_segmenter.gui.main_window - DEBUG - Updated overlay display
2026-03-05 16:24:09,356 - cell_segmenter.gui.main_window - DEBUG - Updated overlay display
2026-03-05 16:24:09,377 - cell_segmenter.gui.main_window - DEBUG - Updated overlay display
2026-03-05 16:24:09,382 - cell_segmenter.gui.main_window - DEBUG - Updated overlay display
2026-03-05 16:24:09,401 - cell_segmenter.gui.main_window - DEBUG - Updated overlay display
2026-03-05 16:24:09,405 - cell_segmenter.gui.main_window - DEBUG - Updated overlay display
2026-03-05 16:24:09,425 - cell_segmenter.gui.main_window - DEBUG - Updated overlay display
2026-03-05 16:24:09,429 - cell_segmenter.gui.main_window - DEBUG - Updated overlay display
2026-03-05 16:24:09,449 - cell_segmenter.gui.main_window - DEBUG - Updated overlay display
2026-03-05 16:24:09,454 - cell_segmenter.gui.main_window - DEBUG - Updated overlay display
2026-03-05 16:24:09,473 - cell_segmenter.gui.main_window - DEBUG - Updated overlay display
2026-03-05 16:24:09,477 - cell_segmenter.gui.main_window - DEBUG - Updated overlay display
2026-03-05 16:24:09,482 - cell_segmenter.gui.main_window - DEBUG - Updated overlay display
2026-03-05 16:24:09,501 - cell_segmenter.gui.main_window - DEBUG - Updated overlay display
2026-03-05 16:24:09,505 - cell_segmenter.gui.main_window - DEBUG - Updated overlay display
2026-03-05 16:24:09,524 - cell_segmenter.gui.main_window - DEBUG - Updated overlay display
2026-03-05 16:24:09,529 - cell_segmenter.gui.main_window - DEBUG - Updated overlay display
2026-03-05 16:24:09,548 - cell_segmenter.gui.main_window - DEBUG - Updated overlay display
2026-03-05 16:24:09,553 - cell_segmenter.gui.main_window - DEBUG - Updated overlay display
2026-03-05 16:24:09,557 - cell_segmenter.gui.main_window - DEBUG - Updated overlay display
2026-03-05 16:24:09,576 - cell_segmenter.gui.main_window - DEBUG - Updated overlay display
2026-03-05 16:24:09,581 - cell_segmenter.gui.main_window - DEBUG - Updated overlay display
2026-03-05 16:24:09,585 - cell_segmenter.gui.main_window - DEBUG - Updated overlay display
2026-03-05 16:24:09,590 - cell_segmenter.gui.main_window - DEBUG - Updated overlay display
2026-03-05 16:24:09,609 - cell_segmenter.gui.main_window - DEBUG - Updated overlay display
2026-03-05 16:24:09,614 - cell_segmenter.gui.main_window - DEBUG - Updated overlay display
2026-03-05 16:24:09,618 - cell_segmenter.gui.main_window - DEBUG - Updated overlay display
2026-03-05 16:24:09,637 - cell_segmenter.gui.main_window - DEBUG - Updated overlay display
2026-03-05 16:24:09,642 - cell_segmenter.gui.main_window - DEBUG - Updated overlay display
2026-03-05 16:24:09,647 - cell_segmenter.gui.main_window - DEBUG - Updated overlay display
2026-03-05 16:24:09,651 - cell_segmenter.gui.main_window - DEBUG - Updated overlay display
2026-03-05 16:24:09,670 - cell_segmenter.gui.main_window - DEBUG - Updated overlay display
2026-03-05 16:24:09,675 - cell_segmenter.gui.main_window - DEBUG - Updated overlay display
2026-03-05 16:24:09,679 - cell_segmenter.gui.main_window - DEBUG - Updated overlay display
2026-03-05 16:24:09,698 - cell_segmenter.gui.main_window - DEBUG - Updated overlay display
2026-03-05 16:24:09,703 - cell_segmenter.gui.main_window - DEBUG - Updated overlay display
2026-03-05 16:24:09,722 - cell_segmenter.gui.main_window - DEBUG - Updated overlay display
2026-03-05 16:24:09,726 - cell_segmenter.gui.main_window - DEBUG - Updated overlay display
2026-03-05 16:24:09,731 - cell_segmenter.gui.main_window - DEBUG - Updated overlay display
2026-03-05 16:24:09,750 - cell_segmenter.gui.main_window - DEBUG - Updated overlay display
2026-03-05 16:24:09,754 - cell_segmenter.gui.main_window - DEBUG - Updated overlay display
2026-03-05 16:24:09,759 - cell_segmenter.gui.main_window - DEBUG - Updated overlay display
2026-03-05 16:24:09,778 - cell_segmenter.gui.main_window - DEBUG - Updated overlay display
2026-03-05 16:24:09,782 - cell_segmenter.gui.main_window - DEBUG - Updated overlay display
2026-03-05 16:24:09,787 - cell_segmenter.gui.main_window - DEBUG - Updated overlay display
2026-03-05 16:24:09,806 - cell_segmenter.gui.main_window - DEBUG - Updated overlay display
2026-03-05 16:24:09,811 - cell_segmenter.gui.main_window - DEBUG - Updated overlay display
2026-03-05 16:24:09,815 - cell_segmenter.gui.main_window - DEBUG - Updated overlay display
2026-03-05 16:24:09,834 - cell_segmenter.gui.main_window - DEBUG - Updated overlay display
2026-03-05 16:24:09,838 - cell_segmenter.gui.main_window - DEBUG - Updated overlay display
2026-03-05 16:24:09,843 - cell_segmenter.gui.main_window - DEBUG - Updated overlay display
2026-03-05 16:24:09,895 - cell_segmenter.gui.main_window - DEBUG - Updated overlay display
2026-03-05 16:24:09,900 - cell_segmenter.gui.main_window - DEBUG - Updated overlay display
2026-03-05 16:24:09,920 - cell_segmenter.gui.main_window - DEBUG - Updated overlay display
2026-03-05 16:24:09,924 - cell_segmenter.gui.main_window - DEBUG - Updated overlay display
2026-03-05 16:24:09,943 - cell_segmenter.gui.main_window - DEBUG - Updated overlay display
2026-03-05 16:24:09,948 - cell_segmenter.gui.main_window - DEBUG - Updated overlay display
2026-03-05 16:24:09,967 - cell_segmenter.gui.main_window - DEBUG - Updated overlay display
2026-03-05 16:24:09,972 - cell_segmenter.gui.main_window - DEBUG - Updated overlay display
2026-03-05 16:24:09,991 - cell_segmenter.gui.main_window - DEBUG - Updated overlay display
2026-03-05 16:24:09,996 - cell_segmenter.gui.main_window - DEBUG - Updated overlay display
2026-03-05 16:24:10,015 - cell_segmenter.gui.main_window - DEBUG - Updated overlay display
2026-03-05 16:24:10,019 - cell_segmenter.gui.main_window - DEBUG - Updated overlay display
2026-03-05 16:24:10,024 - cell_segmenter.gui.main_window - DEBUG - Updated overlay display
2026-03-05 16:24:10,028 - cell_segmenter.gui.main_window - DEBUG - Updated overlay display
2026-03-05 16:24:10,047 - cell_segmenter.gui.main_window - DEBUG - Updated overlay display
2026-03-05 16:24:10,052 - cell_segmenter.gui.main_window - DEBUG - Updated overlay display
2026-03-05 16:24:10,071 - cell_segmenter.gui.main_window - DEBUG - Updated overlay display
2026-03-05 16:24:10,075 - cell_segmenter.gui.main_window - DEBUG - Updated overlay display
2026-03-05 16:24:10,095 - cell_segmenter.gui.main_window - DEBUG - Updated overlay display
2026-03-05 16:24:10,099 - cell_segmenter.gui.main_window - DEBUG - Updated overlay display
2026-03-05 16:24:10,104 - cell_segmenter.gui.main_window - DEBUG - Updated overlay display
2026-03-05 16:24:10,123 - cell_segmenter.gui.main_window - DEBUG - Updated overlay display
2026-03-05 16:24:10,128 - cell_segmenter.gui.main_window - DEBUG - Updated overlay display
2026-03-05 16:24:10,132 - cell_segmenter.gui.main_window - DEBUG - Updated overlay display
2026-03-05 16:24:10,151 - cell_segmenter.gui.main_window - DEBUG - Updated overlay display
2026-03-05 16:24:10,155 - cell_segmenter.gui.main_window - DEBUG - Updated overlay display
2026-03-05 16:24:10,160 - cell_segmenter.gui.main_window - DEBUG - Updated overlay display
2026-03-05 16:24:10,179 - cell_segmenter.gui.main_window - DEBUG - Updated overlay display
2026-03-05 16:24:10,184 - cell_segmenter.gui.main_window - DEBUG - Updated overlay display
2026-03-05 16:24:10,188 - cell_segmenter.gui.main_window - DEBUG - Updated overlay display
2026-03-05 16:24:10,207 - cell_segmenter.gui.main_window - DEBUG - Updated overlay display
2026-03-05 16:24:10,212 - cell_segmenter.gui.main_window - DEBUG - Updated overlay display
2026-03-05 16:24:10,216 - cell_segmenter.gui.main_window - DEBUG - Updated overlay display
2026-03-05 16:24:10,236 - cell_segmenter.gui.main_window - DEBUG - Updated overlay display
2026-03-05 16:24:10,240 - cell_segmenter.gui.main_window - DEBUG - Updated overlay display
2026-03-05 16:24:10,245 - cell_segmenter.gui.main_window - DEBUG - Updated overlay display
2026-03-05 16:24:10,250 - cell_segmenter.gui.main_window - DEBUG - Updated overlay display
2026-03-05 16:24:10,269 - cell_segmenter.gui.main_window - DEBUG - Updated overlay display
2026-03-05 16:24:10,273 - cell_segmenter.gui.main_window - DEBUG - Updated overlay display
2026-03-05 16:24:10,278 - cell_segmenter.gui.main_window - DEBUG - Updated overlay display
2026-03-05 16:24:10,297 - cell_segmenter.gui.main_window - DEBUG - Updated overlay display
2026-03-05 16:24:10,301 - cell_segmenter.gui.main_window - DEBUG - Updated overlay display
2026-03-05 16:24:10,306 - cell_segmenter.gui.main_window - DEBUG - Updated overlay display
2026-03-05 16:24:10,325 - cell_segmenter.gui.main_window - DEBUG - Updated overlay display
2026-03-05 16:24:10,329 - cell_segmenter.gui.main_window - DEBUG - Updated overlay display
2026-03-05 16:24:10,334 - cell_segmenter.gui.main_window - DEBUG - Updated overlay display
2026-03-05 16:24:10,338 - cell_segmenter.gui.main_window - DEBUG - Updated overlay display
2026-03-05 16:24:10,357 - cell_segmenter.gui.main_window - DEBUG - Updated overlay display
2026-03-05 16:24:10,362 - cell_segmenter.gui.main_window - DEBUG - Updated overlay display
2026-03-05 16:24:10,366 - cell_segmenter.gui.main_window - DEBUG - Updated overlay display
2026-03-05 16:24:10,385 - cell_segmenter.gui.main_window - DEBUG - Updated overlay display
2026-03-05 16:24:10,390 - cell_segmenter.gui.main_window - DEBUG - Updated overlay display
2026-03-05 16:24:10,394 - cell_segmenter.gui.main_window - DEBUG - Updated overlay display
2026-03-05 16:24:10,413 - cell_segmenter.gui.main_window - DEBUG - Updated overlay display
2026-03-05 16:24:10,418 - cell_segmenter.gui.main_window - DEBUG - Updated overlay display
2026-03-05 16:24:10,422 - cell_segmenter.gui.main_window - DEBUG - Updated overlay display
2026-03-05 16:24:10,441 - cell_segmenter.gui.main_window - DEBUG - Updated overlay display
2026-03-05 16:24:10,445 - cell_segmenter.gui.main_window - DEBUG - Updated overlay display
2026-03-05 16:24:10,450 - cell_segmenter.gui.main_window - DEBUG - Updated overlay display
2026-03-05 16:24:10,496 - cell_segmenter.gui.main_window - DEBUG - Updated overlay display
2026-03-05 16:24:10,501 - cell_segmenter.gui.main_window - DEBUG - Updated overlay display
2026-03-05 16:24:10,520 - cell_segmenter.gui.main_window - DEBUG - Updated overlay display
2026-03-05 16:24:10,525 - cell_segmenter.gui.main_window - DEBUG - Updated overlay display
2026-03-05 16:24:10,544 - cell_segmenter.gui.main_window - DEBUG - Updated overlay display
2026-03-05 16:24:10,548 - cell_segmenter.gui.main_window - DEBUG - Updated overlay display
2026-03-05 16:24:10,568 - cell_segmenter.gui.main_window - DEBUG - Updated overlay display
2026-03-05 16:24:10,572 - cell_segmenter.gui.main_window - DEBUG - Updated overlay display
2026-03-05 16:24:10,591 - cell_segmenter.gui.main_window - DEBUG - Updated overlay display
2026-03-05 16:24:10,596 - cell_segmenter.gui.main_window - DEBUG - Updated overlay display
2026-03-05 16:24:10,615 - cell_segmenter.gui.main_window - DEBUG - Updated overlay display
2026-03-05 16:24:10,619 - cell_segmenter.gui.main_window - DEBUG - Updated overlay display
2026-03-05 16:24:10,624 - cell_segmenter.gui.main_window - DEBUG - Updated overlay display
2026-03-05 16:24:10,628 - cell_segmenter.gui.main_window - DEBUG - Updated overlay display
2026-03-05 16:24:10,648 - cell_segmenter.gui.main_window - DEBUG - Updated overlay display
2026-03-05 16:24:10,652 - cell_segmenter.gui.main_window - DEBUG - Updated overlay display
2026-03-05 16:24:10,671 - cell_segmenter.gui.main_window - DEBUG - Updated overlay display
2026-03-05 16:24:10,676 - cell_segmenter.gui.main_window - DEBUG - Updated overlay display
2026-03-05 16:24:10,696 - cell_segmenter.gui.main_window - DEBUG - Updated overlay display
2026-03-05 16:24:10,701 - cell_segmenter.gui.main_window - DEBUG - Updated overlay display
2026-03-05 16:24:10,705 - cell_segmenter.gui.main_window - DEBUG - Updated overlay display
2026-03-05 16:24:10,710 - cell_segmenter.gui.main_window - DEBUG - Updated overlay display
2026-03-05 16:24:10,729 - cell_segmenter.gui.main_window - DEBUG - Updated overlay display
2026-03-05 16:24:10,734 - cell_segmenter.gui.main_window - DEBUG - Updated overlay display
2026-03-05 16:24:10,738 - cell_segmenter.gui.main_window - DEBUG - Updated overlay display
2026-03-05 16:24:10,743 - cell_segmenter.gui.main_window - DEBUG - Updated overlay display
2026-03-05 16:24:10,762 - cell_segmenter.gui.main_window - DEBUG - Updated overlay display
2026-03-05 16:24:10,767 - cell_segmenter.gui.main_window - DEBUG - Updated overlay display
2026-03-05 16:24:10,772 - cell_segmenter.gui.main_window - DEBUG - Updated overlay display
2026-03-05 16:24:10,776 - cell_segmenter.gui.main_window - DEBUG - Updated overlay display
2026-03-05 16:24:10,795 - cell_segmenter.gui.main_window - DEBUG - Updated overlay display
2026-03-05 16:24:10,800 - cell_segmenter.gui.main_window - DEBUG - Updated overlay display
2026-03-05 16:24:10,804 - cell_segmenter.gui.main_window - DEBUG - Updated overlay display
2026-03-05 16:24:10,824 - cell_segmenter.gui.main_window - DEBUG - Updated overlay display
2026-03-05 16:24:10,829 - cell_segmenter.gui.main_window - DEBUG - Updated overlay display
2026-03-05 16:24:10,833 - cell_segmenter.gui.main_window - DEBUG - Updated overlay display
2026-03-05 16:24:10,838 - cell_segmenter.gui.main_window - DEBUG - Updated overlay display
2026-03-05 16:24:10,857 - cell_segmenter.gui.main_window - DEBUG - Updated overlay display
2026-03-05 16:24:10,862 - cell_segmenter.gui.main_window - DEBUG - Updated overlay display
2026-03-05 16:24:10,867 - cell_segmenter.gui.main_window - DEBUG - Updated overlay display
2026-03-05 16:24:10,871 - cell_segmenter.gui.main_window - DEBUG - Updated overlay display
2026-03-05 16:24:10,891 - cell_segmenter.gui.main_window - DEBUG - Updated overlay display
2026-03-05 16:24:10,895 - cell_segmenter.gui.main_window - DEBUG - Updated overlay display
2026-03-05 16:24:10,900 - cell_segmenter.gui.main_window - DEBUG - Updated overlay display
2026-03-05 16:24:10,904 - cell_segmenter.gui.main_window - DEBUG - Updated overlay display
2026-03-05 16:24:10,923 - cell_segmenter.gui.main_window - DEBUG - Updated overlay display
2026-03-05 16:24:10,928 - cell_segmenter.gui.main_window - DEBUG - Updated overlay display
2026-03-05 16:24:10,932 - cell_segmenter.gui.main_window - DEBUG - Updated overlay display
2026-03-05 16:24:10,937 - cell_segmenter.gui.main_window - DEBUG - Updated overlay display
2026-03-05 16:24:10,956 - cell_segmenter.gui.main_window - DEBUG - Updated overlay display
2026-03-05 16:24:10,961 - cell_segmenter.gui.main_window - DEBUG - Updated overlay display
2026-03-05 16:24:10,965 - cell_segmenter.gui.main_window - DEBUG - Updated overlay display
2026-03-05 16:24:10,970 - cell_segmenter.gui.main_window - DEBUG - Updated overlay display
2026-03-05 16:24:10,989 - cell_segmenter.gui.main_window - DEBUG - Updated overlay display
2026-03-05 16:24:10,993 - cell_segmenter.gui.main_window - DEBUG - Updated overlay display
2026-03-05 16:24:10,998 - cell_segmenter.gui.main_window - DEBUG - Updated overlay display
2026-03-05 16:24:11,017 - cell_segmenter.gui.main_window - DEBUG - Updated overlay display
2026-03-05 16:24:11,021 - cell_segmenter.gui.main_window - DEBUG - Updated overlay display
2026-03-05 16:24:11,026 - cell_segmenter.gui.main_window - DEBUG - Updated overlay display
2026-03-05 16:24:11,045 - cell_segmenter.gui.main_window - DEBUG - Updated overlay display
2026-03-05 16:24:11,050 - cell_segmenter.gui.main_window - DEBUG - Updated overlay display
2026-03-05 16:24:11,055 - cell_segmenter.gui.main_window - DEBUG - Updated overlay display
2026-03-05 16:24:11,074 - cell_segmenter.gui.main_window - DEBUG - Updated overlay display
2026-03-05 16:24:11,078 - cell_segmenter.gui.main_window - DEBUG - Updated overlay display
2026-03-05 16:24:11,083 - cell_segmenter.gui.main_window - DEBUG - Updated overlay display
2026-03-05 16:24:11,088 - cell_segmenter.gui.main_window - DEBUG - Updated overlay display
2026-03-05 16:24:11,107 - cell_segmenter.gui.main_window - DEBUG - Updated overlay display
2026-03-05 16:24:11,112 - cell_segmenter.gui.main_window - DEBUG - Updated overlay display
2026-03-05 16:24:11,116 - cell_segmenter.gui.main_window - DEBUG - Updated overlay display
2026-03-05 16:24:11,121 - cell_segmenter.gui.main_window - DEBUG - Updated overlay display
2026-03-05 16:24:11,140 - cell_segmenter.gui.main_window - DEBUG - Updated overlay display
2026-03-05 16:24:11,144 - cell_segmenter.gui.main_window - DEBUG - Updated overlay display
2026-03-05 16:24:11,149 - cell_segmenter.gui.main_window - DEBUG - Updated overlay display
2026-03-05 16:24:11,153 - cell_segmenter.gui.main_window - DEBUG - Updated overlay display
2026-03-05 16:24:11,172 - cell_segmenter.gui.main_window - DEBUG - Updated overlay display
2026-03-05 16:24:11,177 - cell_segmenter.gui.main_window - DEBUG - Updated overlay display
2026-03-05 16:24:11,196 - cell_segmenter.gui.main_window - DEBUG - Updated overlay display
2026-03-05 16:24:11,201 - cell_segmenter.gui.main_window - DEBUG - Updated overlay display
2026-03-05 16:24:11,206 - cell_segmenter.gui.main_window - DEBUG - Updated overlay display
2026-03-05 16:24:11,210 - cell_segmenter.gui.main_window - DEBUG - Updated overlay display
2026-03-05 16:24:11,230 - cell_segmenter.gui.main_window - DEBUG - Updated overlay display
2026-03-05 16:24:11,234 - cell_segmenter.gui.main_window - DEBUG - Updated overlay display
2026-03-05 16:24:11,239 - cell_segmenter.gui.main_window - DEBUG - Updated overlay display
2026-03-05 16:24:11,243 - cell_segmenter.gui.main_window - DEBUG - Updated overlay display
2026-03-05 16:24:11,263 - cell_segmenter.gui.main_window - DEBUG - Updated overlay display
2026-03-05 16:24:11,267 - cell_segmenter.gui.main_window - DEBUG - Updated overlay display
2026-03-05 16:24:11,272 - cell_segmenter.gui.main_window - DEBUG - Updated overlay display
2026-03-05 16:24:11,276 - cell_segmenter.gui.main_window - DEBUG - Updated overlay display
2026-03-05 16:24:11,296 - cell_segmenter.gui.main_window - DEBUG - Updated overlay display
2026-03-05 16:24:11,300 - cell_segmenter.gui.main_window - DEBUG - Updated overlay display
2026-03-05 16:24:11,305 - cell_segmenter.gui.main_window - DEBUG - Updated overlay display
2026-03-05 16:24:11,309 - cell_segmenter.gui.main_window - DEBUG - Updated overlay display
2026-03-05 16:24:11,328 - cell_segmenter.gui.main_window - DEBUG - Updated overlay display
2026-03-05 16:24:11,333 - cell_segmenter.gui.main_window - DEBUG - Updated overlay display
2026-03-05 16:24:11,337 - cell_segmenter.gui.main_window - DEBUG - Updated overlay display
2026-03-05 16:24:11,357 - cell_segmenter.gui.main_window - DEBUG - Updated overlay display
2026-03-05 16:24:11,361 - cell_segmenter.gui.main_window - DEBUG - Updated overlay display
2026-03-05 16:24:11,366 - cell_segmenter.gui.main_window - DEBUG - Updated overlay display
2026-03-05 16:24:11,370 - cell_segmenter.gui.main_window - DEBUG - Updated overlay display
2026-03-05 16:24:11,390 - cell_segmenter.gui.main_window - DEBUG - Updated overlay display
2026-03-05 16:24:11,395 - cell_segmenter.gui.main_window - DEBUG - Updated overlay display
2026-03-05 16:24:11,399 - cell_segmenter.gui.main_window - DEBUG - Updated overlay display
2026-03-05 16:24:11,404 - cell_segmenter.gui.main_window - DEBUG - Updated overlay display
2026-03-05 16:24:11,423 - cell_segmenter.gui.main_window - DEBUG - Updated overlay display
2026-03-05 16:24:11,428 - cell_segmenter.gui.main_window - DEBUG - Updated overlay display
2026-03-05 16:24:11,433 - cell_segmenter.gui.main_window - DEBUG - Updated overlay display
2026-03-05 16:24:11,437 - cell_segmenter.gui.main_window - DEBUG - Updated overlay display
2026-03-05 16:24:11,456 - cell_segmenter.gui.main_window - DEBUG - Updated overlay display
2026-03-05 16:24:11,461 - cell_segmenter.gui.main_window - DEBUG - Updated overlay display
2026-03-05 16:24:11,466 - cell_segmenter.gui.main_window - DEBUG - Updated overlay display
2026-03-05 16:24:11,485 - cell_segmenter.gui.main_window - DEBUG - Updated overlay display
2026-03-05 16:24:11,489 - cell_segmenter.gui.main_window - DEBUG - Updated overlay display
2026-03-05 16:24:11,494 - cell_segmenter.gui.main_window - DEBUG - Updated overlay display
2026-03-05 16:24:11,499 - cell_segmenter.gui.main_window - DEBUG - Updated overlay display
2026-03-05 16:24:11,517 - cell_segmenter.gui.main_window - DEBUG - Updated overlay display
2026-03-05 16:24:11,522 - cell_segmenter.gui.main_window - DEBUG - Updated overlay display
2026-03-05 16:24:11,542 - cell_segmenter.gui.main_window - DEBUG - Updated overlay display
2026-03-05 16:24:11,546 - cell_segmenter.gui.main_window - DEBUG - Updated overlay display
2026-03-05 16:24:11,551 - cell_segmenter.gui.main_window - DEBUG - Updated overlay display
2026-03-05 16:24:11,555 - cell_segmenter.gui.main_window - DEBUG - Updated overlay display
2026-03-05 16:24:11,575 - cell_segmenter.gui.main_window - DEBUG - Updated overlay display
2026-03-05 16:24:11,579 - cell_segmenter.gui.main_window - DEBUG - Updated overlay display
2026-03-05 16:24:11,598 - cell_segmenter.gui.main_window - DEBUG - Updated overlay display
2026-03-05 16:24:11,603 - cell_segmenter.gui.main_window - DEBUG - Updated overlay display
2026-03-05 16:24:11,622 - cell_segmenter.gui.main_window - DEBUG - Updated overlay display
2026-03-05 16:24:11,627 - cell_segmenter.gui.main_window - DEBUG - Updated overlay display
2026-03-05 16:24:11,632 - cell_segmenter.gui.main_window - DEBUG - Updated overlay display
2026-03-05 16:24:11,637 - cell_segmenter.gui.main_window - DEBUG - Updated overlay display
2026-03-05 16:24:11,656 - cell_segmenter.gui.main_window - DEBUG - Updated overlay display
2026-03-05 16:24:11,661 - cell_segmenter.gui.main_window - DEBUG - Updated overlay display
2026-03-05 16:24:11,665 - cell_segmenter.gui.main_window - DEBUG - Updated overlay display
2026-03-05 16:24:11,670 - cell_segmenter.gui.main_window - DEBUG - Updated overlay display
2026-03-05 16:24:11,690 - cell_segmenter.gui.main_window - DEBUG - Updated overlay display
2026-03-05 16:24:11,695 - cell_segmenter.gui.main_window - DEBUG - Updated overlay display
2026-03-05 16:24:11,699 - cell_segmenter.gui.main_window - DEBUG - Updated overlay display
2026-03-05 16:24:11,704 - cell_segmenter.gui.main_window - DEBUG - Updated overlay display
2026-03-05 16:24:11,723 - cell_segmenter.gui.main_window - DEBUG - Updated overlay display
2026-03-05 16:24:11,728 - cell_segmenter.gui.main_window - DEBUG - Updated overlay display
2026-03-05 16:24:11,732 - cell_segmenter.gui.main_window - DEBUG - Updated overlay display
2026-03-05 16:24:11,737 - cell_segmenter.gui.main_window - DEBUG - Updated overlay display
2026-03-05 16:24:11,756 - cell_segmenter.gui.main_window - DEBUG - Updated overlay display
2026-03-05 16:24:11,761 - cell_segmenter.gui.main_window - DEBUG - Updated overlay display
2026-03-05 16:24:11,766 - cell_segmenter.gui.main_window - DEBUG - Updated overlay display
2026-03-05 16:24:11,770 - cell_segmenter.gui.main_window - DEBUG - Updated overlay display
2026-03-05 16:24:11,790 - cell_segmenter.gui.main_window - DEBUG - Updated overlay display
2026-03-05 16:24:11,794 - cell_segmenter.gui.main_window - DEBUG - Updated overlay display
2026-03-05 16:24:11,799 - cell_segmenter.gui.main_window - DEBUG - Updated overlay display
2026-03-05 16:24:11,803 - cell_segmenter.gui.main_window - DEBUG - Updated overlay display
2026-03-05 16:24:11,823 - cell_segmenter.gui.main_window - DEBUG - Updated overlay display
2026-03-05 16:24:11,828 - cell_segmenter.gui.main_window - DEBUG - Updated overlay display
2026-03-05 16:24:11,832 - cell_segmenter.gui.main_window - DEBUG - Updated overlay display
2026-03-05 16:24:11,837 - cell_segmenter.gui.main_window - DEBUG - Updated overlay display
2026-03-05 16:24:11,856 - cell_segmenter.gui.main_window - DEBUG - Updated overlay display
2026-03-05 16:24:11,861 - cell_segmenter.gui.main_window - DEBUG - Updated overlay display
2026-03-05 16:24:11,866 - cell_segmenter.gui.main_window - DEBUG - Updated overlay display
2026-03-05 16:24:11,870 - cell_segmenter.gui.main_window - DEBUG - Updated overlay display
2026-03-05 16:24:11,889 - cell_segmenter.gui.main_window - DEBUG - Updated overlay display
2026-03-05 16:24:11,894 - cell_segmenter.gui.main_window - DEBUG - Updated overlay display
2026-03-05 16:24:11,899 - cell_segmenter.gui.main_window - DEBUG - Updated overlay display
2026-03-05 16:24:11,904 - cell_segmenter.gui.main_window - DEBUG - Updated overlay display
2026-03-05 16:24:11,923 - cell_segmenter.gui.main_window - DEBUG - Updated overlay display
2026-03-05 16:24:11,928 - cell_segmenter.gui.main_window - DEBUG - Updated overlay display
2026-03-05 16:24:11,932 - cell_segmenter.gui.main_window - DEBUG - Updated overlay display
2026-03-05 16:24:11,937 - cell_segmenter.gui.main_window - DEBUG - Updated overlay display
2026-03-05 16:24:11,956 - cell_segmenter.gui.main_window - DEBUG - Updated overlay display
2026-03-05 16:24:11,961 - cell_segmenter.gui.main_window - DEBUG - Updated overlay display
2026-03-05 16:24:11,980 - cell_segmenter.gui.main_window - DEBUG - Updated overlay display
2026-03-05 16:24:11,984 - cell_segmenter.gui.main_window - DEBUG - Updated overlay display
2026-03-05 16:24:12,003 - cell_segmenter.gui.main_window - DEBUG - Updated overlay display
2026-03-05 16:24:12,008 - cell_segmenter.gui.main_window - DEBUG - Updated overlay display
2026-03-05 16:24:12,028 - cell_segmenter.gui.main_window - DEBUG - Updated overlay display
2026-03-05 16:24:12,032 - cell_segmenter.gui.main_window - DEBUG - Updated overlay display
2026-03-05 16:24:12,037 - cell_segmenter.gui.main_window - DEBUG - Updated overlay display
2026-03-05 16:24:12,042 - cell_segmenter.gui.main_window - DEBUG - Updated overlay display
2026-03-05 16:24:12,062 - cell_segmenter.gui.main_window - DEBUG - Updated overlay display
2026-03-05 16:24:12,066 - cell_segmenter.gui.main_window - DEBUG - Updated overlay display
2026-03-05 16:24:12,086 - cell_segmenter.gui.main_window - DEBUG - Updated overlay display
2026-03-05 16:24:12,091 - cell_segmenter.gui.main_window - DEBUG - Updated overlay display
2026-03-05 16:24:12,096 - cell_segmenter.gui.main_window - DEBUG - Updated overlay display
2026-03-05 16:24:12,100 - cell_segmenter.gui.main_window - DEBUG - Updated overlay display
2026-03-05 16:24:12,120 - cell_segmenter.gui.main_window - DEBUG - Updated overlay display
2026-03-05 16:24:12,125 - cell_segmenter.gui.main_window - DEBUG - Updated overlay display
2026-03-05 16:24:12,129 - cell_segmenter.gui.main_window - DEBUG - Updated overlay display
2026-03-05 16:24:12,134 - cell_segmenter.gui.main_window - DEBUG - Updated overlay display
2026-03-05 16:24:12,154 - cell_segmenter.gui.main_window - DEBUG - Updated overlay display
2026-03-05 16:24:12,158 - cell_segmenter.gui.main_window - DEBUG - Updated overlay display
2026-03-05 16:24:12,163 - cell_segmenter.gui.main_window - DEBUG - Updated overlay display
2026-03-05 16:24:12,167 - cell_segmenter.gui.main_window - DEBUG - Updated overlay display
2026-03-05 16:24:12,186 - cell_segmenter.gui.main_window - DEBUG - Updated overlay display
2026-03-05 16:24:12,191 - cell_segmenter.gui.main_window - DEBUG - Updated overlay display
2026-03-05 16:24:12,196 - cell_segmenter.gui.main_window - DEBUG - Updated overlay display
2026-03-05 16:24:12,200 - cell_segmenter.gui.main_window - DEBUG - Updated overlay display
2026-03-05 16:24:12,228 - cell_segmenter.gui.main_window - DEBUG - Updated overlay display
2026-03-05 16:24:12,233 - cell_segmenter.gui.main_window - DEBUG - Updated overlay display
2026-03-05 16:24:12,252 - cell_segmenter.gui.main_window - DEBUG - Updated overlay display
2026-03-05 16:24:12,257 - cell_segmenter.gui.main_window - DEBUG - Updated overlay display
2026-03-05 16:24:12,276 - cell_segmenter.gui.main_window - DEBUG - Updated overlay display
2026-03-05 16:24:12,280 - cell_segmenter.gui.main_window - DEBUG - Updated overlay display
2026-03-05 16:24:12,299 - cell_segmenter.gui.main_window - DEBUG - Updated overlay display
2026-03-05 16:24:12,304 - cell_segmenter.gui.main_window - DEBUG - Updated overlay display
2026-03-05 16:24:12,323 - cell_segmenter.gui.main_window - DEBUG - Updated overlay display
2026-03-05 16:24:12,328 - cell_segmenter.gui.main_window - DEBUG - Updated overlay display
2026-03-05 16:24:12,347 - cell_segmenter.gui.main_window - DEBUG - Updated overlay display
2026-03-05 16:24:12,351 - cell_segmenter.gui.main_window - DEBUG - Updated overlay display
2026-03-05 16:24:12,356 - cell_segmenter.gui.main_window - DEBUG - Updated overlay display
2026-03-05 16:24:12,360 - cell_segmenter.gui.main_window - DEBUG - Updated overlay display
2026-03-05 16:24:12,380 - cell_segmenter.gui.main_window - DEBUG - Updated overlay display
2026-03-05 16:24:12,385 - cell_segmenter.gui.main_window - DEBUG - Updated overlay display
2026-03-05 16:24:12,405 - cell_segmenter.gui.main_window - DEBUG - Updated overlay display
2026-03-05 16:24:12,409 - cell_segmenter.gui.main_window - DEBUG - Updated overlay display
2026-03-05 16:24:12,429 - cell_segmenter.gui.main_window - DEBUG - Updated overlay display
2026-03-05 16:24:12,434 - cell_segmenter.gui.main_window - DEBUG - Updated overlay display
2026-03-05 16:24:12,439 - cell_segmenter.gui.main_window - DEBUG - Updated overlay display
2026-03-05 16:24:12,444 - cell_segmenter.gui.main_window - DEBUG - Updated overlay display
2026-03-05 16:24:12,463 - cell_segmenter.gui.main_window - DEBUG - Updated overlay display
2026-03-05 16:24:12,468 - cell_segmenter.gui.main_window - DEBUG - Updated overlay display
2026-03-05 16:24:12,473 - cell_segmenter.gui.main_window - DEBUG - Updated overlay display
2026-03-05 16:24:12,477 - cell_segmenter.gui.main_window - DEBUG - Updated overlay display
2026-03-05 16:24:12,497 - cell_segmenter.gui.main_window - DEBUG - Updated overlay display
2026-03-05 16:24:12,501 - cell_segmenter.gui.main_window - DEBUG - Updated overlay display
2026-03-05 16:24:12,506 - cell_segmenter.gui.main_window - DEBUG - Updated overlay display
2026-03-05 16:24:12,510 - cell_segmenter.gui.main_window - DEBUG - Updated overlay display
2026-03-05 16:24:12,530 - cell_segmenter.gui.main_window - DEBUG - Updated overlay display
2026-03-05 16:24:12,534 - cell_segmenter.gui.main_window - DEBUG - Updated overlay display
2026-03-05 16:24:12,539 - cell_segmenter.gui.main_window - DEBUG - Updated overlay display
2026-03-05 16:24:12,544 - cell_segmenter.gui.main_window - DEBUG - Updated overlay display
2026-03-05 16:24:12,563 - cell_segmenter.gui.main_window - DEBUG - Updated overlay display
2026-03-05 16:24:12,568 - cell_segmenter.gui.main_window - DEBUG - Updated overlay display
2026-03-05 16:24:12,573 - cell_segmenter.gui.main_window - DEBUG - Updated overlay display
2026-03-05 16:24:12,578 - cell_segmenter.gui.main_window - DEBUG - Updated overlay display
2026-03-05 16:24:12,597 - cell_segmenter.gui.main_window - DEBUG - Updated overlay display
2026-03-05 16:24:12,602 - cell_segmenter.gui.main_window - DEBUG - Updated overlay display
2026-03-05 16:24:12,621 - cell_segmenter.gui.main_window - DEBUG - Updated overlay display
2026-03-05 16:24:12,625 - cell_segmenter.gui.main_window - DEBUG - Updated overlay display
2026-03-05 16:24:12,630 - cell_segmenter.gui.main_window - DEBUG - Updated overlay display
2026-03-05 16:24:12,635 - cell_segmenter.gui.main_window - DEBUG - Updated overlay display
2026-03-05 16:24:12,654 - cell_segmenter.gui.main_window - DEBUG - Updated overlay display
2026-03-05 16:24:12,659 - cell_segmenter.gui.main_window - DEBUG - Updated overlay display
2026-03-05 16:24:12,664 - cell_segmenter.gui.main_window - DEBUG - Updated overlay display
2026-03-05 16:24:12,668 - cell_segmenter.gui.main_window - DEBUG - Updated overlay display
2026-03-05 16:24:12,687 - cell_segmenter.gui.main_window - DEBUG - Updated overlay display
2026-03-05 16:24:12,692 - cell_segmenter.gui.main_window - DEBUG - Updated overlay display
2026-03-05 16:24:12,711 - cell_segmenter.gui.main_window - DEBUG - Updated overlay display
2026-03-05 16:24:12,716 - cell_segmenter.gui.main_window - DEBUG - Updated overlay display
2026-03-05 16:24:12,721 - cell_segmenter.gui.main_window - DEBUG - Updated overlay display
2026-03-05 16:24:12,725 - cell_segmenter.gui.main_window - DEBUG - Updated overlay display
2026-03-05 16:24:12,745 - cell_segmenter.gui.main_window - DEBUG - Updated overlay display
2026-03-05 16:24:12,749 - cell_segmenter.gui.main_window - DEBUG - Updated overlay display
2026-03-05 16:24:12,769 - cell_segmenter.gui.main_window - DEBUG - Updated overlay display
2026-03-05 16:24:12,774 - cell_segmenter.gui.main_window - DEBUG - Updated overlay display
2026-03-05 16:24:12,794 - cell_segmenter.gui.main_window - DEBUG - Updated overlay display
2026-03-05 16:24:12,799 - cell_segmenter.gui.main_window - DEBUG - Updated overlay display
2026-03-05 16:24:12,803 - cell_segmenter.gui.main_window - DEBUG - Updated overlay display
2026-03-05 16:24:12,808 - cell_segmenter.gui.main_window - DEBUG - Updated overlay display
2026-03-05 16:24:12,827 - cell_segmenter.gui.main_window - DEBUG - Updated overlay display
2026-03-05 16:24:12,832 - cell_segmenter.gui.main_window - DEBUG - Updated overlay display
2026-03-05 16:24:12,851 - cell_segmenter.gui.main_window - DEBUG - Updated overlay display
2026-03-05 16:24:12,856 - cell_segmenter.gui.main_window - DEBUG - Updated overlay display
2026-03-05 16:24:12,876 - cell_segmenter.gui.main_window - DEBUG - Updated overlay display
2026-03-05 16:24:12,880 - cell_segmenter.gui.main_window - DEBUG - Updated overlay display
2026-03-05 16:24:12,885 - cell_segmenter.gui.main_window - DEBUG - Updated overlay display
2026-03-05 16:24:12,890 - cell_segmenter.gui.main_window - DEBUG - Updated overlay display
2026-03-05 16:24:12,910 - cell_segmenter.gui.main_window - DEBUG - Updated overlay display
2026-03-05 16:24:12,915 - cell_segmenter.gui.main_window - DEBUG - Updated overlay display
2026-03-05 16:24:12,920 - cell_segmenter.gui.main_window - DEBUG - Updated overlay display
2026-03-05 16:24:12,924 - cell_segmenter.gui.main_window - DEBUG - Updated overlay display
2026-03-05 16:24:12,944 - cell_segmenter.gui.main_window - DEBUG - Updated overlay display
2026-03-05 16:24:12,949 - cell_segmenter.gui.main_window - DEBUG - Updated overlay display
2026-03-05 16:24:12,953 - cell_segmenter.gui.main_window - DEBUG - Updated overlay display
2026-03-05 16:24:12,958 - cell_segmenter.gui.main_window - DEBUG - Updated overlay display
2026-03-05 16:24:12,977 - cell_segmenter.gui.main_window - DEBUG - Updated overlay display
2026-03-05 16:24:12,982 - cell_segmenter.gui.main_window - DEBUG - Updated overlay display
2026-03-05 16:24:12,987 - cell_segmenter.gui.main_window - DEBUG - Updated overlay display
2026-03-05 16:24:12,991 - cell_segmenter.gui.main_window - DEBUG - Updated overlay display
2026-03-05 16:24:13,011 - cell_segmenter.gui.main_window - DEBUG - Updated overlay display
2026-03-05 16:24:13,015 - cell_segmenter.gui.main_window - DEBUG - Updated overlay display
2026-03-05 16:24:13,020 - cell_segmenter.gui.main_window - DEBUG - Updated overlay display
2026-03-05 16:24:13,024 - cell_segmenter.gui.main_window - DEBUG - Updated overlay display
2026-03-05 16:24:13,044 - cell_segmenter.gui.main_window - DEBUG - Updated overlay display
2026-03-05 16:24:13,049 - cell_segmenter.gui.main_window - DEBUG - Updated overlay display
2026-03-05 16:24:13,053 - cell_segmenter.gui.main_window - DEBUG - Updated overlay display
2026-03-05 16:24:13,058 - cell_segmenter.gui.main_window - DEBUG - Updated overlay display
2026-03-05 16:24:13,077 - cell_segmenter.gui.main_window - DEBUG - Updated overlay display
2026-03-05 16:24:13,082 - cell_segmenter.gui.main_window - DEBUG - Updated overlay display
2026-03-05 16:24:13,087 - cell_segmenter.gui.main_window - DEBUG - Updated overlay display
2026-03-05 16:24:13,091 - cell_segmenter.gui.main_window - DEBUG - Updated overlay display
2026-03-05 16:24:13,110 - cell_segmenter.gui.main_window - DEBUG - Updated overlay display
2026-03-05 16:24:13,115 - cell_segmenter.gui.main_window - DEBUG - Updated overlay display
2026-03-05 16:24:13,120 - cell_segmenter.gui.main_window - DEBUG - Updated overlay display
2026-03-05 16:24:13,124 - cell_segmenter.gui.main_window - DEBUG - Updated overlay display
2026-03-05 16:24:13,144 - cell_segmenter.gui.main_window - DEBUG - Updated overlay display
2026-03-05 16:24:13,149 - cell_segmenter.gui.main_window - DEBUG - Updated overlay display
2026-03-05 16:24:13,154 - cell_segmenter.gui.main_window - DEBUG - Updated overlay display
2026-03-05 16:24:13,158 - cell_segmenter.gui.main_window - DEBUG - Updated overlay display
2026-03-05 16:24:13,178 - cell_segmenter.gui.main_window - DEBUG - Updated overlay display
2026-03-05 16:24:13,182 - cell_segmenter.gui.main_window - DEBUG - Updated overlay display
2026-03-05 16:24:13,187 - cell_segmenter.gui.main_window - DEBUG - Updated overlay display
2026-03-05 16:24:13,192 - cell_segmenter.gui.main_window - DEBUG - Updated overlay display
2026-03-05 16:24:13,211 - cell_segmenter.gui.main_window - DEBUG - Updated overlay display
2026-03-05 16:24:13,216 - cell_segmenter.gui.main_window - DEBUG - Updated overlay display
2026-03-05 16:24:13,221 - cell_segmenter.gui.main_window - DEBUG - Updated overlay display
2026-03-05 16:24:13,225 - cell_segmenter.gui.main_window - DEBUG - Updated overlay display
2026-03-05 16:24:13,245 - cell_segmenter.gui.main_window - DEBUG - Updated overlay display
2026-03-05 16:24:13,250 - cell_segmenter.gui.main_window - DEBUG - Updated overlay display
2026-03-05 16:24:13,254 - cell_segmenter.gui.main_window - DEBUG - Updated overlay display
2026-03-05 16:24:13,274 - cell_segmenter.gui.main_window - DEBUG - Updated overlay display
2026-03-05 16:24:13,279 - cell_segmenter.gui.main_window - DEBUG - Updated overlay display
2026-03-05 16:24:13,283 - cell_segmenter.gui.main_window - DEBUG - Updated overlay display
2026-03-05 16:24:13,288 - cell_segmenter.gui.main_window - DEBUG - Updated overlay display
2026-03-05 16:24:13,308 - cell_segmenter.gui.main_window - DEBUG - Updated overlay display
2026-03-05 16:24:13,313 - cell_segmenter.gui.main_window - DEBUG - Updated overlay display
2026-03-05 16:24:13,318 - cell_segmenter.gui.main_window - DEBUG - Updated overlay display
2026-03-05 16:24:13,322 - cell_segmenter.gui.main_window - DEBUG - Updated overlay display
2026-03-05 16:24:13,342 - cell_segmenter.gui.main_window - DEBUG - Updated overlay display
2026-03-05 16:24:13,347 - cell_segmenter.gui.main_window - DEBUG - Updated overlay display
2026-03-05 16:24:13,352 - cell_segmenter.gui.main_window - DEBUG - Updated overlay display
2026-03-05 16:24:13,357 - cell_segmenter.gui.main_window - DEBUG - Updated overlay display
2026-03-05 16:24:13,376 - cell_segmenter.gui.main_window - DEBUG - Updated overlay display
2026-03-05 16:24:13,381 - cell_segmenter.gui.main_window - DEBUG - Updated overlay display
2026-03-05 16:24:13,386 - cell_segmenter.gui.main_window - DEBUG - Updated overlay display
2026-03-05 16:24:13,390 - cell_segmenter.gui.main_window - DEBUG - Updated overlay display
2026-03-05 16:24:13,409 - cell_segmenter.gui.main_window - DEBUG - Updated overlay display
2026-03-05 16:24:13,414 - cell_segmenter.gui.main_window - DEBUG - Updated overlay display
2026-03-05 16:24:13,419 - cell_segmenter.gui.main_window - DEBUG - Updated overlay display
2026-03-05 16:24:13,423 - cell_segmenter.gui.main_window - DEBUG - Updated overlay display
2026-03-05 16:24:13,443 - cell_segmenter.gui.main_window - DEBUG - Updated overlay display
2026-03-05 16:24:13,448 - cell_segmenter.gui.main_window - DEBUG - Updated overlay display
2026-03-05 16:24:13,452 - cell_segmenter.gui.main_window - DEBUG - Updated overlay display
2026-03-05 16:24:13,457 - cell_segmenter.gui.main_window - DEBUG - Updated overlay display
2026-03-05 16:24:13,476 - cell_segmenter.gui.main_window - DEBUG - Updated overlay display
2026-03-05 16:24:13,481 - cell_segmenter.gui.main_window - DEBUG - Updated overlay display
2026-03-05 16:24:13,486 - cell_segmenter.gui.main_window - DEBUG - Updated overlay display
2026-03-05 16:24:13,505 - cell_segmenter.gui.main_window - DEBUG - Updated overlay display
2026-03-05 16:24:13,510 - cell_segmenter.gui.main_window - DEBUG - Updated overlay display
2026-03-05 16:24:13,515 - cell_segmenter.gui.main_window - DEBUG - Updated overlay display
2026-03-05 16:24:13,519 - cell_segmenter.gui.main_window - DEBUG - Updated overlay display
2026-03-05 16:24:13,539 - cell_segmenter.gui.main_window - DEBUG - Updated overlay display
2026-03-05 16:24:13,544 - cell_segmenter.gui.main_window - DEBUG - Updated overlay display
2026-03-05 16:24:13,549 - cell_segmenter.gui.main_window - DEBUG - Updated overlay display
2026-03-05 16:24:13,553 - cell_segmenter.gui.main_window - DEBUG - Updated overlay display
2026-03-05 16:24:13,573 - cell_segmenter.gui.main_window - DEBUG - Updated overlay display
2026-03-05 16:24:13,577 - cell_segmenter.gui.main_window - DEBUG - Updated overlay display
2026-03-05 16:24:13,582 - cell_segmenter.gui.main_window - DEBUG - Updated overlay display
2026-03-05 16:24:13,587 - cell_segmenter.gui.main_window - DEBUG - Updated overlay display
2026-03-05 16:24:13,606 - cell_segmenter.gui.main_window - DEBUG - Updated overlay display
2026-03-05 16:24:13,611 - cell_segmenter.gui.main_window - DEBUG - Updated overlay display
2026-03-05 16:24:13,616 - cell_segmenter.gui.main_window - DEBUG - Updated overlay display
2026-03-05 16:24:13,621 - cell_segmenter.gui.main_window - DEBUG - Updated overlay display
2026-03-05 16:24:13,640 - cell_segmenter.gui.main_window - DEBUG - Updated overlay display
2026-03-05 16:24:13,645 - cell_segmenter.gui.main_window - DEBUG - Updated overlay display
2026-03-05 16:24:13,649 - cell_segmenter.gui.main_window - DEBUG - Updated overlay display
2026-03-05 16:24:13,654 - cell_segmenter.gui.main_window - DEBUG - Updated overlay display
2026-03-05 16:24:13,674 - cell_segmenter.gui.main_window - DEBUG - Updated overlay display
2026-03-05 16:24:13,679 - cell_segmenter.gui.main_window - DEBUG - Updated overlay display
2026-03-05 16:24:13,684 - cell_segmenter.gui.main_window - DEBUG - Updated overlay display
2026-03-05 16:24:13,689 - cell_segmenter.gui.main_window - DEBUG - Updated overlay display
2026-03-05 16:24:13,709 - cell_segmenter.gui.main_window - DEBUG - Updated overlay display
2026-03-05 16:24:13,713 - cell_segmenter.gui.main_window - DEBUG - Updated overlay display
2026-03-05 16:24:13,718 - cell_segmenter.gui.main_window - DEBUG - Updated overlay display
2026-03-05 16:24:13,723 - cell_segmenter.gui.main_window - DEBUG - Updated overlay display
2026-03-05 16:24:13,743 - cell_segmenter.gui.main_window - DEBUG - Updated overlay display
2026-03-05 16:24:13,747 - cell_segmenter.gui.main_window - DEBUG - Updated overlay display
2026-03-05 16:24:13,752 - cell_segmenter.gui.main_window - DEBUG - Updated overlay display
2026-03-05 16:24:13,757 - cell_segmenter.gui.main_window - DEBUG - Updated overlay display
2026-03-05 16:24:13,776 - cell_segmenter.gui.main_window - DEBUG - Updated overlay display
2026-03-05 16:24:13,781 - cell_segmenter.gui.main_window - DEBUG - Updated overlay display
2026-03-05 16:24:13,785 - cell_segmenter.gui.main_window - DEBUG - Updated overlay display
2026-03-05 16:24:13,805 - cell_segmenter.gui.main_window - DEBUG - Updated overlay display
2026-03-05 16:24:13,809 - cell_segmenter.gui.main_window - DEBUG - Updated overlay display
2026-03-05 16:24:13,829 - cell_segmenter.gui.main_window - DEBUG - Updated overlay display
2026-03-05 16:24:13,833 - cell_segmenter.gui.main_window - DEBUG - Updated overlay display
2026-03-05 16:24:13,838 - cell_segmenter.gui.main_window - DEBUG - Updated overlay display
2026-03-05 16:24:13,843 - cell_segmenter.gui.main_window - DEBUG - Updated overlay display
2026-03-05 16:24:13,862 - cell_segmenter.gui.main_window - DEBUG - Updated overlay display
2026-03-05 16:24:13,867 - cell_segmenter.gui.main_window - DEBUG - Updated overlay display
2026-03-05 16:24:13,872 - cell_segmenter.gui.main_window - DEBUG - Updated overlay display
2026-03-05 16:24:13,877 - cell_segmenter.gui.main_window - DEBUG - Updated overlay display
2026-03-05 16:24:13,896 - cell_segmenter.gui.main_window - DEBUG - Updated overlay display
2026-03-05 16:24:13,900 - cell_segmenter.gui.main_window - DEBUG - Updated overlay display
2026-03-05 16:24:13,920 - cell_segmenter.gui.main_window - DEBUG - Updated overlay display
2026-03-05 16:24:13,925 - cell_segmenter.gui.main_window - DEBUG - Updated overlay display
2026-03-05 16:24:13,929 - cell_segmenter.gui.main_window - DEBUG - Updated overlay display
2026-03-05 16:24:13,934 - cell_segmenter.gui.main_window - DEBUG - Updated overlay display
2026-03-05 16:24:13,954 - cell_segmenter.gui.main_window - DEBUG - Updated overlay display
2026-03-05 16:24:13,959 - cell_segmenter.gui.main_window - DEBUG - Updated overlay display
2026-03-05 16:24:13,964 - cell_segmenter.gui.main_window - DEBUG - Updated overlay display
2026-03-05 16:24:13,968 - cell_segmenter.gui.main_window - DEBUG - Updated overlay display
2026-03-05 16:24:13,988 - cell_segmenter.gui.main_window - DEBUG - Updated overlay display
2026-03-05 16:24:13,993 - cell_segmenter.gui.main_window - DEBUG - Updated overlay display
2026-03-05 16:24:13,997 - cell_segmenter.gui.main_window - DEBUG - Updated overlay display
2026-03-05 16:24:14,002 - cell_segmenter.gui.main_window - DEBUG - Updated overlay display
2026-03-05 16:24:14,022 - cell_segmenter.gui.main_window - DEBUG - Updated overlay display
2026-03-05 16:24:14,027 - cell_segmenter.gui.main_window - DEBUG - Updated overlay display
2026-03-05 16:24:14,046 - cell_segmenter.gui.main_window - DEBUG - Updated overlay display
2026-03-05 16:24:14,051 - cell_segmenter.gui.main_window - DEBUG - Updated overlay display
2026-03-05 16:24:14,070 - cell_segmenter.gui.main_window - DEBUG - Updated overlay display
2026-03-05 16:24:14,075 - cell_segmenter.gui.main_window - DEBUG - Updated overlay display
2026-03-05 16:24:14,079 - cell_segmenter.gui.main_window - DEBUG - Updated overlay display
2026-03-05 16:24:14,084 - cell_segmenter.gui.main_window - DEBUG - Updated overlay display
2026-03-05 16:24:14,104 - cell_segmenter.gui.main_window - DEBUG - Updated overlay display
2026-03-05 16:24:14,109 - cell_segmenter.gui.main_window - DEBUG - Updated overlay display
2026-03-05 16:24:14,113 - cell_segmenter.gui.main_window - DEBUG - Updated overlay display
2026-03-05 16:24:14,118 - cell_segmenter.gui.main_window - DEBUG - Updated overlay display
2026-03-05 16:24:14,137 - cell_segmenter.gui.main_window - DEBUG - Updated overlay display
2026-03-05 16:24:14,142 - cell_segmenter.gui.main_window - DEBUG - Updated overlay display
2026-03-05 16:24:14,147 - cell_segmenter.gui.main_window - DEBUG - Updated overlay display
2026-03-05 16:24:14,152 - cell_segmenter.gui.main_window - DEBUG - Updated overlay display
2026-03-05 16:24:14,171 - cell_segmenter.gui.main_window - DEBUG - Updated overlay display
2026-03-05 16:24:14,176 - cell_segmenter.gui.main_window - DEBUG - Updated overlay display
2026-03-05 16:24:14,181 - cell_segmenter.gui.main_window - DEBUG - Updated overlay display
2026-03-05 16:24:14,186 - cell_segmenter.gui.main_window - DEBUG - Updated overlay display
2026-03-05 16:24:14,205 - cell_segmenter.gui.main_window - DEBUG - Updated overlay display
2026-03-05 16:24:14,210 - cell_segmenter.gui.main_window - DEBUG - Updated overlay display
2026-03-05 16:24:14,214 - cell_segmenter.gui.main_window - DEBUG - Updated overlay display
2026-03-05 16:24:14,219 - cell_segmenter.gui.main_window - DEBUG - Updated overlay display
2026-03-05 16:24:14,239 - cell_segmenter.gui.main_window - DEBUG - Updated overlay display
2026-03-05 16:24:14,243 - cell_segmenter.gui.main_window - DEBUG - Updated overlay display
2026-03-05 16:24:14,248 - cell_segmenter.gui.main_window - DEBUG - Updated overlay display
2026-03-05 16:24:14,253 - cell_segmenter.gui.main_window - DEBUG - Updated overlay display
2026-03-05 16:24:14,272 - cell_segmenter.gui.main_window - DEBUG - Updated overlay display
2026-03-05 16:24:14,277 - cell_segmenter.gui.main_window - DEBUG - Updated overlay display
2026-03-05 16:24:14,282 - cell_segmenter.gui.main_window - DEBUG - Updated overlay display
2026-03-05 16:24:14,286 - cell_segmenter.gui.main_window - DEBUG - Updated overlay display
2026-03-05 16:24:14,306 - cell_segmenter.gui.main_window - DEBUG - Updated overlay display
2026-03-05 16:24:14,311 - cell_segmenter.gui.main_window - DEBUG - Updated overlay display
2026-03-05 16:24:14,315 - cell_segmenter.gui.main_window - DEBUG - Updated overlay display
2026-03-05 16:24:14,320 - cell_segmenter.gui.main_window - DEBUG - Updated overlay display
2026-03-05 16:24:14,339 - cell_segmenter.gui.main_window - DEBUG - Updated overlay display
2026-03-05 16:24:14,345 - cell_segmenter.gui.main_window - DEBUG - Updated overlay display
2026-03-05 16:24:14,349 - cell_segmenter.gui.main_window - DEBUG - Updated overlay display
2026-03-05 16:24:14,354 - cell_segmenter.gui.main_window - DEBUG - Updated overlay display
2026-03-05 16:24:14,373 - cell_segmenter.gui.main_window - DEBUG - Updated overlay display
2026-03-05 16:24:14,378 - cell_segmenter.gui.main_window - DEBUG - Updated overlay display
2026-03-05 16:24:14,383 - cell_segmenter.gui.main_window - DEBUG - Updated overlay display
2026-03-05 16:24:14,388 - cell_segmenter.gui.main_window - DEBUG - Updated overlay display
2026-03-05 16:24:14,407 - cell_segmenter.gui.main_window - DEBUG - Updated overlay display
2026-03-05 16:24:14,412 - cell_segmenter.gui.main_window - DEBUG - Updated overlay display
2026-03-05 16:24:14,417 - cell_segmenter.gui.main_window - DEBUG - Updated overlay display
2026-03-05 16:24:14,421 - cell_segmenter.gui.main_window - DEBUG - Updated overlay display
2026-03-05 16:24:14,440 - cell_segmenter.gui.main_window - DEBUG - Updated overlay display
2026-03-05 16:24:14,446 - cell_segmenter.gui.main_window - DEBUG - Updated overlay display
2026-03-05 16:24:14,450 - cell_segmenter.gui.main_window - DEBUG - Updated overlay display
2026-03-05 16:24:14,455 - cell_segmenter.gui.main_window - DEBUG - Updated overlay display
2026-03-05 16:24:14,474 - cell_segmenter.gui.main_window - DEBUG - Updated overlay display
2026-03-05 16:24:14,479 - cell_segmenter.gui.main_window - DEBUG - Updated overlay display
2026-03-05 16:24:14,484 - cell_segmenter.gui.main_window - DEBUG - Updated overlay display
2026-03-05 16:24:14,488 - cell_segmenter.gui.main_window - DEBUG - Updated overlay display
2026-03-05 16:24:14,508 - cell_segmenter.gui.main_window - DEBUG - Updated overlay display
2026-03-05 16:24:14,513 - cell_segmenter.gui.main_window - DEBUG - Updated overlay display
2026-03-05 16:24:14,518 - cell_segmenter.gui.main_window - DEBUG - Updated overlay display
2026-03-05 16:24:14,523 - cell_segmenter.gui.main_window - DEBUG - Updated overlay display
2026-03-05 16:24:14,542 - cell_segmenter.gui.main_window - DEBUG - Updated overlay display
2026-03-05 16:24:14,547 - cell_segmenter.gui.main_window - DEBUG - Updated overlay display
2026-03-05 16:24:14,552 - cell_segmenter.gui.main_window - DEBUG - Updated overlay display
2026-03-05 16:24:14,571 - cell_segmenter.gui.main_window - DEBUG - Updated overlay display
2026-03-05 16:24:14,576 - cell_segmenter.gui.main_window - DEBUG - Updated overlay display
2026-03-05 16:24:14,580 - cell_segmenter.gui.main_window - DEBUG - Updated overlay display
2026-03-05 16:24:14,585 - cell_segmenter.gui.main_window - DEBUG - Updated overlay display
2026-03-05 16:24:14,604 - cell_segmenter.gui.main_window - DEBUG - Updated overlay display
2026-03-05 16:24:14,609 - cell_segmenter.gui.main_window - DEBUG - Updated overlay display
2026-03-05 16:24:14,614 - cell_segmenter.gui.main_window - DEBUG - Updated overlay display
2026-03-05 16:24:14,619 - cell_segmenter.gui.main_window - DEBUG - Updated overlay display
2026-03-05 16:24:14,638 - cell_segmenter.gui.main_window - DEBUG - Updated overlay display
2026-03-05 16:24:14,643 - cell_segmenter.gui.main_window - DEBUG - Updated overlay display
2026-03-05 16:24:14,648 - cell_segmenter.gui.main_window - DEBUG - Updated overlay display
2026-03-05 16:24:14,653 - cell_segmenter.gui.main_window - DEBUG - Updated overlay display
2026-03-05 16:24:14,672 - cell_segmenter.gui.main_window - DEBUG - Updated overlay display
2026-03-05 16:24:14,677 - cell_segmenter.gui.main_window - DEBUG - Updated overlay display
2026-03-05 16:24:14,682 - cell_segmenter.gui.main_window - DEBUG - Updated overlay display
2026-03-05 16:24:14,687 - cell_segmenter.gui.main_window - DEBUG - Updated overlay display
2026-03-05 16:24:14,706 - cell_segmenter.gui.main_window - DEBUG - Updated overlay display
2026-03-05 16:24:14,711 - cell_segmenter.gui.main_window - DEBUG - Updated overlay display
2026-03-05 16:24:14,716 - cell_segmenter.gui.main_window - DEBUG - Updated overlay display
2026-03-05 16:24:14,721 - cell_segmenter.gui.main_window - DEBUG - Updated overlay display
2026-03-05 16:24:14,740 - cell_segmenter.gui.main_window - DEBUG - Updated overlay display
2026-03-05 16:24:14,745 - cell_segmenter.gui.main_window - DEBUG - Updated overlay display
2026-03-05 16:24:14,750 - cell_segmenter.gui.main_window - DEBUG - Updated overlay display
2026-03-05 16:24:14,754 - cell_segmenter.gui.main_window - DEBUG - Updated overlay display
2026-03-05 16:24:14,773 - cell_segmenter.gui.main_window - DEBUG - Updated overlay display
2026-03-05 16:24:14,778 - cell_segmenter.gui.main_window - DEBUG - Updated overlay display
2026-03-05 16:24:14,798 - cell_segmenter.gui.main_window - DEBUG - Updated overlay display
2026-03-05 16:24:14,803 - cell_segmenter.gui.main_window - DEBUG - Updated overlay display
2026-03-05 16:24:14,808 - cell_segmenter.gui.main_window - DEBUG - Updated overlay display
2026-03-05 16:24:14,812 - cell_segmenter.gui.main_window - DEBUG - Updated overlay display
2026-03-05 16:24:14,832 - cell_segmenter.gui.main_window - DEBUG - Updated overlay display
2026-03-05 16:24:14,837 - cell_segmenter.gui.main_window - DEBUG - Updated overlay display
2026-03-05 16:24:14,841 - cell_segmenter.gui.main_window - DEBUG - Updated overlay display
2026-03-05 16:24:14,846 - cell_segmenter.gui.main_window - DEBUG - Updated overlay display
2026-03-05 16:24:14,865 - cell_segmenter.gui.main_window - DEBUG - Updated overlay display
2026-03-05 16:24:14,870 - cell_segmenter.gui.main_window - DEBUG - Updated overlay display
2026-03-05 16:24:14,890 - cell_segmenter.gui.main_window - DEBUG - Updated overlay display
2026-03-05 16:24:14,894 - cell_segmenter.gui.main_window - DEBUG - Updated overlay display
2026-03-05 16:24:14,914 - cell_segmenter.gui.main_window - DEBUG - Updated overlay display
2026-03-05 16:24:14,919 - cell_segmenter.gui.main_window - DEBUG - Updated overlay display
2026-03-05 16:24:14,924 - cell_segmenter.gui.main_window - DEBUG - Updated overlay display
2026-03-05 16:24:14,929 - cell_segmenter.gui.main_window - DEBUG - Updated overlay display
2026-03-05 16:24:14,948 - cell_segmenter.gui.main_window - DEBUG - Updated overlay display
2026-03-05 16:24:14,953 - cell_segmenter.gui.main_window - DEBUG - Updated overlay display
2026-03-05 16:24:14,958 - cell_segmenter.gui.main_window - DEBUG - Updated overlay display
2026-03-05 16:24:14,963 - cell_segmenter.gui.main_window - DEBUG - Updated overlay display
2026-03-05 16:24:14,982 - cell_segmenter.gui.main_window - DEBUG - Updated overlay display
2026-03-05 16:24:14,988 - cell_segmenter.gui.main_window - DEBUG - Updated overlay display
2026-03-05 16:24:14,992 - cell_segmenter.gui.main_window - DEBUG - Updated overlay display
2026-03-05 16:24:14,997 - cell_segmenter.gui.main_window - DEBUG - Updated overlay display
2026-03-05 16:24:15,040 - cell_segmenter.gui.main_window - DEBUG - Updated overlay display
2026-03-05 16:24:15,045 - cell_segmenter.gui.main_window - DEBUG - Updated overlay display
2026-03-05 16:24:15,065 - cell_segmenter.gui.main_window - DEBUG - Updated overlay display
2026-03-05 16:24:15,070 - cell_segmenter.gui.main_window - DEBUG - Updated overlay display
2026-03-05 16:24:15,089 - cell_segmenter.gui.main_window - DEBUG - Updated overlay display
2026-03-05 16:24:15,094 - cell_segmenter.gui.main_window - DEBUG - Updated overlay display
2026-03-05 16:24:15,114 - cell_segmenter.gui.main_window - DEBUG - Updated overlay display
2026-03-05 16:24:15,119 - cell_segmenter.gui.main_window - DEBUG - Updated overlay display
2026-03-05 16:24:15,123 - cell_segmenter.gui.main_window - DEBUG - Updated overlay display
2026-03-05 16:24:15,128 - cell_segmenter.gui.main_window - DEBUG - Updated overlay display
2026-03-05 16:24:15,148 - cell_segmenter.gui.main_window - DEBUG - Updated overlay display
2026-03-05 16:24:15,153 - cell_segmenter.gui.main_window - DEBUG - Updated overlay display
2026-03-05 16:24:15,157 - cell_segmenter.gui.main_window - DEBUG - Updated overlay display
2026-03-05 16:24:15,162 - cell_segmenter.gui.main_window - DEBUG - Updated overlay display
2026-03-05 16:24:15,182 - cell_segmenter.gui.main_window - DEBUG - Updated overlay display
2026-03-05 16:24:15,186 - cell_segmenter.gui.main_window - DEBUG - Updated overlay display
2026-03-05 16:24:15,191 - cell_segmenter.gui.main_window - DEBUG - Updated overlay display
2026-03-05 16:24:15,196 - cell_segmenter.gui.main_window - DEBUG - Updated overlay display
2026-03-05 16:24:15,215 - cell_segmenter.gui.main_window - DEBUG - Updated overlay display
2026-03-05 16:24:15,220 - cell_segmenter.gui.main_window - DEBUG - Updated overlay display
2026-03-05 16:24:15,225 - cell_segmenter.gui.main_window - DEBUG - Updated overlay display
2026-03-05 16:24:15,230 - cell_segmenter.gui.main_window - DEBUG - Updated overlay display
2026-03-05 16:24:15,249 - cell_segmenter.gui.main_window - DEBUG - Updated overlay display
2026-03-05 16:24:15,254 - cell_segmenter.gui.main_window - DEBUG - Updated overlay display
2026-03-05 16:24:15,259 - cell_segmenter.gui.main_window - DEBUG - Updated overlay display
2026-03-05 16:24:15,264 - cell_segmenter.gui.main_window - DEBUG - Updated overlay display
2026-03-05 16:24:15,283 - cell_segmenter.gui.main_window - DEBUG - Updated overlay display
2026-03-05 16:24:15,288 - cell_segmenter.gui.main_window - DEBUG - Updated overlay display
2026-03-05 16:24:15,293 - cell_segmenter.gui.main_window - DEBUG - Updated overlay display
2026-03-05 16:24:15,298 - cell_segmenter.gui.main_window - DEBUG - Updated overlay display
2026-03-05 16:24:15,317 - cell_segmenter.gui.main_window - DEBUG - Updated overlay display
2026-03-05 16:24:15,322 - cell_segmenter.gui.main_window - DEBUG - Updated overlay display
2026-03-05 16:24:15,327 - cell_segmenter.gui.main_window - DEBUG - Updated overlay display
2026-03-05 16:24:15,332 - cell_segmenter.gui.main_window - DEBUG - Updated overlay display
2026-03-05 16:24:15,351 - cell_segmenter.gui.main_window - DEBUG - Updated overlay display
2026-03-05 16:24:15,356 - cell_segmenter.gui.main_window - DEBUG - Updated overlay display
2026-03-05 16:24:15,361 - cell_segmenter.gui.main_window - DEBUG - Updated overlay display
2026-03-05 16:24:15,366 - cell_segmenter.gui.main_window - DEBUG - Updated overlay display
2026-03-05 16:24:15,385 - cell_segmenter.gui.main_window - DEBUG - Updated overlay display
2026-03-05 16:24:15,390 - cell_segmenter.gui.main_window - DEBUG - Updated overlay display
2026-03-05 16:24:15,395 - cell_segmenter.gui.main_window - DEBUG - Updated overlay display
2026-03-05 16:24:15,400 - cell_segmenter.gui.main_window - DEBUG - Updated overlay display
2026-03-05 16:24:15,420 - cell_segmenter.gui.main_window - DEBUG - Updated overlay display
2026-03-05 16:24:15,425 - cell_segmenter.gui.main_window - DEBUG - Updated overlay display
2026-03-05 16:24:15,430 - cell_segmenter.gui.main_window - DEBUG - Updated overlay display
2026-03-05 16:24:15,435 - cell_segmenter.gui.main_window - DEBUG - Updated overlay display
2026-03-05 16:24:15,454 - cell_segmenter.gui.main_window - DEBUG - Updated overlay display
2026-03-05 16:24:15,459 - cell_segmenter.gui.main_window - DEBUG - Updated overlay display
2026-03-05 16:24:15,464 - cell_segmenter.gui.main_window - DEBUG - Updated overlay display
2026-03-05 16:24:15,469 - cell_segmenter.gui.main_window - DEBUG - Updated overlay display
2026-03-05 16:24:15,488 - cell_segmenter.gui.main_window - DEBUG - Updated overlay display
2026-03-05 16:24:15,493 - cell_segmenter.gui.main_window - DEBUG - Updated overlay display
2026-03-05 16:24:15,498 - cell_segmenter.gui.main_window - DEBUG - Updated overlay display
2026-03-05 16:24:15,503 - cell_segmenter.gui.main_window - DEBUG - Updated overlay display
2026-03-05 16:24:15,522 - cell_segmenter.gui.main_window - DEBUG - Updated overlay display
2026-03-05 16:24:15,527 - cell_segmenter.gui.main_window - DEBUG - Updated overlay display
2026-03-05 16:24:15,546 - cell_segmenter.gui.main_window - DEBUG - Updated overlay display
2026-03-05 16:24:15,551 - cell_segmenter.gui.main_window - DEBUG - Updated overlay display
2026-03-05 16:24:15,556 - cell_segmenter.gui.main_window - DEBUG - Updated overlay display
2026-03-05 16:24:15,561 - cell_segmenter.gui.main_window - DEBUG - Updated overlay display
2026-03-05 16:24:15,580 - cell_segmenter.gui.main_window - DEBUG - Updated overlay display
2026-03-05 16:24:15,585 - cell_segmenter.gui.main_window - DEBUG - Updated overlay display
2026-03-05 16:24:15,590 - cell_segmenter.gui.main_window - DEBUG - Updated overlay display
2026-03-05 16:24:15,595 - cell_segmenter.gui.main_window - DEBUG - Updated overlay display
2026-03-05 16:24:15,615 - cell_segmenter.gui.main_window - DEBUG - Updated overlay display
2026-03-05 16:24:15,620 - cell_segmenter.gui.main_window - DEBUG - Updated overlay display
2026-03-05 16:24:15,640 - cell_segmenter.gui.main_window - DEBUG - Updated overlay display
2026-03-05 16:24:15,645 - cell_segmenter.gui.main_window - DEBUG - Updated overlay display
2026-03-05 16:24:15,649 - cell_segmenter.gui.main_window - DEBUG - Updated overlay display
2026-03-05 16:24:15,654 - cell_segmenter.gui.main_window - DEBUG - Updated overlay display
2026-03-05 16:24:15,674 - cell_segmenter.gui.main_window - DEBUG - Updated overlay display
2026-03-05 16:24:15,679 - cell_segmenter.gui.main_window - DEBUG - Updated overlay display
2026-03-05 16:24:15,699 - cell_segmenter.gui.main_window - DEBUG - Updated overlay display
2026-03-05 16:24:15,704 - cell_segmenter.gui.main_window - DEBUG - Updated overlay display
2026-03-05 16:24:15,724 - cell_segmenter.gui.main_window - DEBUG - Updated overlay display
2026-03-05 16:24:15,729 - cell_segmenter.gui.main_window - DEBUG - Updated overlay display
2026-03-05 16:24:15,734 - cell_segmenter.gui.main_window - DEBUG - Updated overlay display
2026-03-05 16:24:15,739 - cell_segmenter.gui.main_window - DEBUG - Updated overlay display
2026-03-05 16:24:15,758 - cell_segmenter.gui.main_window - DEBUG - Updated overlay display
2026-03-05 16:24:15,763 - cell_segmenter.gui.main_window - DEBUG - Updated overlay display
2026-03-05 16:24:15,768 - cell_segmenter.gui.main_window - DEBUG - Updated overlay display
2026-03-05 16:24:15,773 - cell_segmenter.gui.main_window - DEBUG - Updated overlay display
2026-03-05 16:24:15,792 - cell_segmenter.gui.main_window - DEBUG - Updated overlay display
2026-03-05 16:24:15,798 - cell_segmenter.gui.main_window - DEBUG - Updated overlay display
2026-03-05 16:24:15,803 - cell_segmenter.gui.main_window - DEBUG - Updated overlay display
2026-03-05 16:24:15,808 - cell_segmenter.gui.main_window - DEBUG - Updated overlay display
2026-03-05 16:24:15,827 - cell_segmenter.gui.main_window - DEBUG - Updated overlay display
2026-03-05 16:24:15,832 - cell_segmenter.gui.main_window - DEBUG - Updated overlay display
2026-03-05 16:24:15,837 - cell_segmenter.gui.main_window - DEBUG - Updated overlay display
2026-03-05 16:24:15,842 - cell_segmenter.gui.main_window - DEBUG - Updated overlay display
2026-03-05 16:24:15,862 - cell_segmenter.gui.main_window - DEBUG - Updated overlay display
2026-03-05 16:24:15,867 - cell_segmenter.gui.main_window - DEBUG - Updated overlay display
2026-03-05 16:24:15,887 - cell_segmenter.gui.main_window - DEBUG - Updated overlay display
2026-03-05 16:24:15,892 - cell_segmenter.gui.main_window - DEBUG - Updated overlay display
2026-03-05 16:24:15,897 - cell_segmenter.gui.main_window - DEBUG - Updated overlay display
2026-03-05 16:24:15,901 - cell_segmenter.gui.main_window - DEBUG - Updated overlay display
2026-03-05 16:24:15,921 - cell_segmenter.gui.main_window - DEBUG - Updated overlay display
2026-03-05 16:24:15,926 - cell_segmenter.gui.main_window - DEBUG - Updated overlay display
2026-03-05 16:24:15,931 - cell_segmenter.gui.main_window - DEBUG - Updated overlay display
2026-03-05 16:24:15,936 - cell_segmenter.gui.main_window - DEBUG - Updated overlay display
2026-03-05 16:24:15,955 - cell_segmenter.gui.main_window - DEBUG - Updated overlay display
2026-03-05 16:24:15,961 - cell_segmenter.gui.main_window - DEBUG - Updated overlay display
2026-03-05 16:24:15,966 - cell_segmenter.gui.main_window - DEBUG - Updated overlay display
2026-03-05 16:24:15,971 - cell_segmenter.gui.main_window - DEBUG - Updated overlay display
2026-03-05 16:24:15,990 - cell_segmenter.gui.main_window - DEBUG - Updated overlay display
2026-03-05 16:24:15,995 - cell_segmenter.gui.main_window - DEBUG - Updated overlay display
2026-03-05 16:24:16,000 - cell_segmenter.gui.main_window - DEBUG - Updated overlay display
2026-03-05 16:24:16,005 - cell_segmenter.gui.main_window - DEBUG - Updated overlay display
2026-03-05 16:24:16,024 - cell_segmenter.gui.main_window - DEBUG - Updated overlay display
2026-03-05 16:24:16,030 - cell_segmenter.gui.main_window - DEBUG - Updated overlay display
2026-03-05 16:24:16,035 - cell_segmenter.gui.main_window - DEBUG - Updated overlay display
2026-03-05 16:24:16,040 - cell_segmenter.gui.main_window - DEBUG - Updated overlay display
2026-03-05 16:24:16,059 - cell_segmenter.gui.main_window - DEBUG - Updated overlay display
2026-03-05 16:24:16,064 - cell_segmenter.gui.main_window - DEBUG - Updated overlay display
2026-03-05 16:24:16,069 - cell_segmenter.gui.main_window - DEBUG - Updated overlay display
2026-03-05 16:24:16,074 - cell_segmenter.gui.main_window - DEBUG - Updated overlay display
2026-03-05 16:24:16,093 - cell_segmenter.gui.main_window - DEBUG - Updated overlay display
2026-03-05 16:24:16,099 - cell_segmenter.gui.main_window - DEBUG - Updated overlay display
2026-03-05 16:24:16,103 - cell_segmenter.gui.main_window - DEBUG - Updated overlay display
2026-03-05 16:24:16,108 - cell_segmenter.gui.main_window - DEBUG - Updated overlay display
2026-03-05 16:24:16,128 - cell_segmenter.gui.main_window - DEBUG - Updated overlay display
2026-03-05 16:24:16,133 - cell_segmenter.gui.main_window - DEBUG - Updated overlay display
2026-03-05 16:24:16,138 - cell_segmenter.gui.main_window - DEBUG - Updated overlay display
2026-03-05 16:24:16,142 - cell_segmenter.gui.main_window - DEBUG - Updated overlay display
2026-03-05 16:24:16,162 - cell_segmenter.gui.main_window - DEBUG - Updated overlay display
2026-03-05 16:24:16,167 - cell_segmenter.gui.main_window - DEBUG - Updated overlay display
2026-03-05 16:24:16,187 - cell_segmenter.gui.main_window - DEBUG - Updated overlay display
2026-03-05 16:24:16,192 - cell_segmenter.gui.main_window - DEBUG - Updated overlay display
2026-03-05 16:24:16,212 - cell_segmenter.gui.main_window - DEBUG - Updated overlay display
2026-03-05 16:24:16,217 - cell_segmenter.gui.main_window - DEBUG - Updated overlay display
2026-03-05 16:24:16,222 - cell_segmenter.gui.main_window - DEBUG - Updated overlay display
2026-03-05 16:24:16,227 - cell_segmenter.gui.main_window - DEBUG - Updated overlay display
2026-03-05 16:24:16,246 - cell_segmenter.gui.main_window - DEBUG - Updated overlay display
2026-03-05 16:24:16,251 - cell_segmenter.gui.main_window - DEBUG - Updated overlay display
2026-03-05 16:24:16,257 - cell_segmenter.gui.main_window - DEBUG - Updated overlay display
2026-03-05 16:24:16,262 - cell_segmenter.gui.main_window - DEBUG - Updated overlay display
2026-03-05 16:24:16,281 - cell_segmenter.gui.main_window - DEBUG - Updated overlay display
2026-03-05 16:24:16,286 - cell_segmenter.gui.main_window - DEBUG - Updated overlay display
2026-03-05 16:24:16,291 - cell_segmenter.gui.main_window - DEBUG - Updated overlay display
2026-03-05 16:24:16,296 - cell_segmenter.gui.main_window - DEBUG - Updated overlay display
2026-03-05 16:24:16,315 - cell_segmenter.gui.main_window - DEBUG - Updated overlay display
2026-03-05 16:24:16,320 - cell_segmenter.gui.main_window - DEBUG - Updated overlay display
2026-03-05 16:24:16,359 - cell_segmenter.gui.main_window - DEBUG - Updated overlay display
2026-03-05 16:24:16,364 - cell_segmenter.gui.main_window - DEBUG - Updated overlay display
2026-03-05 16:24:16,383 - cell_segmenter.gui.main_window - DEBUG - Updated overlay display
2026-03-05 16:24:16,389 - cell_segmenter.gui.main_window - DEBUG - Updated overlay display
2026-03-05 16:24:16,408 - cell_segmenter.gui.main_window - DEBUG - Updated overlay display
2026-03-05 16:24:16,414 - cell_segmenter.gui.main_window - DEBUG - Updated overlay display
2026-03-05 16:24:16,419 - cell_segmenter.gui.main_window - DEBUG - Updated overlay display
2026-03-05 16:24:16,424 - cell_segmenter.gui.main_window - DEBUG - Updated overlay display
2026-03-05 16:24:16,443 - cell_segmenter.gui.main_window - DEBUG - Updated overlay display
2026-03-05 16:24:16,449 - cell_segmenter.gui.main_window - DEBUG - Updated overlay display
2026-03-05 16:24:16,453 - cell_segmenter.gui.main_window - DEBUG - Updated overlay display
2026-03-05 16:24:16,458 - cell_segmenter.gui.main_window - DEBUG - Updated overlay display
2026-03-05 16:24:16,478 - cell_segmenter.gui.main_window - DEBUG - Updated overlay display
2026-03-05 16:24:16,483 - cell_segmenter.gui.main_window - DEBUG - Updated overlay display
2026-03-05 16:24:16,488 - cell_segmenter.gui.main_window - DEBUG - Updated overlay display
2026-03-05 16:24:16,493 - cell_segmenter.gui.main_window - DEBUG - Updated overlay display
2026-03-05 16:24:16,513 - cell_segmenter.gui.main_window - DEBUG - Updated overlay display
2026-03-05 16:24:16,518 - cell_segmenter.gui.main_window - DEBUG - Updated overlay display
2026-03-05 16:24:16,523 - cell_segmenter.gui.main_window - DEBUG - Updated overlay display
2026-03-05 16:24:16,528 - cell_segmenter.gui.main_window - DEBUG - Updated overlay display
2026-03-05 16:24:16,548 - cell_segmenter.gui.main_window - DEBUG - Updated overlay display
2026-03-05 16:24:16,553 - cell_segmenter.gui.main_window - DEBUG - Updated overlay display
2026-03-05 16:24:16,558 - cell_segmenter.gui.main_window - DEBUG - Updated overlay display
2026-03-05 16:24:16,563 - cell_segmenter.gui.main_window - DEBUG - Updated overlay display
2026-03-05 16:24:16,583 - cell_segmenter.gui.main_window - DEBUG - Updated overlay display
2026-03-05 16:24:16,588 - cell_segmenter.gui.main_window - DEBUG - Updated overlay display
2026-03-05 16:24:16,593 - cell_segmenter.gui.main_window - DEBUG - Updated overlay display
2026-03-05 16:24:16,598 - cell_segmenter.gui.main_window - DEBUG - Updated overlay display
2026-03-05 16:24:16,618 - cell_segmenter.gui.main_window - DEBUG - Updated overlay display
2026-03-05 16:24:16,623 - cell_segmenter.gui.main_window - DEBUG - Updated overlay display
2026-03-05 16:24:16,642 - cell_segmenter.gui.main_window - DEBUG - Updated overlay display
2026-03-05 16:24:16,648 - cell_segmenter.gui.main_window - DEBUG - Updated overlay display
2026-03-05 16:24:16,652 - cell_segmenter.gui.main_window - DEBUG - Updated overlay display
2026-03-05 16:24:16,657 - cell_segmenter.gui.main_window - DEBUG - Updated overlay display
2026-03-05 16:24:16,677 - cell_segmenter.gui.main_window - DEBUG - Updated overlay display
2026-03-05 16:24:16,683 - cell_segmenter.gui.main_window - DEBUG - Updated overlay display
2026-03-05 16:24:16,688 - cell_segmenter.gui.main_window - DEBUG - Updated overlay display
2026-03-05 16:24:16,693 - cell_segmenter.gui.main_window - DEBUG - Updated overlay display
2026-03-05 16:24:16,713 - cell_segmenter.gui.main_window - DEBUG - Updated overlay display
2026-03-05 16:24:16,718 - cell_segmenter.gui.main_window - DEBUG - Updated overlay display
2026-03-05 16:24:16,723 - cell_segmenter.gui.main_window - DEBUG - Updated overlay display
2026-03-05 16:24:16,728 - cell_segmenter.gui.main_window - DEBUG - Updated overlay display
2026-03-05 16:24:16,748 - cell_segmenter.gui.main_window - DEBUG - Updated overlay display
2026-03-05 16:24:16,753 - cell_segmenter.gui.main_window - DEBUG - Updated overlay display
2026-03-05 16:24:16,758 - cell_segmenter.gui.main_window - DEBUG - Updated overlay display
2026-03-05 16:24:16,763 - cell_segmenter.gui.main_window - DEBUG - Updated overlay display
2026-03-05 16:24:16,782 - cell_segmenter.gui.main_window - DEBUG - Updated overlay display
2026-03-05 16:24:16,788 - cell_segmenter.gui.main_window - DEBUG - Updated overlay display
2026-03-05 16:24:16,793 - cell_segmenter.gui.main_window - DEBUG - Updated overlay display
2026-03-05 16:24:16,798 - cell_segmenter.gui.main_window - DEBUG - Updated overlay display
2026-03-05 16:24:16,818 - cell_segmenter.gui.main_window - DEBUG - Updated overlay display
2026-03-05 16:24:16,823 - cell_segmenter.gui.main_window - DEBUG - Updated overlay display
2026-03-05 16:24:16,829 - cell_segmenter.gui.main_window - DEBUG - Updated overlay display
2026-03-05 16:24:16,834 - cell_segmenter.gui.main_window - DEBUG - Updated overlay display
2026-03-05 16:24:16,853 - cell_segmenter.gui.main_window - DEBUG - Updated overlay display
2026-03-05 16:24:16,859 - cell_segmenter.gui.main_window - DEBUG - Updated overlay display
2026-03-05 16:24:16,864 - cell_segmenter.gui.main_window - DEBUG - Updated overlay display
2026-03-05 16:24:16,869 - cell_segmenter.gui.main_window - DEBUG - Updated overlay display
2026-03-05 16:24:16,889 - cell_segmenter.gui.main_window - DEBUG - Updated overlay display
2026-03-05 16:24:16,894 - cell_segmenter.gui.main_window - DEBUG - Updated overlay display
2026-03-05 16:24:16,899 - cell_segmenter.gui.main_window - DEBUG - Updated overlay display
2026-03-05 16:24:16,904 - cell_segmenter.gui.main_window - DEBUG - Updated overlay display
2026-03-05 16:24:16,924 - cell_segmenter.gui.main_window - DEBUG - Updated overlay display
2026-03-05 16:24:16,929 - cell_segmenter.gui.main_window - DEBUG - Updated overlay display
2026-03-05 16:24:16,934 - cell_segmenter.gui.main_window - DEBUG - Updated overlay display
2026-03-05 16:24:16,939 - cell_segmenter.gui.main_window - DEBUG - Updated overlay display
2026-03-05 16:24:16,959 - cell_segmenter.gui.main_window - DEBUG - Updated overlay display
2026-03-05 16:24:16,964 - cell_segmenter.gui.main_window - DEBUG - Updated overlay display
2026-03-05 16:24:16,969 - cell_segmenter.gui.main_window - DEBUG - Updated overlay display
2026-03-05 16:24:16,974 - cell_segmenter.gui.main_window - DEBUG - Updated overlay display
2026-03-05 16:24:16,994 - cell_segmenter.gui.main_window - DEBUG - Updated overlay display
2026-03-05 16:24:16,999 - cell_segmenter.gui.main_window - DEBUG - Updated overlay display
2026-03-05 16:24:17,004 - cell_segmenter.gui.main_window - DEBUG - Updated overlay display
2026-03-05 16:24:17,009 - cell_segmenter.gui.main_window - DEBUG - Updated overlay display
2026-03-05 16:24:17,029 - cell_segmenter.gui.main_window - DEBUG - Updated overlay display
2026-03-05 16:24:17,034 - cell_segmenter.gui.main_window - DEBUG - Updated overlay display
2026-03-05 16:24:17,039 - cell_segmenter.gui.main_window - DEBUG - Updated overlay display
2026-03-05 16:24:17,044 - cell_segmenter.gui.main_window - DEBUG - Updated overlay display
2026-03-05 16:24:17,063 - cell_segmenter.gui.main_window - DEBUG - Updated overlay display
2026-03-05 16:24:17,069 - cell_segmenter.gui.main_window - DEBUG - Updated overlay display
2026-03-05 16:24:17,074 - cell_segmenter.gui.main_window - DEBUG - Updated overlay display
2026-03-05 16:24:17,079 - cell_segmenter.gui.main_window - DEBUG - Updated overlay display
2026-03-05 16:24:17,098 - cell_segmenter.gui.main_window - DEBUG - Updated overlay display
2026-03-05 16:24:17,104 - cell_segmenter.gui.main_window - DEBUG - Updated overlay display
2026-03-05 16:24:17,109 - cell_segmenter.gui.main_window - DEBUG - Updated overlay display
2026-03-05 16:24:17,114 - cell_segmenter.gui.main_window - DEBUG - Updated overlay display
2026-03-05 16:24:17,133 - cell_segmenter.gui.main_window - DEBUG - Updated overlay display
2026-03-05 16:24:17,138 - cell_segmenter.gui.main_window - DEBUG - Updated overlay display
2026-03-05 16:24:17,143 - cell_segmenter.gui.main_window - DEBUG - Updated overlay display
2026-03-05 16:24:17,149 - cell_segmenter.gui.main_window - DEBUG - Updated overlay display
2026-03-05 16:24:17,168 - cell_segmenter.gui.main_window - DEBUG - Updated overlay display
2026-03-05 16:24:17,173 - cell_segmenter.gui.main_window - DEBUG - Updated overlay display
2026-03-05 16:24:17,178 - cell_segmenter.gui.main_window - DEBUG - Updated overlay display
2026-03-05 16:24:17,183 - cell_segmenter.gui.main_window - DEBUG - Updated overlay display
2026-03-05 16:24:17,203 - cell_segmenter.gui.main_window - DEBUG - Updated overlay display
2026-03-05 16:24:17,208 - cell_segmenter.gui.main_window - DEBUG - Updated overlay display
2026-03-05 16:24:17,213 - cell_segmenter.gui.main_window - DEBUG - Updated overlay display
2026-03-05 16:24:17,218 - cell_segmenter.gui.main_window - DEBUG - Updated overlay display
2026-03-05 16:24:17,238 - cell_segmenter.gui.main_window - DEBUG - Updated overlay display
2026-03-05 16:24:17,243 - cell_segmenter.gui.main_window - DEBUG - Updated overlay display
2026-03-05 16:24:17,248 - cell_segmenter.gui.main_window - DEBUG - Updated overlay display
2026-03-05 16:24:17,253 - cell_segmenter.gui.main_window - DEBUG - Updated overlay display
2026-03-05 16:24:17,273 - cell_segmenter.gui.main_window - DEBUG - Updated overlay display
2026-03-05 16:24:17,278 - cell_segmenter.gui.main_window - DEBUG - Updated overlay display
2026-03-05 16:24:17,298 - cell_segmenter.gui.main_window - DEBUG - Updated overlay display
2026-03-05 16:24:17,304 - cell_segmenter.gui.main_window - DEBUG - Updated overlay display
2026-03-05 16:24:17,309 - cell_segmenter.gui.main_window - DEBUG - Updated overlay display
2026-03-05 16:24:17,314 - cell_segmenter.gui.main_window - DEBUG - Updated overlay display
2026-03-05 16:24:17,334 - cell_segmenter.gui.main_window - DEBUG - Updated overlay display
2026-03-05 16:24:17,339 - cell_segmenter.gui.main_window - DEBUG - Updated overlay display
2026-03-05 16:24:17,344 - cell_segmenter.gui.main_window - DEBUG - Updated overlay display
2026-03-05 16:24:17,349 - cell_segmenter.gui.main_window - DEBUG - Updated overlay display
2026-03-05 16:24:17,369 - cell_segmenter.gui.main_window - DEBUG - Updated overlay display
2026-03-05 16:24:17,374 - cell_segmenter.gui.main_window - DEBUG - Updated overlay display
2026-03-05 16:24:17,379 - cell_segmenter.gui.main_window - DEBUG - Updated overlay display
2026-03-05 16:24:17,384 - cell_segmenter.gui.main_window - DEBUG - Updated overlay display
2026-03-05 16:24:17,404 - cell_segmenter.gui.main_window - DEBUG - Updated overlay display
2026-03-05 16:24:17,409 - cell_segmenter.gui.main_window - DEBUG - Updated overlay display
2026-03-05 16:24:17,414 - cell_segmenter.gui.main_window - DEBUG - Updated overlay display
2026-03-05 16:24:17,420 - cell_segmenter.gui.main_window - DEBUG - Updated overlay display
2026-03-05 16:24:17,439 - cell_segmenter.gui.main_window - DEBUG - Updated overlay display
2026-03-05 16:24:17,444 - cell_segmenter.gui.main_window - DEBUG - Updated overlay display
2026-03-05 16:24:17,449 - cell_segmenter.gui.main_window - DEBUG - Updated overlay display
2026-03-05 16:24:17,454 - cell_segmenter.gui.main_window - DEBUG - Updated overlay display
2026-03-05 16:24:17,474 - cell_segmenter.gui.main_window - DEBUG - Updated overlay display
2026-03-05 16:24:17,479 - cell_segmenter.gui.main_window - DEBUG - Updated overlay display
2026-03-05 16:24:17,485 - cell_segmenter.gui.main_window - DEBUG - Updated overlay display
2026-03-05 16:24:17,490 - cell_segmenter.gui.main_window - DEBUG - Updated overlay display
2026-03-05 16:24:17,509 - cell_segmenter.gui.main_window - DEBUG - Updated overlay display
2026-03-05 16:24:17,514 - cell_segmenter.gui.main_window - DEBUG - Updated overlay display
2026-03-05 16:24:17,519 - cell_segmenter.gui.main_window - DEBUG - Updated overlay display
2026-03-05 16:24:17,524 - cell_segmenter.gui.main_window - DEBUG - Updated overlay display
2026-03-05 16:24:17,544 - cell_segmenter.gui.main_window - DEBUG - Updated overlay display
2026-03-05 16:24:17,549 - cell_segmenter.gui.main_window - DEBUG - Updated overlay display
2026-03-05 16:24:17,554 - cell_segmenter.gui.main_window - DEBUG - Updated overlay display
2026-03-05 16:24:17,559 - cell_segmenter.gui.main_window - DEBUG - Updated overlay display
2026-03-05 16:24:17,579 - cell_segmenter.gui.main_window - DEBUG - Updated overlay display
2026-03-05 16:24:17,584 - cell_segmenter.gui.main_window - DEBUG - Updated overlay display
2026-03-05 16:24:17,589 - cell_segmenter.gui.main_window - DEBUG - Updated overlay display
2026-03-05 16:24:17,594 - cell_segmenter.gui.main_window - DEBUG - Updated overlay display
2026-03-05 16:24:17,614 - cell_segmenter.gui.main_window - DEBUG - Updated overlay display
2026-03-05 16:24:17,619 - cell_segmenter.gui.main_window - DEBUG - Updated overlay display
2026-03-05 16:24:17,653 - cell_segmenter.gui.main_window - DEBUG - Updated overlay display
2026-03-05 16:24:17,658 - cell_segmenter.gui.main_window - DEBUG - Updated overlay display
2026-03-05 16:24:17,694 - cell_segmenter.gui.main_window - DEBUG - Updated overlay display
2026-03-05 16:24:17,700 - cell_segmenter.gui.main_window - DEBUG - Updated overlay display
2026-03-05 16:24:17,720 - cell_segmenter.gui.main_window - DEBUG - Updated overlay display
2026-03-05 16:24:17,725 - cell_segmenter.gui.main_window - DEBUG - Updated overlay display
2026-03-05 16:24:17,744 - cell_segmenter.gui.main_window - DEBUG - Updated overlay display
2026-03-05 16:24:17,750 - cell_segmenter.gui.main_window - DEBUG - Updated overlay display
2026-03-05 16:24:17,769 - cell_segmenter.gui.main_window - DEBUG - Updated overlay display
2026-03-05 16:24:17,775 - cell_segmenter.gui.main_window - DEBUG - Updated overlay display
2026-03-05 16:24:17,794 - cell_segmenter.gui.main_window - DEBUG - Updated overlay display
2026-03-05 16:24:17,799 - cell_segmenter.gui.main_window - DEBUG - Updated overlay display
2026-03-05 16:24:17,819 - cell_segmenter.gui.main_window - DEBUG - Updated overlay display
2026-03-05 16:24:17,824 - cell_segmenter.gui.main_window - DEBUG - Updated overlay display
2026-03-05 16:24:17,829 - cell_segmenter.gui.main_window - DEBUG - Updated overlay display
2026-03-05 16:24:17,834 - cell_segmenter.gui.main_window - DEBUG - Updated overlay display
2026-03-05 16:24:17,854 - cell_segmenter.gui.main_window - DEBUG - Updated overlay display
2026-03-05 16:24:17,859 - cell_segmenter.gui.main_window - DEBUG - Updated overlay display
2026-03-05 16:24:17,879 - cell_segmenter.gui.main_window - DEBUG - Updated overlay display
2026-03-05 16:24:17,884 - cell_segmenter.gui.main_window - DEBUG - Updated overlay display
2026-03-05 16:24:17,904 - cell_segmenter.gui.main_window - DEBUG - Updated overlay display
2026-03-05 16:24:17,909 - cell_segmenter.gui.main_window - DEBUG - Updated overlay display
2026-03-05 16:24:17,914 - cell_segmenter.gui.main_window - DEBUG - Updated overlay display
2026-03-05 16:24:17,919 - cell_segmenter.gui.main_window - DEBUG - Updated overlay display
2026-03-05 16:24:17,939 - cell_segmenter.gui.main_window - DEBUG - Updated overlay display
2026-03-05 16:24:17,944 - cell_segmenter.gui.main_window - DEBUG - Updated overlay display
2026-03-05 16:24:17,949 - cell_segmenter.gui.main_window - DEBUG - Updated overlay display
2026-03-05 16:24:17,954 - cell_segmenter.gui.main_window - DEBUG - Updated overlay display
2026-03-05 16:24:17,974 - cell_segmenter.gui.main_window - DEBUG - Updated overlay display
2026-03-05 16:24:17,979 - cell_segmenter.gui.main_window - DEBUG - Updated overlay display
2026-03-05 16:24:17,984 - cell_segmenter.gui.main_window - DEBUG - Updated overlay display
2026-03-05 16:24:17,989 - cell_segmenter.gui.main_window - DEBUG - Updated overlay display
2026-03-05 16:24:18,009 - cell_segmenter.gui.main_window - DEBUG - Updated overlay display
2026-03-05 16:24:18,014 - cell_segmenter.gui.main_window - DEBUG - Updated overlay display
2026-03-05 16:24:18,019 - cell_segmenter.gui.main_window - DEBUG - Updated overlay display
2026-03-05 16:24:18,024 - cell_segmenter.gui.main_window - DEBUG - Updated overlay display
2026-03-05 16:24:18,044 - cell_segmenter.gui.main_window - DEBUG - Updated overlay display
2026-03-05 16:24:18,049 - cell_segmenter.gui.main_window - DEBUG - Updated overlay display
2026-03-05 16:24:18,054 - cell_segmenter.gui.main_window - DEBUG - Updated overlay display
2026-03-05 16:24:18,059 - cell_segmenter.gui.main_window - DEBUG - Updated overlay display
2026-03-05 16:24:18,079 - cell_segmenter.gui.main_window - DEBUG - Updated overlay display
2026-03-05 16:24:18,084 - cell_segmenter.gui.main_window - DEBUG - Updated overlay display
2026-03-05 16:24:18,089 - cell_segmenter.gui.main_window - DEBUG - Updated overlay display
2026-03-05 16:24:18,094 - cell_segmenter.gui.main_window - DEBUG - Updated overlay display
2026-03-05 16:24:18,130 - cell_segmenter.gui.main_window - DEBUG - Updated overlay display
2026-03-05 16:24:18,135 - cell_segmenter.gui.main_window - DEBUG - Updated overlay display
2026-03-05 16:24:18,155 - cell_segmenter.gui.main_window - DEBUG - Updated overlay display
2026-03-05 16:24:18,160 - cell_segmenter.gui.main_window - DEBUG - Updated overlay display
2026-03-05 16:24:18,180 - cell_segmenter.gui.main_window - DEBUG - Updated overlay display
2026-03-05 16:24:18,185 - cell_segmenter.gui.main_window - DEBUG - Updated overlay display
2026-03-05 16:24:18,190 - cell_segmenter.gui.main_window - DEBUG - Updated overlay display
2026-03-05 16:24:18,195 - cell_segmenter.gui.main_window - DEBUG - Updated overlay display
2026-03-05 16:24:18,215 - cell_segmenter.gui.main_window - DEBUG - Updated overlay display
2026-03-05 16:24:18,220 - cell_segmenter.gui.main_window - DEBUG - Updated overlay display
2026-03-05 16:24:18,225 - cell_segmenter.gui.main_window - DEBUG - Updated overlay display
2026-03-05 16:24:18,230 - cell_segmenter.gui.main_window - DEBUG - Updated overlay display
2026-03-05 16:24:18,251 - cell_segmenter.gui.main_window - DEBUG - Updated overlay display
2026-03-05 16:24:18,256 - cell_segmenter.gui.main_window - DEBUG - Updated overlay display
2026-03-05 16:24:18,261 - cell_segmenter.gui.main_window - DEBUG - Updated overlay display
2026-03-05 16:24:18,266 - cell_segmenter.gui.main_window - DEBUG - Updated overlay display
2026-03-05 16:24:18,286 - cell_segmenter.gui.main_window - DEBUG - Updated overlay display
2026-03-05 16:24:18,291 - cell_segmenter.gui.main_window - DEBUG - Updated overlay display
2026-03-05 16:24:18,296 - cell_segmenter.gui.main_window - DEBUG - Updated overlay display
2026-03-05 16:24:18,302 - cell_segmenter.gui.main_window - DEBUG - Updated overlay display
2026-03-05 16:24:18,321 - cell_segmenter.gui.main_window - DEBUG - Updated overlay display
2026-03-05 16:24:18,327 - cell_segmenter.gui.main_window - DEBUG - Updated overlay display
2026-03-05 16:24:18,332 - cell_segmenter.gui.main_window - DEBUG - Updated overlay display
2026-03-05 16:24:18,337 - cell_segmenter.gui.main_window - DEBUG - Updated overlay display
2026-03-05 16:24:18,356 - cell_segmenter.gui.main_window - DEBUG - Updated overlay display
2026-03-05 16:24:18,362 - cell_segmenter.gui.main_window - DEBUG - Updated overlay display
2026-03-05 16:24:18,367 - cell_segmenter.gui.main_window - DEBUG - Updated overlay display
2026-03-05 16:24:18,372 - cell_segmenter.gui.main_window - DEBUG - Updated overlay display
2026-03-05 16:24:18,392 - cell_segmenter.gui.main_window - DEBUG - Updated overlay display
2026-03-05 16:24:18,397 - cell_segmenter.gui.main_window - DEBUG - Updated overlay display
2026-03-05 16:24:18,402 - cell_segmenter.gui.main_window - DEBUG - Updated overlay display
2026-03-05 16:24:18,407 - cell_segmenter.gui.main_window - DEBUG - Updated overlay display
2026-03-05 16:24:18,427 - cell_segmenter.gui.main_window - DEBUG - Updated overlay display
2026-03-05 16:24:18,432 - cell_segmenter.gui.main_window - DEBUG - Updated overlay display
2026-03-05 16:24:18,437 - cell_segmenter.gui.main_window - DEBUG - Updated overlay display
2026-03-05 16:24:18,442 - cell_segmenter.gui.main_window - DEBUG - Updated overlay display
2026-03-05 16:24:18,461 - cell_segmenter.gui.main_window - DEBUG - Updated overlay display
2026-03-05 16:24:18,467 - cell_segmenter.gui.main_window - DEBUG - Updated overlay display
2026-03-05 16:24:18,472 - cell_segmenter.gui.main_window - DEBUG - Updated overlay display
2026-03-05 16:24:18,477 - cell_segmenter.gui.main_window - DEBUG - Updated overlay display
2026-03-05 16:24:18,496 - cell_segmenter.gui.main_window - DEBUG - Updated overlay display
2026-03-05 16:24:18,502 - cell_segmenter.gui.main_window - DEBUG - Updated overlay display
2026-03-05 16:24:18,613 - cell_segmenter.gui.main_window - DEBUG - Updated overlay display
2026-03-05 16:24:18,620 - cell_segmenter.gui.main_window - DEBUG - Updated overlay display
2026-03-05 16:24:18,643 - cell_segmenter.gui.main_window - DEBUG - Updated overlay display
2026-03-05 16:24:18,649 - cell_segmenter.gui.main_window - DEBUG - Updated overlay display
2026-03-05 16:24:18,668 - cell_segmenter.gui.main_window - DEBUG - Updated overlay display
2026-03-05 16:24:18,674 - cell_segmenter.gui.main_window - DEBUG - Updated overlay display
2026-03-05 16:24:18,694 - cell_segmenter.gui.main_window - DEBUG - Updated overlay display
2026-03-05 16:24:18,700 - cell_segmenter.gui.main_window - DEBUG - Updated overlay display
2026-03-05 16:24:18,719 - cell_segmenter.gui.main_window - DEBUG - Updated overlay display
2026-03-05 16:24:18,725 - cell_segmenter.gui.main_window - DEBUG - Updated overlay display
2026-03-05 16:24:18,745 - cell_segmenter.gui.main_window - DEBUG - Updated overlay display
2026-03-05 16:24:18,750 - cell_segmenter.gui.main_window - DEBUG - Updated overlay display
2026-03-05 16:24:18,769 - cell_segmenter.gui.main_window - DEBUG - Updated overlay display
2026-03-05 16:24:18,775 - cell_segmenter.gui.main_window - DEBUG - Updated overlay display
2026-03-05 16:24:18,795 - cell_segmenter.gui.main_window - DEBUG - Updated overlay display
2026-03-05 16:24:18,800 - cell_segmenter.gui.main_window - DEBUG - Updated overlay display
2026-03-05 16:24:18,819 - cell_segmenter.gui.main_window - DEBUG - Updated overlay display
2026-03-05 16:24:18,825 - cell_segmenter.gui.main_window - DEBUG - Updated overlay display
2026-03-05 16:24:18,844 - cell_segmenter.gui.main_window - DEBUG - Updated overlay display
2026-03-05 16:24:18,849 - cell_segmenter.gui.main_window - DEBUG - Updated overlay display
2026-03-05 16:24:18,869 - cell_segmenter.gui.main_window - DEBUG - Updated overlay display
2026-03-05 16:24:18,874 - cell_segmenter.gui.main_window - DEBUG - Updated overlay display
2026-03-05 16:24:18,879 - cell_segmenter.gui.main_window - DEBUG - Updated overlay display
2026-03-05 16:24:18,884 - cell_segmenter.gui.main_window - DEBUG - Updated overlay display
2026-03-05 16:24:18,904 - cell_segmenter.gui.main_window - DEBUG - Updated overlay display
2026-03-05 16:24:18,909 - cell_segmenter.gui.main_window - DEBUG - Updated overlay display
2026-03-05 16:24:18,914 - cell_segmenter.gui.main_window - DEBUG - Updated overlay display
2026-03-05 16:24:18,920 - cell_segmenter.gui.main_window - DEBUG - Updated overlay display
2026-03-05 16:24:18,939 - cell_segmenter.gui.main_window - DEBUG - Updated overlay display
2026-03-05 16:24:18,944 - cell_segmenter.gui.main_window - DEBUG - Updated overlay display
2026-03-05 16:24:18,949 - cell_segmenter.gui.main_window - DEBUG - Updated overlay display
2026-03-05 16:24:18,955 - cell_segmenter.gui.main_window - DEBUG - Updated overlay display
2026-03-05 16:24:18,974 - cell_segmenter.gui.main_window - DEBUG - Updated overlay display
2026-03-05 16:24:18,979 - cell_segmenter.gui.main_window - DEBUG - Updated overlay display
2026-03-05 16:24:18,984 - cell_segmenter.gui.main_window - DEBUG - Updated overlay display
2026-03-05 16:24:18,990 - cell_segmenter.gui.main_window - DEBUG - Updated overlay display
2026-03-05 16:24:19,010 - cell_segmenter.gui.main_window - DEBUG - Updated overlay display
2026-03-05 16:24:19,015 - cell_segmenter.gui.main_window - DEBUG - Updated overlay display
2026-03-05 16:24:19,020 - cell_segmenter.gui.main_window - DEBUG - Updated overlay display
2026-03-05 16:24:19,025 - cell_segmenter.gui.main_window - DEBUG - Updated overlay display
2026-03-05 16:24:19,045 - cell_segmenter.gui.main_window - DEBUG - Updated overlay display
2026-03-05 16:24:19,050 - cell_segmenter.gui.main_window - DEBUG - Updated overlay display
2026-03-05 16:24:19,055 - cell_segmenter.gui.main_window - DEBUG - Updated overlay display
2026-03-05 16:24:19,061 - cell_segmenter.gui.main_window - DEBUG - Updated overlay display
2026-03-05 16:24:19,080 - cell_segmenter.gui.main_window - DEBUG - Updated overlay display
2026-03-05 16:24:19,086 - cell_segmenter.gui.main_window - DEBUG - Updated overlay display
2026-03-05 16:24:19,091 - cell_segmenter.gui.main_window - DEBUG - Updated overlay display
2026-03-05 16:24:19,096 - cell_segmenter.gui.main_window - DEBUG - Updated overlay display
2026-03-05 16:24:19,116 - cell_segmenter.gui.main_window - DEBUG - Updated overlay display
2026-03-05 16:24:19,121 - cell_segmenter.gui.main_window - DEBUG - Updated overlay display
2026-03-05 16:24:19,126 - cell_segmenter.gui.main_window - DEBUG - Updated overlay display
2026-03-05 16:24:19,131 - cell_segmenter.gui.main_window - DEBUG - Updated overlay display
2026-03-05 16:24:19,151 - cell_segmenter.gui.main_window - DEBUG - Updated overlay display
2026-03-05 16:24:19,156 - cell_segmenter.gui.main_window - DEBUG - Updated overlay display
2026-03-05 16:24:19,177 - cell_segmenter.gui.main_window - DEBUG - Updated overlay display
2026-03-05 16:24:19,182 - cell_segmenter.gui.main_window - DEBUG - Updated overlay display
2026-03-05 16:24:19,202 - cell_segmenter.gui.main_window - DEBUG - Updated overlay display
2026-03-05 16:24:19,207 - cell_segmenter.gui.main_window - DEBUG - Updated overlay display
2026-03-05 16:24:19,212 - cell_segmenter.gui.main_window - DEBUG - Updated overlay display
2026-03-05 16:24:19,217 - cell_segmenter.gui.main_window - DEBUG - Updated overlay display
2026-03-05 16:24:19,237 - cell_segmenter.gui.main_window - DEBUG - Updated overlay display
2026-03-05 16:24:19,242 - cell_segmenter.gui.main_window - DEBUG - Updated overlay display
2026-03-05 16:24:19,247 - cell_segmenter.gui.main_window - DEBUG - Updated overlay display
2026-03-05 16:24:19,252 - cell_segmenter.gui.main_window - DEBUG - Updated overlay display
2026-03-05 16:24:19,272 - cell_segmenter.gui.main_window - DEBUG - Updated overlay display
2026-03-05 16:24:19,277 - cell_segmenter.gui.main_window - DEBUG - Updated overlay display
2026-03-05 16:24:19,282 - cell_segmenter.gui.main_window - DEBUG - Updated overlay display
2026-03-05 16:24:19,287 - cell_segmenter.gui.main_window - DEBUG - Updated overlay display
2026-03-05 16:24:19,307 - cell_segmenter.gui.main_window - DEBUG - Updated overlay display
2026-03-05 16:24:19,312 - cell_segmenter.gui.main_window - DEBUG - Updated overlay display
2026-03-05 16:24:19,317 - cell_segmenter.gui.main_window - DEBUG - Updated overlay display
2026-03-05 16:24:19,322 - cell_segmenter.gui.main_window - DEBUG - Updated overlay display
2026-03-05 16:24:19,342 - cell_segmenter.gui.main_window - DEBUG - Updated overlay display
2026-03-05 16:24:19,347 - cell_segmenter.gui.main_window - DEBUG - Updated overlay display
2026-03-05 16:24:19,352 - cell_segmenter.gui.main_window - DEBUG - Updated overlay display
2026-03-05 16:24:19,358 - cell_segmenter.gui.main_window - DEBUG - Updated overlay display
2026-03-05 16:24:19,377 - cell_segmenter.gui.main_window - DEBUG - Updated overlay display
2026-03-05 16:24:19,383 - cell_segmenter.gui.main_window - DEBUG - Updated overlay display
2026-03-05 16:24:19,388 - cell_segmenter.gui.main_window - DEBUG - Updated overlay display
2026-03-05 16:24:19,393 - cell_segmenter.gui.main_window - DEBUG - Updated overlay display
2026-03-05 16:24:19,412 - cell_segmenter.gui.main_window - DEBUG - Updated overlay display
2026-03-05 16:24:19,417 - cell_segmenter.gui.main_window - DEBUG - Updated overlay display
2026-03-05 16:24:19,422 - cell_segmenter.gui.main_window - DEBUG - Updated overlay display
2026-03-05 16:24:19,428 - cell_segmenter.gui.main_window - DEBUG - Updated overlay display
2026-03-05 16:24:19,447 - cell_segmenter.gui.main_window - DEBUG - Updated overlay display
2026-03-05 16:24:19,452 - cell_segmenter.gui.main_window - DEBUG - Updated overlay display
2026-03-05 16:24:19,457 - cell_segmenter.gui.main_window - DEBUG - Updated overlay display
2026-03-05 16:24:19,463 - cell_segmenter.gui.main_window - DEBUG - Updated overlay display
2026-03-05 16:24:19,482 - cell_segmenter.gui.main_window - DEBUG - Updated overlay display
2026-03-05 16:24:19,488 - cell_segmenter.gui.main_window - DEBUG - Updated overlay display
2026-03-05 16:24:19,492 - cell_segmenter.gui.main_window - DEBUG - Updated overlay display
2026-03-05 16:24:19,498 - cell_segmenter.gui.main_window - DEBUG - Updated overlay display
2026-03-05 16:24:19,517 - cell_segmenter.gui.main_window - DEBUG - Updated overlay display
2026-03-05 16:24:19,523 - cell_segmenter.gui.main_window - DEBUG - Updated overlay display
2026-03-05 16:24:19,528 - cell_segmenter.gui.main_window - DEBUG - Updated overlay display
2026-03-05 16:24:19,533 - cell_segmenter.gui.main_window - DEBUG - Updated overlay display
2026-03-05 16:24:19,552 - cell_segmenter.gui.main_window - DEBUG - Updated overlay display
2026-03-05 16:24:19,558 - cell_segmenter.gui.main_window - DEBUG - Updated overlay display
2026-03-05 16:24:19,563 - cell_segmenter.gui.main_window - DEBUG - Updated overlay display
2026-03-05 16:24:19,568 - cell_segmenter.gui.main_window - DEBUG - Updated overlay display
2026-03-05 16:24:19,587 - cell_segmenter.gui.main_window - DEBUG - Updated overlay display
2026-03-05 16:24:19,593 - cell_segmenter.gui.main_window - DEBUG - Updated overlay display
2026-03-05 16:24:19,598 - cell_segmenter.gui.main_window - DEBUG - Updated overlay display
2026-03-05 16:24:19,603 - cell_segmenter.gui.main_window - DEBUG - Updated overlay display
2026-03-05 16:24:19,623 - cell_segmenter.gui.main_window - DEBUG - Updated overlay display
2026-03-05 16:24:19,628 - cell_segmenter.gui.main_window - DEBUG - Updated overlay display
2026-03-05 16:24:19,633 - cell_segmenter.gui.main_window - DEBUG - Updated overlay display
2026-03-05 16:24:19,638 - cell_segmenter.gui.main_window - DEBUG - Updated overlay display
2026-03-05 16:24:19,658 - cell_segmenter.gui.main_window - DEBUG - Updated overlay display
2026-03-05 16:24:19,663 - cell_segmenter.gui.main_window - DEBUG - Updated overlay display
2026-03-05 16:24:19,683 - cell_segmenter.gui.main_window - DEBUG - Updated overlay display
2026-03-05 16:24:19,688 - cell_segmenter.gui.main_window - DEBUG - Updated overlay display
2026-03-05 16:24:19,721 - cell_segmenter.gui.main_window - DEBUG - Updated overlay display
2026-03-05 16:24:19,727 - cell_segmenter.gui.main_window - DEBUG - Updated overlay display
2026-03-05 16:24:19,747 - cell_segmenter.gui.main_window - DEBUG - Updated overlay display
2026-03-05 16:24:19,752 - cell_segmenter.gui.main_window - DEBUG - Updated overlay display
2026-03-05 16:24:19,772 - cell_segmenter.gui.main_window - DEBUG - Updated overlay display
2026-03-05 16:24:19,777 - cell_segmenter.gui.main_window - DEBUG - Updated overlay display
2026-03-05 16:24:19,796 - cell_segmenter.gui.main_window - DEBUG - Updated overlay display
2026-03-05 16:24:19,801 - cell_segmenter.gui.main_window - DEBUG - Updated overlay display
2026-03-05 16:24:19,821 - cell_segmenter.gui.main_window - DEBUG - Updated overlay display
2026-03-05 16:24:19,826 - cell_segmenter.gui.main_window - DEBUG - Updated overlay display
2026-03-05 16:24:19,846 - cell_segmenter.gui.main_window - DEBUG - Updated overlay display
2026-03-05 16:24:19,852 - cell_segmenter.gui.main_window - DEBUG - Updated overlay display
2026-03-05 16:24:19,856 - cell_segmenter.gui.main_window - DEBUG - Updated overlay display
2026-03-05 16:24:19,862 - cell_segmenter.gui.main_window - DEBUG - Updated overlay display
2026-03-05 16:24:19,881 - cell_segmenter.gui.main_window - DEBUG - Updated overlay display
2026-03-05 16:24:19,886 - cell_segmenter.gui.main_window - DEBUG - Updated overlay display
2026-03-05 16:24:19,906 - cell_segmenter.gui.main_window - DEBUG - Updated overlay display
2026-03-05 16:24:19,912 - cell_segmenter.gui.main_window - DEBUG - Updated overlay display
2026-03-05 16:24:19,932 - cell_segmenter.gui.main_window - DEBUG - Updated overlay display
2026-03-05 16:24:19,937 - cell_segmenter.gui.main_window - DEBUG - Updated overlay display
2026-03-05 16:24:19,957 - cell_segmenter.gui.main_window - DEBUG - Updated overlay display
2026-03-05 16:24:19,962 - cell_segmenter.gui.main_window - DEBUG - Updated overlay display
2026-03-05 16:24:19,967 - cell_segmenter.gui.main_window - DEBUG - Updated overlay display
2026-03-05 16:24:19,972 - cell_segmenter.gui.main_window - DEBUG - Updated overlay display
2026-03-05 16:24:19,992 - cell_segmenter.gui.main_window - DEBUG - Updated overlay display
2026-03-05 16:24:19,997 - cell_segmenter.gui.main_window - DEBUG - Updated overlay display
2026-03-05 16:24:20,016 - cell_segmenter.gui.main_window - DEBUG - Updated overlay display
2026-03-05 16:24:20,022 - cell_segmenter.gui.main_window - DEBUG - Updated overlay display
2026-03-05 16:24:20,105 - cell_segmenter.gui.main_window - DEBUG - Updated overlay display
2026-03-05 16:24:20,111 - cell_segmenter.gui.main_window - DEBUG - Updated overlay display
2026-03-05 16:24:20,133 - cell_segmenter.gui.main_window - DEBUG - Updated overlay display
2026-03-05 16:24:20,139 - cell_segmenter.gui.main_window - DEBUG - Updated overlay display
2026-03-05 16:24:20,158 - cell_segmenter.gui.main_window - DEBUG - Updated overlay display
2026-03-05 16:24:20,163 - cell_segmenter.gui.main_window - DEBUG - Updated overlay display
2026-03-05 16:24:20,275 - cell_segmenter.gui.main_window - DEBUG - Updated overlay display
2026-03-05 16:24:20,282 - cell_segmenter.gui.main_window - DEBUG - Updated overlay display
2026-03-05 16:24:20,306 - cell_segmenter.gui.main_window - DEBUG - Updated overlay display
2026-03-05 16:24:20,311 - cell_segmenter.gui.main_window - DEBUG - Updated overlay display
2026-03-05 16:24:20,331 - cell_segmenter.gui.main_window - DEBUG - Updated overlay display
2026-03-05 16:24:20,336 - cell_segmenter.gui.main_window - DEBUG - Updated overlay display
2026-03-05 16:24:20,357 - cell_segmenter.gui.main_window - DEBUG - Updated overlay display
2026-03-05 16:24:20,362 - cell_segmenter.gui.main_window - DEBUG - Updated overlay display
2026-03-05 16:24:20,382 - cell_segmenter.gui.main_window - DEBUG - Updated overlay display
2026-03-05 16:24:20,387 - cell_segmenter.gui.main_window - DEBUG - Updated overlay display
2026-03-05 16:24:20,957 - cell_segmenter.gui.main_window - DEBUG - Updated overlay display
2026-03-05 16:24:21,002 - cell_segmenter.gui.main_window - DEBUG - Updated overlay display
2026-03-05 16:24:21,008 - cell_segmenter.gui.main_window - DEBUG - Updated overlay display
2026-03-05 16:24:21,031 - cell_segmenter.gui.main_window - DEBUG - Updated overlay display
2026-03-05 16:24:21,037 - cell_segmenter.gui.main_window - DEBUG - Updated overlay display
2026-03-05 16:24:21,057 - cell_segmenter.gui.main_window - DEBUG - Updated overlay display
2026-03-05 16:24:21,062 - cell_segmenter.gui.main_window - DEBUG - Updated overlay display
2026-03-05 16:24:21,082 - cell_segmenter.gui.main_window - DEBUG - Updated overlay display
2026-03-05 16:24:21,087 - cell_segmenter.gui.main_window - DEBUG - Updated overlay display
2026-03-05 16:24:21,107 - cell_segmenter.gui.main_window - DEBUG - Updated overlay display
2026-03-05 16:24:21,112 - cell_segmenter.gui.main_window - DEBUG - Updated overlay display
2026-03-05 16:24:21,132 - cell_segmenter.gui.main_window - DEBUG - Updated overlay display
2026-03-05 16:24:21,137 - cell_segmenter.gui.main_window - DEBUG - Updated overlay display
2026-03-05 16:24:21,142 - cell_segmenter.gui.main_window - DEBUG - Updated overlay display
2026-03-05 16:24:21,147 - cell_segmenter.gui.main_window - DEBUG - Updated overlay display
2026-03-05 16:24:21,167 - cell_segmenter.gui.main_window - DEBUG - Updated overlay display
2026-03-05 16:24:21,172 - cell_segmenter.gui.main_window - DEBUG - Updated overlay display
2026-03-05 16:24:21,193 - cell_segmenter.gui.main_window - DEBUG - Updated overlay display
2026-03-05 16:24:21,198 - cell_segmenter.gui.main_window - DEBUG - Updated overlay display
2026-03-05 16:24:21,219 - cell_segmenter.gui.main_window - DEBUG - Updated overlay display
2026-03-05 16:24:21,224 - cell_segmenter.gui.main_window - DEBUG - Updated overlay display
2026-03-05 16:24:21,229 - cell_segmenter.gui.main_window - DEBUG - Updated overlay display
2026-03-05 16:24:21,234 - cell_segmenter.gui.main_window - DEBUG - Updated overlay display
2026-03-05 16:24:21,254 - cell_segmenter.gui.main_window - DEBUG - Updated overlay display
2026-03-05 16:24:21,259 - cell_segmenter.gui.main_window - DEBUG - Updated overlay display
2026-03-05 16:24:21,264 - cell_segmenter.gui.main_window - DEBUG - Updated overlay display
2026-03-05 16:24:21,270 - cell_segmenter.gui.main_window - DEBUG - Updated overlay display
2026-03-05 16:24:21,290 - cell_segmenter.gui.main_window - DEBUG - Updated overlay display
2026-03-05 16:24:21,295 - cell_segmenter.gui.main_window - DEBUG - Updated overlay display
2026-03-05 16:24:21,300 - cell_segmenter.gui.main_window - DEBUG - Updated overlay display
2026-03-05 16:24:21,305 - cell_segmenter.gui.main_window - DEBUG - Updated overlay display
2026-03-05 16:24:21,325 - cell_segmenter.gui.main_window - DEBUG - Updated overlay display
2026-03-05 16:24:21,330 - cell_segmenter.gui.main_window - DEBUG - Updated overlay display
2026-03-05 16:24:21,336 - cell_segmenter.gui.main_window - DEBUG - Updated overlay display
2026-03-05 16:24:21,341 - cell_segmenter.gui.main_window - DEBUG - Updated overlay display
2026-03-05 16:24:21,361 - cell_segmenter.gui.main_window - DEBUG - Updated overlay display
2026-03-05 16:24:21,366 - cell_segmenter.gui.main_window - DEBUG - Updated overlay display
2026-03-05 16:24:21,371 - cell_segmenter.gui.main_window - DEBUG - Updated overlay display
2026-03-05 16:24:21,376 - cell_segmenter.gui.main_window - DEBUG - Updated overlay display
2026-03-05 16:24:21,396 - cell_segmenter.gui.main_window - DEBUG - Updated overlay display
2026-03-05 16:24:21,402 - cell_segmenter.gui.main_window - DEBUG - Updated overlay display
2026-03-05 16:24:21,407 - cell_segmenter.gui.main_window - DEBUG - Updated overlay display
2026-03-05 16:24:21,412 - cell_segmenter.gui.main_window - DEBUG - Updated overlay display
2026-03-05 16:24:21,432 - cell_segmenter.gui.main_window - DEBUG - Updated overlay display
2026-03-05 16:24:21,437 - cell_segmenter.gui.main_window - DEBUG - Updated overlay display
2026-03-05 16:24:21,442 - cell_segmenter.gui.main_window - DEBUG - Updated overlay display
2026-03-05 16:24:21,447 - cell_segmenter.gui.main_window - DEBUG - Updated overlay display
2026-03-05 16:24:21,467 - cell_segmenter.gui.main_window - DEBUG - Updated overlay display
2026-03-05 16:24:21,472 - cell_segmenter.gui.main_window - DEBUG - Updated overlay display
2026-03-05 16:24:21,477 - cell_segmenter.gui.main_window - DEBUG - Updated overlay display
2026-03-05 16:24:21,483 - cell_segmenter.gui.main_window - DEBUG - Updated overlay display
2026-03-05 16:24:21,503 - cell_segmenter.gui.main_window - DEBUG - Updated overlay display
2026-03-05 16:24:21,508 - cell_segmenter.gui.main_window - DEBUG - Updated overlay display
2026-03-05 16:24:21,513 - cell_segmenter.gui.main_window - DEBUG - Updated overlay display
2026-03-05 16:24:21,518 - cell_segmenter.gui.main_window - DEBUG - Updated overlay display
2026-03-05 16:24:21,538 - cell_segmenter.gui.main_window - DEBUG - Updated overlay display
2026-03-05 16:24:21,543 - cell_segmenter.gui.main_window - DEBUG - Updated overlay display
2026-03-05 16:24:21,548 - cell_segmenter.gui.main_window - DEBUG - Updated overlay display
2026-03-05 16:24:21,553 - cell_segmenter.gui.main_window - DEBUG - Updated overlay display
2026-03-05 16:24:21,573 - cell_segmenter.gui.main_window - DEBUG - Updated overlay display
2026-03-05 16:24:21,578 - cell_segmenter.gui.main_window - DEBUG - Updated overlay display
2026-03-05 16:24:21,584 - cell_segmenter.gui.main_window - DEBUG - Updated overlay display
2026-03-05 16:24:21,589 - cell_segmenter.gui.main_window - DEBUG - Updated overlay display
2026-03-05 16:24:21,609 - cell_segmenter.gui.main_window - DEBUG - Updated overlay display
2026-03-05 16:24:21,614 - cell_segmenter.gui.main_window - DEBUG - Updated overlay display
2026-03-05 16:24:21,619 - cell_segmenter.gui.main_window - DEBUG - Updated overlay display
2026-03-05 16:24:21,624 - cell_segmenter.gui.main_window - DEBUG - Updated overlay display
2026-03-05 16:24:21,644 - cell_segmenter.gui.main_window - DEBUG - Updated overlay display
2026-03-05 16:24:21,650 - cell_segmenter.gui.main_window - DEBUG - Updated overlay display
2026-03-05 16:24:21,655 - cell_segmenter.gui.main_window - DEBUG - Updated overlay display
2026-03-05 16:24:21,660 - cell_segmenter.gui.main_window - DEBUG - Updated overlay display
2026-03-05 16:24:21,680 - cell_segmenter.gui.main_window - DEBUG - Updated overlay display
2026-03-05 16:24:21,685 - cell_segmenter.gui.main_window - DEBUG - Updated overlay display
2026-03-05 16:24:21,690 - cell_segmenter.gui.main_window - DEBUG - Updated overlay display
2026-03-05 16:24:21,695 - cell_segmenter.gui.main_window - DEBUG - Updated overlay display
2026-03-05 16:24:21,715 - cell_segmenter.gui.main_window - DEBUG - Updated overlay display
2026-03-05 16:24:21,721 - cell_segmenter.gui.main_window - DEBUG - Updated overlay display
2026-03-05 16:24:21,726 - cell_segmenter.gui.main_window - DEBUG - Updated overlay display
2026-03-05 16:24:21,731 - cell_segmenter.gui.main_window - DEBUG - Updated overlay display
2026-03-05 16:24:21,751 - cell_segmenter.gui.main_window - DEBUG - Updated overlay display
2026-03-05 16:24:21,756 - cell_segmenter.gui.main_window - DEBUG - Updated overlay display
2026-03-05 16:24:21,761 - cell_segmenter.gui.main_window - DEBUG - Updated overlay display
2026-03-05 16:24:21,767 - cell_segmenter.gui.main_window - DEBUG - Updated overlay display
2026-03-05 16:24:21,786 - cell_segmenter.gui.main_window - DEBUG - Updated overlay display
2026-03-05 16:24:21,792 - cell_segmenter.gui.main_window - DEBUG - Updated overlay display
2026-03-05 16:24:21,797 - cell_segmenter.gui.main_window - DEBUG - Updated overlay display
2026-03-05 16:24:21,802 - cell_segmenter.gui.main_window - DEBUG - Updated overlay display
2026-03-05 16:24:21,822 - cell_segmenter.gui.main_window - DEBUG - Updated overlay display
2026-03-05 16:24:21,827 - cell_segmenter.gui.main_window - DEBUG - Updated overlay display
2026-03-05 16:24:21,832 - cell_segmenter.gui.main_window - DEBUG - Updated overlay display
2026-03-05 16:24:21,838 - cell_segmenter.gui.main_window - DEBUG - Updated overlay display
2026-03-05 16:24:21,857 - cell_segmenter.gui.main_window - DEBUG - Updated overlay display
2026-03-05 16:24:21,862 - cell_segmenter.gui.main_window - DEBUG - Updated overlay display
2026-03-05 16:24:21,867 - cell_segmenter.gui.main_window - DEBUG - Updated overlay display
2026-03-05 16:24:21,873 - cell_segmenter.gui.main_window - DEBUG - Updated overlay display
2026-03-05 16:24:21,892 - cell_segmenter.gui.main_window - DEBUG - Updated overlay display
2026-03-05 16:24:21,898 - cell_segmenter.gui.main_window - DEBUG - Updated overlay display
2026-03-05 16:24:21,903 - cell_segmenter.gui.main_window - DEBUG - Updated overlay display
2026-03-05 16:24:21,908 - cell_segmenter.gui.main_window - DEBUG - Updated overlay display
2026-03-05 16:24:21,928 - cell_segmenter.gui.main_window - DEBUG - Updated overlay display
2026-03-05 16:24:21,933 - cell_segmenter.gui.main_window - DEBUG - Updated overlay display
2026-03-05 16:24:21,953 - cell_segmenter.gui.main_window - DEBUG - Updated overlay display
2026-03-05 16:24:21,958 - cell_segmenter.gui.main_window - DEBUG - Updated overlay display
2026-03-05 16:24:21,963 - cell_segmenter.gui.main_window - DEBUG - Updated overlay display
2026-03-05 16:24:21,969 - cell_segmenter.gui.main_window - DEBUG - Updated overlay display
2026-03-05 16:24:22,694 - cell_segmenter.gui.main_window - DEBUG - Updated overlay display
2026-03-05 16:24:22,737 - cell_segmenter.gui.main_window - DEBUG - Updated overlay display
2026-03-05 16:24:22,744 - cell_segmenter.gui.main_window - DEBUG - Updated overlay display
2026-03-05 16:24:22,766 - cell_segmenter.gui.main_window - DEBUG - Updated overlay display
2026-03-05 16:24:22,772 - cell_segmenter.gui.main_window - DEBUG - Updated overlay display
2026-03-05 16:24:22,792 - cell_segmenter.gui.main_window - DEBUG - Updated overlay display
2026-03-05 16:24:22,797 - cell_segmenter.gui.main_window - DEBUG - Updated overlay display
2026-03-05 16:24:22,817 - cell_segmenter.gui.main_window - DEBUG - Updated overlay display
2026-03-05 16:24:22,823 - cell_segmenter.gui.main_window - DEBUG - Updated overlay display
2026-03-05 16:24:22,842 - cell_segmenter.gui.main_window - DEBUG - Updated overlay display
2026-03-05 16:24:22,848 - cell_segmenter.gui.main_window - DEBUG - Updated overlay display
2026-03-05 16:24:22,868 - cell_segmenter.gui.main_window - DEBUG - Updated overlay display
2026-03-05 16:24:22,873 - cell_segmenter.gui.main_window - DEBUG - Updated overlay display
2026-03-05 16:24:22,893 - cell_segmenter.gui.main_window - DEBUG - Updated overlay display
2026-03-05 16:24:22,898 - cell_segmenter.gui.main_window - DEBUG - Updated overlay display
2026-03-05 16:24:22,918 - cell_segmenter.gui.main_window - DEBUG - Updated overlay display
2026-03-05 16:24:22,923 - cell_segmenter.gui.main_window - DEBUG - Updated overlay display
2026-03-05 16:24:22,928 - cell_segmenter.gui.main_window - DEBUG - Updated overlay display
2026-03-05 16:24:22,934 - cell_segmenter.gui.main_window - DEBUG - Updated overlay display
2026-03-05 16:24:22,953 - cell_segmenter.gui.main_window - DEBUG - Updated overlay display
2026-03-05 16:24:22,959 - cell_segmenter.gui.main_window - DEBUG - Updated overlay display
2026-03-05 16:24:23,579 - cell_segmenter.gui.main_window - DEBUG - Updated overlay display
2026-03-05 16:24:24,082 - cell_segmenter.gui.main_window - DEBUG - Updated overlay display
2026-03-05 16:24:24,116 - cell_segmenter.gui.main_window - DEBUG - Updated overlay display
2026-03-05 16:24:24,123 - cell_segmenter.gui.main_window - DEBUG - Updated overlay display
2026-03-05 16:24:24,145 - cell_segmenter.gui.main_window - DEBUG - Updated overlay display
2026-03-05 16:24:24,150 - cell_segmenter.gui.main_window - DEBUG - Updated overlay display
2026-03-05 16:24:24,710 - cell_segmenter.gui.main_window - DEBUG - Updated overlay display
2026-03-05 16:24:24,744 - cell_segmenter.gui.main_window - DEBUG - Updated overlay display
2026-03-05 16:24:24,750 - cell_segmenter.gui.main_window - DEBUG - Updated overlay display
2026-03-05 16:24:24,772 - cell_segmenter.gui.main_window - DEBUG - Updated overlay display
2026-03-05 16:24:24,778 - cell_segmenter.gui.main_window - DEBUG - Updated overlay display
2026-03-05 16:24:24,798 - cell_segmenter.gui.main_window - DEBUG - Updated overlay display
2026-03-05 16:24:24,803 - cell_segmenter.gui.main_window - DEBUG - Updated overlay display
2026-03-05 16:24:24,824 - cell_segmenter.gui.main_window - DEBUG - Updated overlay display
2026-03-05 16:24:24,829 - cell_segmenter.gui.main_window - DEBUG - Updated overlay display
2026-03-05 16:24:25,884 - cell_segmenter.gui.main_window - DEBUG - Updated overlay display
2026-03-05 16:24:25,884 - cell_segmenter.gui.main_window - DEBUG - Selected label: cell
2026-03-05 16:24:28,120 - cell_segmenter.gui.main_window - DEBUG - Updated overlay display
2026-03-05 16:24:28,157 - cell_segmenter.gui.main_window - DEBUG - Updated overlay display
2026-03-05 16:24:28,166 - cell_segmenter.gui.main_window - DEBUG - Updated overlay display
2026-03-05 16:24:28,190 - cell_segmenter.gui.main_window - DEBUG - Updated overlay display
2026-03-05 16:24:28,198 - cell_segmenter.gui.main_window - DEBUG - Updated overlay display
2026-03-05 16:24:28,206 - cell_segmenter.gui.main_window - DEBUG - Updated overlay display
2026-03-05 16:24:28,214 - cell_segmenter.gui.main_window - DEBUG - Updated overlay display
2026-03-05 16:24:28,236 - cell_segmenter.gui.main_window - DEBUG - Updated overlay display
2026-03-05 16:24:28,244 - cell_segmenter.gui.main_window - DEBUG - Updated overlay display
2026-03-05 16:24:28,265 - cell_segmenter.gui.main_window - DEBUG - Updated overlay display
2026-03-05 16:24:28,273 - cell_segmenter.gui.main_window - DEBUG - Updated overlay display
2026-03-05 16:24:28,295 - cell_segmenter.gui.main_window - DEBUG - Updated overlay display
2026-03-05 16:24:28,303 - cell_segmenter.gui.main_window - DEBUG - Updated overlay display
2026-03-05 16:24:28,310 - cell_segmenter.gui.main_window - DEBUG - Updated overlay display
2026-03-05 16:24:28,318 - cell_segmenter.gui.main_window - DEBUG - Updated overlay display
2026-03-05 16:24:28,340 - cell_segmenter.gui.main_window - DEBUG - Updated overlay display
2026-03-05 16:24:28,347 - cell_segmenter.gui.main_window - DEBUG - Updated overlay display
2026-03-05 16:24:28,370 - cell_segmenter.gui.main_window - DEBUG - Updated overlay display
2026-03-05 16:24:28,377 - cell_segmenter.gui.main_window - DEBUG - Updated overlay display
2026-03-05 16:24:28,399 - cell_segmenter.gui.main_window - DEBUG - Updated overlay display
2026-03-05 16:24:28,407 - cell_segmenter.gui.main_window - DEBUG - Updated overlay display
2026-03-05 16:24:28,415 - cell_segmenter.gui.main_window - DEBUG - Updated overlay display
2026-03-05 16:24:28,422 - cell_segmenter.gui.main_window - DEBUG - Updated overlay display
2026-03-05 16:24:28,444 - cell_segmenter.gui.main_window - DEBUG - Updated overlay display
2026-03-05 16:24:28,452 - cell_segmenter.gui.main_window - DEBUG - Updated overlay display
2026-03-05 16:24:28,474 - cell_segmenter.gui.main_window - DEBUG - Updated overlay display
2026-03-05 16:24:28,482 - cell_segmenter.gui.main_window - DEBUG - Updated overlay display
2026-03-05 16:24:28,504 - cell_segmenter.gui.main_window - DEBUG - Updated overlay display
2026-03-05 16:24:28,512 - cell_segmenter.gui.main_window - DEBUG - Updated overlay display
2026-03-05 16:24:28,534 - cell_segmenter.gui.main_window - DEBUG - Updated overlay display
2026-03-05 16:24:28,542 - cell_segmenter.gui.main_window - DEBUG - Updated overlay display
2026-03-05 16:24:28,549 - cell_segmenter.gui.main_window - DEBUG - Updated overlay display
2026-03-05 16:24:28,557 - cell_segmenter.gui.main_window - DEBUG - Updated overlay display
2026-03-05 16:24:28,580 - cell_segmenter.gui.main_window - DEBUG - Updated overlay display
2026-03-05 16:24:28,588 - cell_segmenter.gui.main_window - DEBUG - Updated overlay display
2026-03-05 16:24:28,595 - cell_segmenter.gui.main_window - DEBUG - Updated overlay display
2026-03-05 16:24:28,603 - cell_segmenter.gui.main_window - DEBUG - Updated overlay display
2026-03-05 16:24:28,625 - cell_segmenter.gui.main_window - DEBUG - Updated overlay display
2026-03-05 16:24:28,633 - cell_segmenter.gui.main_window - DEBUG - Updated overlay display
2026-03-05 16:24:28,641 - cell_segmenter.gui.main_window - DEBUG - Updated overlay display
2026-03-05 16:24:28,648 - cell_segmenter.gui.main_window - DEBUG - Updated overlay display
2026-03-05 16:24:28,670 - cell_segmenter.gui.main_window - DEBUG - Updated overlay display
2026-03-05 16:24:28,678 - cell_segmenter.gui.main_window - DEBUG - Updated overlay display
2026-03-05 16:24:28,686 - cell_segmenter.gui.main_window - DEBUG - Updated overlay display
2026-03-05 16:24:28,693 - cell_segmenter.gui.main_window - DEBUG - Updated overlay display
2026-03-05 16:24:28,716 - cell_segmenter.gui.main_window - DEBUG - Updated overlay display
2026-03-05 16:24:28,724 - cell_segmenter.gui.main_window - DEBUG - Updated overlay display
2026-03-05 16:24:28,731 - cell_segmenter.gui.main_window - DEBUG - Updated overlay display
2026-03-05 16:24:28,739 - cell_segmenter.gui.main_window - DEBUG - Updated overlay display
2026-03-05 16:24:28,763 - cell_segmenter.gui.main_window - DEBUG - Updated overlay display
2026-03-05 16:24:28,771 - cell_segmenter.gui.main_window - DEBUG - Updated overlay display
2026-03-05 16:24:28,778 - cell_segmenter.gui.main_window - DEBUG - Updated overlay display
2026-03-05 16:24:28,786 - cell_segmenter.gui.main_window - DEBUG - Updated overlay display
2026-03-05 16:24:28,808 - cell_segmenter.gui.main_window - DEBUG - Updated overlay display
2026-03-05 16:24:28,816 - cell_segmenter.gui.main_window - DEBUG - Updated overlay display
2026-03-05 16:24:28,824 - cell_segmenter.gui.main_window - DEBUG - Updated overlay display
2026-03-05 16:24:28,831 - cell_segmenter.gui.main_window - DEBUG - Updated overlay display
2026-03-05 16:24:28,853 - cell_segmenter.gui.main_window - DEBUG - Updated overlay display
2026-03-05 16:24:28,861 - cell_segmenter.gui.main_window - DEBUG - Updated overlay display
2026-03-05 16:24:28,869 - cell_segmenter.gui.main_window - DEBUG - Updated overlay display
2026-03-05 16:24:28,877 - cell_segmenter.gui.main_window - DEBUG - Updated overlay display
2026-03-05 16:24:28,899 - cell_segmenter.gui.main_window - DEBUG - Updated overlay display
2026-03-05 16:24:28,908 - cell_segmenter.gui.main_window - DEBUG - Updated overlay display
2026-03-05 16:24:28,915 - cell_segmenter.gui.main_window - DEBUG - Updated overlay display
2026-03-05 16:24:28,923 - cell_segmenter.gui.main_window - DEBUG - Updated overlay display
2026-03-05 16:24:28,946 - cell_segmenter.gui.main_window - DEBUG - Updated overlay display
2026-03-05 16:24:28,954 - cell_segmenter.gui.main_window - DEBUG - Updated overlay display
2026-03-05 16:24:28,961 - cell_segmenter.gui.main_window - DEBUG - Updated overlay display
2026-03-05 16:24:28,969 - cell_segmenter.gui.main_window - DEBUG - Updated overlay display
2026-03-05 16:24:28,991 - cell_segmenter.gui.main_window - DEBUG - Updated overlay display
2026-03-05 16:24:28,999 - cell_segmenter.gui.main_window - DEBUG - Updated overlay display
2026-03-05 16:24:29,007 - cell_segmenter.gui.main_window - DEBUG - Updated overlay display
2026-03-05 16:24:29,015 - cell_segmenter.gui.main_window - DEBUG - Updated overlay display
2026-03-05 16:24:29,037 - cell_segmenter.gui.main_window - DEBUG - Updated overlay display
2026-03-05 16:24:29,045 - cell_segmenter.gui.main_window - DEBUG - Updated overlay display
2026-03-05 16:24:29,053 - cell_segmenter.gui.main_window - DEBUG - Updated overlay display
2026-03-05 16:24:29,060 - cell_segmenter.gui.main_window - DEBUG - Updated overlay display
2026-03-05 16:24:29,082 - cell_segmenter.gui.main_window - DEBUG - Updated overlay display
2026-03-05 16:24:29,090 - cell_segmenter.gui.main_window - DEBUG - Updated overlay display
2026-03-05 16:24:29,113 - cell_segmenter.gui.main_window - DEBUG - Updated overlay display
2026-03-05 16:24:29,120 - cell_segmenter.gui.main_window - DEBUG - Updated overlay display
2026-03-05 16:24:29,128 - cell_segmenter.gui.main_window - DEBUG - Updated overlay display
2026-03-05 16:24:29,136 - cell_segmenter.gui.main_window - DEBUG - Updated overlay display
2026-03-05 16:24:29,159 - cell_segmenter.gui.main_window - DEBUG - Updated overlay display
2026-03-05 16:24:29,167 - cell_segmenter.gui.main_window - DEBUG - Updated overlay display
2026-03-05 16:24:29,174 - cell_segmenter.gui.main_window - DEBUG - Updated overlay display
2026-03-05 16:24:29,182 - cell_segmenter.gui.main_window - DEBUG - Updated overlay display
2026-03-05 16:24:29,205 - cell_segmenter.gui.main_window - DEBUG - Updated overlay display
2026-03-05 16:24:29,213 - cell_segmenter.gui.main_window - DEBUG - Updated overlay display
2026-03-05 16:24:29,220 - cell_segmenter.gui.main_window - DEBUG - Updated overlay display
2026-03-05 16:24:29,228 - cell_segmenter.gui.main_window - DEBUG - Updated overlay display
2026-03-05 16:24:29,250 - cell_segmenter.gui.main_window - DEBUG - Updated overlay display
2026-03-05 16:24:29,258 - cell_segmenter.gui.main_window - DEBUG - Updated overlay display
2026-03-05 16:24:29,266 - cell_segmenter.gui.main_window - DEBUG - Updated overlay display
2026-03-05 16:24:29,274 - cell_segmenter.gui.main_window - DEBUG - Updated overlay display
2026-03-05 16:24:29,297 - cell_segmenter.gui.main_window - DEBUG - Updated overlay display
2026-03-05 16:24:29,304 - cell_segmenter.gui.main_window - DEBUG - Updated overlay display
2026-03-05 16:24:29,312 - cell_segmenter.gui.main_window - DEBUG - Updated overlay display
2026-03-05 16:24:29,320 - cell_segmenter.gui.main_window - DEBUG - Updated overlay display
2026-03-05 16:24:29,342 - cell_segmenter.gui.main_window - DEBUG - Updated overlay display
2026-03-05 16:24:29,350 - cell_segmenter.gui.main_window - DEBUG - Updated overlay display
2026-03-05 16:24:29,357 - cell_segmenter.gui.main_window - DEBUG - Updated overlay display
2026-03-05 16:24:29,365 - cell_segmenter.gui.main_window - DEBUG - Updated overlay display
2026-03-05 16:24:29,388 - cell_segmenter.gui.main_window - DEBUG - Updated overlay display
2026-03-05 16:24:29,396 - cell_segmenter.gui.main_window - DEBUG - Updated overlay display
2026-03-05 16:24:29,403 - cell_segmenter.gui.main_window - DEBUG - Updated overlay display
2026-03-05 16:24:29,411 - cell_segmenter.gui.main_window - DEBUG - Updated overlay display
2026-03-05 16:24:29,434 - cell_segmenter.gui.main_window - DEBUG - Updated overlay display
2026-03-05 16:24:29,441 - cell_segmenter.gui.main_window - DEBUG - Updated overlay display
2026-03-05 16:24:29,449 - cell_segmenter.gui.main_window - DEBUG - Updated overlay display
2026-03-05 16:24:29,457 - cell_segmenter.gui.main_window - DEBUG - Updated overlay display
2026-03-05 16:24:29,479 - cell_segmenter.gui.main_window - DEBUG - Updated overlay display
2026-03-05 16:24:29,487 - cell_segmenter.gui.main_window - DEBUG - Updated overlay display
2026-03-05 16:24:29,495 - cell_segmenter.gui.main_window - DEBUG - Updated overlay display
2026-03-05 16:24:29,503 - cell_segmenter.gui.main_window - DEBUG - Updated overlay display
2026-03-05 16:24:29,525 - cell_segmenter.gui.main_window - DEBUG - Updated overlay display
2026-03-05 16:24:29,533 - cell_segmenter.gui.main_window - DEBUG - Updated overlay display
2026-03-05 16:24:29,541 - cell_segmenter.gui.main_window - DEBUG - Updated overlay display
2026-03-05 16:24:29,549 - cell_segmenter.gui.main_window - DEBUG - Updated overlay display
2026-03-05 16:24:29,571 - cell_segmenter.gui.main_window - DEBUG - Updated overlay display
2026-03-05 16:24:29,579 - cell_segmenter.gui.main_window - DEBUG - Updated overlay display
2026-03-05 16:24:29,587 - cell_segmenter.gui.main_window - DEBUG - Updated overlay display
2026-03-05 16:24:29,595 - cell_segmenter.gui.main_window - DEBUG - Updated overlay display
2026-03-05 16:24:29,617 - cell_segmenter.gui.main_window - DEBUG - Updated overlay display
2026-03-05 16:24:29,625 - cell_segmenter.gui.main_window - DEBUG - Updated overlay display
2026-03-05 16:24:29,633 - cell_segmenter.gui.main_window - DEBUG - Updated overlay display
2026-03-05 16:24:29,640 - cell_segmenter.gui.main_window - DEBUG - Updated overlay display
2026-03-05 16:24:29,663 - cell_segmenter.gui.main_window - DEBUG - Updated overlay display
2026-03-05 16:24:29,671 - cell_segmenter.gui.main_window - DEBUG - Updated overlay display
2026-03-05 16:24:29,678 - cell_segmenter.gui.main_window - DEBUG - Updated overlay display
2026-03-05 16:24:29,686 - cell_segmenter.gui.main_window - DEBUG - Updated overlay display
2026-03-05 16:24:29,709 - cell_segmenter.gui.main_window - DEBUG - Updated overlay display
2026-03-05 16:24:29,716 - cell_segmenter.gui.main_window - DEBUG - Updated overlay display
2026-03-05 16:24:29,724 - cell_segmenter.gui.main_window - DEBUG - Updated overlay display
2026-03-05 16:24:29,732 - cell_segmenter.gui.main_window - DEBUG - Updated overlay display
2026-03-05 16:24:29,755 - cell_segmenter.gui.main_window - DEBUG - Updated overlay display
2026-03-05 16:24:29,763 - cell_segmenter.gui.main_window - DEBUG - Updated overlay display
2026-03-05 16:24:29,771 - cell_segmenter.gui.main_window - DEBUG - Updated overlay display
2026-03-05 16:24:29,779 - cell_segmenter.gui.main_window - DEBUG - Updated overlay display
2026-03-05 16:24:29,801 - cell_segmenter.gui.main_window - DEBUG - Updated overlay display
2026-03-05 16:24:29,809 - cell_segmenter.gui.main_window - DEBUG - Updated overlay display
2026-03-05 16:24:29,817 - cell_segmenter.gui.main_window - DEBUG - Updated overlay display
2026-03-05 16:24:29,824 - cell_segmenter.gui.main_window - DEBUG - Updated overlay display
2026-03-05 16:24:29,847 - cell_segmenter.gui.main_window - DEBUG - Updated overlay display
2026-03-05 16:24:29,855 - cell_segmenter.gui.main_window - DEBUG - Updated overlay display
2026-03-05 16:24:29,863 - cell_segmenter.gui.main_window - DEBUG - Updated overlay display
2026-03-05 16:24:29,871 - cell_segmenter.gui.main_window - DEBUG - Updated overlay display
2026-03-05 16:24:29,893 - cell_segmenter.gui.main_window - DEBUG - Updated overlay display
2026-03-05 16:24:29,901 - cell_segmenter.gui.main_window - DEBUG - Updated overlay display
2026-03-05 16:24:29,909 - cell_segmenter.gui.main_window - DEBUG - Updated overlay display
2026-03-05 16:24:29,917 - cell_segmenter.gui.main_window - DEBUG - Updated overlay display
2026-03-05 16:24:29,939 - cell_segmenter.gui.main_window - DEBUG - Updated overlay display
2026-03-05 16:24:29,947 - cell_segmenter.gui.main_window - DEBUG - Updated overlay display
2026-03-05 16:24:29,955 - cell_segmenter.gui.main_window - DEBUG - Updated overlay display
2026-03-05 16:24:29,963 - cell_segmenter.gui.main_window - DEBUG - Updated overlay display
2026-03-05 16:24:29,985 - cell_segmenter.gui.main_window - DEBUG - Updated overlay display
2026-03-05 16:24:29,994 - cell_segmenter.gui.main_window - DEBUG - Updated overlay display
2026-03-05 16:24:30,001 - cell_segmenter.gui.main_window - DEBUG - Updated overlay display
2026-03-05 16:24:30,009 - cell_segmenter.gui.main_window - DEBUG - Updated overlay display
2026-03-05 16:24:30,032 - cell_segmenter.gui.main_window - DEBUG - Updated overlay display
2026-03-05 16:24:30,040 - cell_segmenter.gui.main_window - DEBUG - Updated overlay display
2026-03-05 16:24:30,048 - cell_segmenter.gui.main_window - DEBUG - Updated overlay display
2026-03-05 16:24:30,055 - cell_segmenter.gui.main_window - DEBUG - Updated overlay display
2026-03-05 16:24:30,078 - cell_segmenter.gui.main_window - DEBUG - Updated overlay display
2026-03-05 16:24:30,086 - cell_segmenter.gui.main_window - DEBUG - Updated overlay display
2026-03-05 16:24:30,094 - cell_segmenter.gui.main_window - DEBUG - Updated overlay display
2026-03-05 16:24:30,102 - cell_segmenter.gui.main_window - DEBUG - Updated overlay display
2026-03-05 16:24:30,124 - cell_segmenter.gui.main_window - DEBUG - Updated overlay display
2026-03-05 16:24:30,132 - cell_segmenter.gui.main_window - DEBUG - Updated overlay display
2026-03-05 16:24:30,140 - cell_segmenter.gui.main_window - DEBUG - Updated overlay display
2026-03-05 16:24:30,148 - cell_segmenter.gui.main_window - DEBUG - Updated overlay display
2026-03-05 16:24:30,170 - cell_segmenter.gui.main_window - DEBUG - Updated overlay display
2026-03-05 16:24:30,178 - cell_segmenter.gui.main_window - DEBUG - Updated overlay display
2026-03-05 16:24:30,186 - cell_segmenter.gui.main_window - DEBUG - Updated overlay display
2026-03-05 16:24:30,194 - cell_segmenter.gui.main_window - DEBUG - Updated overlay display
2026-03-05 16:24:30,216 - cell_segmenter.gui.main_window - DEBUG - Updated overlay display
2026-03-05 16:24:30,224 - cell_segmenter.gui.main_window - DEBUG - Updated overlay display
2026-03-05 16:24:30,232 - cell_segmenter.gui.main_window - DEBUG - Updated overlay display
2026-03-05 16:24:30,240 - cell_segmenter.gui.main_window - DEBUG - Updated overlay display
2026-03-05 16:24:30,262 - cell_segmenter.gui.main_window - DEBUG - Updated overlay display
2026-03-05 16:24:30,270 - cell_segmenter.gui.main_window - DEBUG - Updated overlay display
2026-03-05 16:24:30,277 - cell_segmenter.gui.main_window - DEBUG - Updated overlay display
2026-03-05 16:24:30,285 - cell_segmenter.gui.main_window - DEBUG - Updated overlay display
2026-03-05 16:24:30,308 - cell_segmenter.gui.main_window - DEBUG - Updated overlay display
2026-03-05 16:24:30,316 - cell_segmenter.gui.main_window - DEBUG - Updated overlay display
2026-03-05 16:24:30,324 - cell_segmenter.gui.main_window - DEBUG - Updated overlay display
2026-03-05 16:24:30,332 - cell_segmenter.gui.main_window - DEBUG - Updated overlay display
2026-03-05 16:24:30,355 - cell_segmenter.gui.main_window - DEBUG - Updated overlay display
2026-03-05 16:24:30,363 - cell_segmenter.gui.main_window - DEBUG - Updated overlay display
2026-03-05 16:24:30,371 - cell_segmenter.gui.main_window - DEBUG - Updated overlay display
2026-03-05 16:24:30,379 - cell_segmenter.gui.main_window - DEBUG - Updated overlay display
2026-03-05 16:24:30,401 - cell_segmenter.gui.main_window - DEBUG - Updated overlay display
2026-03-05 16:24:30,409 - cell_segmenter.gui.main_window - DEBUG - Updated overlay display
2026-03-05 16:24:30,417 - cell_segmenter.gui.main_window - DEBUG - Updated overlay display
2026-03-05 16:24:30,425 - cell_segmenter.gui.main_window - DEBUG - Updated overlay display
2026-03-05 16:24:30,448 - cell_segmenter.gui.main_window - DEBUG - Updated overlay display
2026-03-05 16:24:30,456 - cell_segmenter.gui.main_window - DEBUG - Updated overlay display
2026-03-05 16:24:30,464 - cell_segmenter.gui.main_window - DEBUG - Updated overlay display
2026-03-05 16:24:30,472 - cell_segmenter.gui.main_window - DEBUG - Updated overlay display
2026-03-05 16:24:30,494 - cell_segmenter.gui.main_window - DEBUG - Updated overlay display
2026-03-05 16:24:30,502 - cell_segmenter.gui.main_window - DEBUG - Updated overlay display
2026-03-05 16:24:30,510 - cell_segmenter.gui.main_window - DEBUG - Updated overlay display
2026-03-05 16:24:30,518 - cell_segmenter.gui.main_window - DEBUG - Updated overlay display
2026-03-05 16:24:30,540 - cell_segmenter.gui.main_window - DEBUG - Updated overlay display
2026-03-05 16:24:30,548 - cell_segmenter.gui.main_window - DEBUG - Updated overlay display
2026-03-05 16:24:30,556 - cell_segmenter.gui.main_window - DEBUG - Updated overlay display
2026-03-05 16:24:30,564 - cell_segmenter.gui.main_window - DEBUG - Updated overlay display
2026-03-05 16:24:30,587 - cell_segmenter.gui.main_window - DEBUG - Updated overlay display
2026-03-05 16:24:30,595 - cell_segmenter.gui.main_window - DEBUG - Updated overlay display
2026-03-05 16:24:30,603 - cell_segmenter.gui.main_window - DEBUG - Updated overlay display
2026-03-05 16:24:30,610 - cell_segmenter.gui.main_window - DEBUG - Updated overlay display
2026-03-05 16:24:30,633 - cell_segmenter.gui.main_window - DEBUG - Updated overlay display
2026-03-05 16:24:30,641 - cell_segmenter.gui.main_window - DEBUG - Updated overlay display
2026-03-05 16:24:30,649 - cell_segmenter.gui.main_window - DEBUG - Updated overlay display
2026-03-05 16:24:30,657 - cell_segmenter.gui.main_window - DEBUG - Updated overlay display
2026-03-05 16:24:30,680 - cell_segmenter.gui.main_window - DEBUG - Updated overlay display
2026-03-05 16:24:30,688 - cell_segmenter.gui.main_window - DEBUG - Updated overlay display
2026-03-05 16:24:30,696 - cell_segmenter.gui.main_window - DEBUG - Updated overlay display
2026-03-05 16:24:30,704 - cell_segmenter.gui.main_window - DEBUG - Updated overlay display
2026-03-05 16:24:30,726 - cell_segmenter.gui.main_window - DEBUG - Updated overlay display
2026-03-05 16:24:30,734 - cell_segmenter.gui.main_window - DEBUG - Updated overlay display
2026-03-05 16:24:30,742 - cell_segmenter.gui.main_window - DEBUG - Updated overlay display
2026-03-05 16:24:30,750 - cell_segmenter.gui.main_window - DEBUG - Updated overlay display
2026-03-05 16:24:30,773 - cell_segmenter.gui.main_window - DEBUG - Updated overlay display
2026-03-05 16:24:30,781 - cell_segmenter.gui.main_window - DEBUG - Updated overlay display
2026-03-05 16:24:30,789 - cell_segmenter.gui.main_window - DEBUG - Updated overlay display
2026-03-05 16:24:30,797 - cell_segmenter.gui.main_window - DEBUG - Updated overlay display
2026-03-05 16:24:30,820 - cell_segmenter.gui.main_window - DEBUG - Updated overlay display
2026-03-05 16:24:30,828 - cell_segmenter.gui.main_window - DEBUG - Updated overlay display
2026-03-05 16:24:30,836 - cell_segmenter.gui.main_window - DEBUG - Updated overlay display
2026-03-05 16:24:30,843 - cell_segmenter.gui.main_window - DEBUG - Updated overlay display
2026-03-05 16:24:30,866 - cell_segmenter.gui.main_window - DEBUG - Updated overlay display
2026-03-05 16:24:30,874 - cell_segmenter.gui.main_window - DEBUG - Updated overlay display
2026-03-05 16:24:30,882 - cell_segmenter.gui.main_window - DEBUG - Updated overlay display
2026-03-05 16:24:30,890 - cell_segmenter.gui.main_window - DEBUG - Updated overlay display
2026-03-05 16:24:30,913 - cell_segmenter.gui.main_window - DEBUG - Updated overlay display
2026-03-05 16:24:30,921 - cell_segmenter.gui.main_window - DEBUG - Updated overlay display
2026-03-05 16:24:30,929 - cell_segmenter.gui.main_window - DEBUG - Updated overlay display
2026-03-05 16:24:30,937 - cell_segmenter.gui.main_window - DEBUG - Updated overlay display
2026-03-05 16:24:30,959 - cell_segmenter.gui.main_window - DEBUG - Updated overlay display
2026-03-05 16:24:30,967 - cell_segmenter.gui.main_window - DEBUG - Updated overlay display
2026-03-05 16:24:30,975 - cell_segmenter.gui.main_window - DEBUG - Updated overlay display
2026-03-05 16:24:30,983 - cell_segmenter.gui.main_window - DEBUG - Updated overlay display
2026-03-05 16:24:31,005 - cell_segmenter.gui.main_window - DEBUG - Updated overlay display
2026-03-05 16:24:31,013 - cell_segmenter.gui.main_window - DEBUG - Updated overlay display
2026-03-05 16:24:31,021 - cell_segmenter.gui.main_window - DEBUG - Updated overlay display
2026-03-05 16:24:31,029 - cell_segmenter.gui.main_window - DEBUG - Updated overlay display
2026-03-05 16:24:31,052 - cell_segmenter.gui.main_window - DEBUG - Updated overlay display
2026-03-05 16:24:31,060 - cell_segmenter.gui.main_window - DEBUG - Updated overlay display
2026-03-05 16:24:31,068 - cell_segmenter.gui.main_window - DEBUG - Updated overlay display
2026-03-05 16:24:31,076 - cell_segmenter.gui.main_window - DEBUG - Updated overlay display
2026-03-05 16:24:31,098 - cell_segmenter.gui.main_window - DEBUG - Updated overlay display
2026-03-05 16:24:31,107 - cell_segmenter.gui.main_window - DEBUG - Updated overlay display
2026-03-05 16:24:31,114 - cell_segmenter.gui.main_window - DEBUG - Updated overlay display
2026-03-05 16:24:31,122 - cell_segmenter.gui.main_window - DEBUG - Updated overlay display
2026-03-05 16:24:31,145 - cell_segmenter.gui.main_window - DEBUG - Updated overlay display
2026-03-05 16:24:31,153 - cell_segmenter.gui.main_window - DEBUG - Updated overlay display
2026-03-05 16:24:31,161 - cell_segmenter.gui.main_window - DEBUG - Updated overlay display
2026-03-05 16:24:31,169 - cell_segmenter.gui.main_window - DEBUG - Updated overlay display
2026-03-05 16:24:31,191 - cell_segmenter.gui.main_window - DEBUG - Updated overlay display
2026-03-05 16:24:31,199 - cell_segmenter.gui.main_window - DEBUG - Updated overlay display
2026-03-05 16:24:31,207 - cell_segmenter.gui.main_window - DEBUG - Updated overlay display
2026-03-05 16:24:31,215 - cell_segmenter.gui.main_window - DEBUG - Updated overlay display
2026-03-05 16:24:31,237 - cell_segmenter.gui.main_window - DEBUG - Updated overlay display
2026-03-05 16:24:31,245 - cell_segmenter.gui.main_window - DEBUG - Updated overlay display
2026-03-05 16:24:31,268 - cell_segmenter.gui.main_window - DEBUG - Updated overlay display
2026-03-05 16:24:31,276 - cell_segmenter.gui.main_window - DEBUG - Updated overlay display
2026-03-05 16:24:31,284 - cell_segmenter.gui.main_window - DEBUG - Updated overlay display
2026-03-05 16:24:31,292 - cell_segmenter.gui.main_window - DEBUG - Updated overlay display
2026-03-05 16:24:31,315 - cell_segmenter.gui.main_window - DEBUG - Updated overlay display
2026-03-05 16:24:31,323 - cell_segmenter.gui.main_window - DEBUG - Updated overlay display
2026-03-05 16:24:31,346 - cell_segmenter.gui.main_window - DEBUG - Updated overlay display
2026-03-05 16:24:31,354 - cell_segmenter.gui.main_window - DEBUG - Updated overlay display
2026-03-05 16:24:31,377 - cell_segmenter.gui.main_window - DEBUG - Updated overlay display
2026-03-05 16:24:31,385 - cell_segmenter.gui.main_window - DEBUG - Updated overlay display
2026-03-05 16:24:31,393 - cell_segmenter.gui.main_window - DEBUG - Updated overlay display
2026-03-05 16:24:31,401 - cell_segmenter.gui.main_window - DEBUG - Updated overlay display
2026-03-05 16:24:31,424 - cell_segmenter.gui.main_window - DEBUG - Updated overlay display
2026-03-05 16:24:31,432 - cell_segmenter.gui.main_window - DEBUG - Updated overlay display
2026-03-05 16:24:31,440 - cell_segmenter.gui.main_window - DEBUG - Updated overlay display
2026-03-05 16:24:31,448 - cell_segmenter.gui.main_window - DEBUG - Updated overlay display
2026-03-05 16:24:31,471 - cell_segmenter.gui.main_window - DEBUG - Updated overlay display
2026-03-05 16:24:31,479 - cell_segmenter.gui.main_window - DEBUG - Updated overlay display
2026-03-05 16:24:31,487 - cell_segmenter.gui.main_window - DEBUG - Updated overlay display
2026-03-05 16:24:31,495 - cell_segmenter.gui.main_window - DEBUG - Updated overlay display
2026-03-05 16:24:31,518 - cell_segmenter.gui.main_window - DEBUG - Updated overlay display
2026-03-05 16:24:31,526 - cell_segmenter.gui.main_window - DEBUG - Updated overlay display
2026-03-05 16:24:31,534 - cell_segmenter.gui.main_window - DEBUG - Updated overlay display
2026-03-05 16:24:31,542 - cell_segmenter.gui.main_window - DEBUG - Updated overlay display
2026-03-05 16:24:31,565 - cell_segmenter.gui.main_window - DEBUG - Updated overlay display
2026-03-05 16:24:31,573 - cell_segmenter.gui.main_window - DEBUG - Updated overlay display
2026-03-05 16:24:31,581 - cell_segmenter.gui.main_window - DEBUG - Updated overlay display
2026-03-05 16:24:31,589 - cell_segmenter.gui.main_window - DEBUG - Updated overlay display
2026-03-05 16:24:31,612 - cell_segmenter.gui.main_window - DEBUG - Updated overlay display
2026-03-05 16:24:31,620 - cell_segmenter.gui.main_window - DEBUG - Updated overlay display
2026-03-05 16:24:31,627 - cell_segmenter.gui.main_window - DEBUG - Updated overlay display
2026-03-05 16:24:31,635 - cell_segmenter.gui.main_window - DEBUG - Updated overlay display
2026-03-05 16:24:31,658 - cell_segmenter.gui.main_window - DEBUG - Updated overlay display
2026-03-05 16:24:31,666 - cell_segmenter.gui.main_window - DEBUG - Updated overlay display
2026-03-05 16:24:31,674 - cell_segmenter.gui.main_window - DEBUG - Updated overlay display
2026-03-05 16:24:31,682 - cell_segmenter.gui.main_window - DEBUG - Updated overlay display
2026-03-05 16:24:31,704 - cell_segmenter.gui.main_window - DEBUG - Updated overlay display
2026-03-05 16:24:31,712 - cell_segmenter.gui.main_window - DEBUG - Updated overlay display
2026-03-05 16:24:31,720 - cell_segmenter.gui.main_window - DEBUG - Updated overlay display
2026-03-05 16:24:31,728 - cell_segmenter.gui.main_window - DEBUG - Updated overlay display
2026-03-05 16:24:31,750 - cell_segmenter.gui.main_window - DEBUG - Updated overlay display
2026-03-05 16:24:31,758 - cell_segmenter.gui.main_window - DEBUG - Updated overlay display
2026-03-05 16:24:31,766 - cell_segmenter.gui.main_window - DEBUG - Updated overlay display
2026-03-05 16:24:31,774 - cell_segmenter.gui.main_window - DEBUG - Updated overlay display
2026-03-05 16:24:31,797 - cell_segmenter.gui.main_window - DEBUG - Updated overlay display
2026-03-05 16:24:31,805 - cell_segmenter.gui.main_window - DEBUG - Updated overlay display
2026-03-05 16:24:31,813 - cell_segmenter.gui.main_window - DEBUG - Updated overlay display
2026-03-05 16:24:31,821 - cell_segmenter.gui.main_window - DEBUG - Updated overlay display
2026-03-05 16:24:31,844 - cell_segmenter.gui.main_window - DEBUG - Updated overlay display
2026-03-05 16:24:31,852 - cell_segmenter.gui.main_window - DEBUG - Updated overlay display
2026-03-05 16:24:31,860 - cell_segmenter.gui.main_window - DEBUG - Updated overlay display
2026-03-05 16:24:31,867 - cell_segmenter.gui.main_window - DEBUG - Updated overlay display
2026-03-05 16:24:31,890 - cell_segmenter.gui.main_window - DEBUG - Updated overlay display
2026-03-05 16:24:31,898 - cell_segmenter.gui.main_window - DEBUG - Updated overlay display
2026-03-05 16:24:31,906 - cell_segmenter.gui.main_window - DEBUG - Updated overlay display
2026-03-05 16:24:31,914 - cell_segmenter.gui.main_window - DEBUG - Updated overlay display
2026-03-05 16:24:31,936 - cell_segmenter.gui.main_window - DEBUG - Updated overlay display
2026-03-05 16:24:31,945 - cell_segmenter.gui.main_window - DEBUG - Updated overlay display
2026-03-05 16:24:31,952 - cell_segmenter.gui.main_window - DEBUG - Updated overlay display
2026-03-05 16:24:31,960 - cell_segmenter.gui.main_window - DEBUG - Updated overlay display
2026-03-05 16:24:31,983 - cell_segmenter.gui.main_window - DEBUG - Updated overlay display
2026-03-05 16:24:31,991 - cell_segmenter.gui.main_window - DEBUG - Updated overlay display
2026-03-05 16:24:31,999 - cell_segmenter.gui.main_window - DEBUG - Updated overlay display
2026-03-05 16:24:32,006 - cell_segmenter.gui.main_window - DEBUG - Updated overlay display
2026-03-05 16:24:32,029 - cell_segmenter.gui.main_window - DEBUG - Updated overlay display
2026-03-05 16:24:32,037 - cell_segmenter.gui.main_window - DEBUG - Updated overlay display
2026-03-05 16:24:32,045 - cell_segmenter.gui.main_window - DEBUG - Updated overlay display
2026-03-05 16:24:32,053 - cell_segmenter.gui.main_window - DEBUG - Updated overlay display
2026-03-05 16:24:32,076 - cell_segmenter.gui.main_window - DEBUG - Updated overlay display
2026-03-05 16:24:32,084 - cell_segmenter.gui.main_window - DEBUG - Updated overlay display
2026-03-05 16:24:32,106 - cell_segmenter.gui.main_window - DEBUG - Updated overlay display
2026-03-05 16:24:32,114 - cell_segmenter.gui.main_window - DEBUG - Updated overlay display
2026-03-05 16:24:32,189 - cell_segmenter.gui.main_window - DEBUG - Updated overlay display
2026-03-05 16:24:32,198 - cell_segmenter.gui.main_window - DEBUG - Updated overlay display
2026-03-05 16:24:32,295 - cell_segmenter.gui.main_window - DEBUG - Updated overlay display
2026-03-05 16:24:32,305 - cell_segmenter.gui.main_window - DEBUG - Updated overlay display
2026-03-05 16:24:32,330 - cell_segmenter.gui.main_window - DEBUG - Updated overlay display
2026-03-05 16:24:32,338 - cell_segmenter.gui.main_window - DEBUG - Updated overlay display
2026-03-05 16:24:32,361 - cell_segmenter.gui.main_window - DEBUG - Updated overlay display
2026-03-05 16:24:32,369 - cell_segmenter.gui.main_window - DEBUG - Updated overlay display
2026-03-05 16:24:32,392 - cell_segmenter.gui.main_window - DEBUG - Updated overlay display
2026-03-05 16:24:32,400 - cell_segmenter.gui.main_window - DEBUG - Updated overlay display
2026-03-05 16:24:32,422 - cell_segmenter.gui.main_window - DEBUG - Updated overlay display
2026-03-05 16:24:32,430 - cell_segmenter.gui.main_window - DEBUG - Updated overlay display
2026-03-05 16:24:32,453 - cell_segmenter.gui.main_window - DEBUG - Updated overlay display
2026-03-05 16:24:32,461 - cell_segmenter.gui.main_window - DEBUG - Updated overlay display
2026-03-05 16:24:32,469 - cell_segmenter.gui.main_window - DEBUG - Updated overlay display
2026-03-05 16:24:32,477 - cell_segmenter.gui.main_window - DEBUG - Updated overlay display
2026-03-05 16:24:32,499 - cell_segmenter.gui.main_window - DEBUG - Updated overlay display
2026-03-05 16:24:32,507 - cell_segmenter.gui.main_window - DEBUG - Updated overlay display
2026-03-05 16:24:32,530 - cell_segmenter.gui.main_window - DEBUG - Updated overlay display
2026-03-05 16:24:32,538 - cell_segmenter.gui.main_window - DEBUG - Updated overlay display
2026-03-05 16:24:32,561 - cell_segmenter.gui.main_window - DEBUG - Updated overlay display
2026-03-05 16:24:32,569 - cell_segmenter.gui.main_window - DEBUG - Updated overlay display
2026-03-05 16:24:32,592 - cell_segmenter.gui.main_window - DEBUG - Updated overlay display
2026-03-05 16:24:32,600 - cell_segmenter.gui.main_window - DEBUG - Updated overlay display
2026-03-05 16:24:32,608 - cell_segmenter.gui.main_window - DEBUG - Updated overlay display
2026-03-05 16:24:32,616 - cell_segmenter.gui.main_window - DEBUG - Updated overlay display
2026-03-05 16:24:32,639 - cell_segmenter.gui.main_window - DEBUG - Updated overlay display
2026-03-05 16:24:32,647 - cell_segmenter.gui.main_window - DEBUG - Updated overlay display
2026-03-05 16:24:32,655 - cell_segmenter.gui.main_window - DEBUG - Updated overlay display
2026-03-05 16:24:32,663 - cell_segmenter.gui.main_window - DEBUG - Updated overlay display
2026-03-05 16:24:32,698 - cell_segmenter.gui.main_window - DEBUG - Updated overlay display
2026-03-05 16:24:32,707 - cell_segmenter.gui.main_window - DEBUG - Updated overlay display
2026-03-05 16:24:32,730 - cell_segmenter.gui.main_window - DEBUG - Updated overlay display
2026-03-05 16:24:32,738 - cell_segmenter.gui.main_window - DEBUG - Updated overlay display
2026-03-05 16:24:32,760 - cell_segmenter.gui.main_window - DEBUG - Updated overlay display
2026-03-05 16:24:32,769 - cell_segmenter.gui.main_window - DEBUG - Updated overlay display
2026-03-05 16:24:32,791 - cell_segmenter.gui.main_window - DEBUG - Updated overlay display
2026-03-05 16:24:32,799 - cell_segmenter.gui.main_window - DEBUG - Updated overlay display
2026-03-05 16:24:32,822 - cell_segmenter.gui.main_window - DEBUG - Updated overlay display
2026-03-05 16:24:32,830 - cell_segmenter.gui.main_window - DEBUG - Updated overlay display
2026-03-05 16:24:32,853 - cell_segmenter.gui.main_window - DEBUG - Updated overlay display
2026-03-05 16:24:32,861 - cell_segmenter.gui.main_window - DEBUG - Updated overlay display
2026-03-05 16:24:32,869 - cell_segmenter.gui.main_window - DEBUG - Updated overlay display
2026-03-05 16:24:32,877 - cell_segmenter.gui.main_window - DEBUG - Updated overlay display
2026-03-05 16:24:32,900 - cell_segmenter.gui.main_window - DEBUG - Updated overlay display
2026-03-05 16:24:32,908 - cell_segmenter.gui.main_window - DEBUG - Updated overlay display
2026-03-05 16:24:32,931 - cell_segmenter.gui.main_window - DEBUG - Updated overlay display
2026-03-05 16:24:32,939 - cell_segmenter.gui.main_window - DEBUG - Updated overlay display
2026-03-05 16:24:32,962 - cell_segmenter.gui.main_window - DEBUG - Updated overlay display
2026-03-05 16:24:32,970 - cell_segmenter.gui.main_window - DEBUG - Updated overlay display
2026-03-05 16:24:32,978 - cell_segmenter.gui.main_window - DEBUG - Updated overlay display
2026-03-05 16:24:32,986 - cell_segmenter.gui.main_window - DEBUG - Updated overlay display
2026-03-05 16:24:33,009 - cell_segmenter.gui.main_window - DEBUG - Updated overlay display
2026-03-05 16:24:33,017 - cell_segmenter.gui.main_window - DEBUG - Updated overlay display
2026-03-05 16:24:33,025 - cell_segmenter.gui.main_window - DEBUG - Updated overlay display
2026-03-05 16:24:33,033 - cell_segmenter.gui.main_window - DEBUG - Updated overlay display
2026-03-05 16:24:33,056 - cell_segmenter.gui.main_window - DEBUG - Updated overlay display
2026-03-05 16:24:33,064 - cell_segmenter.gui.main_window - DEBUG - Updated overlay display
2026-03-05 16:24:33,072 - cell_segmenter.gui.main_window - DEBUG - Updated overlay display
2026-03-05 16:24:33,080 - cell_segmenter.gui.main_window - DEBUG - Updated overlay display
2026-03-05 16:24:33,103 - cell_segmenter.gui.main_window - DEBUG - Updated overlay display
2026-03-05 16:24:33,111 - cell_segmenter.gui.main_window - DEBUG - Updated overlay display
2026-03-05 16:24:33,119 - cell_segmenter.gui.main_window - DEBUG - Updated overlay display
2026-03-05 16:24:33,127 - cell_segmenter.gui.main_window - DEBUG - Updated overlay display
2026-03-05 16:24:33,150 - cell_segmenter.gui.main_window - DEBUG - Updated overlay display
2026-03-05 16:24:33,158 - cell_segmenter.gui.main_window - DEBUG - Updated overlay display
2026-03-05 16:24:33,166 - cell_segmenter.gui.main_window - DEBUG - Updated overlay display
2026-03-05 16:24:33,174 - cell_segmenter.gui.main_window - DEBUG - Updated overlay display
2026-03-05 16:24:33,197 - cell_segmenter.gui.main_window - DEBUG - Updated overlay display
2026-03-05 16:24:33,205 - cell_segmenter.gui.main_window - DEBUG - Updated overlay display
2026-03-05 16:24:33,213 - cell_segmenter.gui.main_window - DEBUG - Updated overlay display
2026-03-05 16:24:33,221 - cell_segmenter.gui.main_window - DEBUG - Updated overlay display
2026-03-05 16:24:33,244 - cell_segmenter.gui.main_window - DEBUG - Updated overlay display
2026-03-05 16:24:33,252 - cell_segmenter.gui.main_window - DEBUG - Updated overlay display
2026-03-05 16:24:33,260 - cell_segmenter.gui.main_window - DEBUG - Updated overlay display
2026-03-05 16:24:33,268 - cell_segmenter.gui.main_window - DEBUG - Updated overlay display
2026-03-05 16:24:33,291 - cell_segmenter.gui.main_window - DEBUG - Updated overlay display
2026-03-05 16:24:33,300 - cell_segmenter.gui.main_window - DEBUG - Updated overlay display
2026-03-05 16:24:33,308 - cell_segmenter.gui.main_window - DEBUG - Updated overlay display
2026-03-05 16:24:33,316 - cell_segmenter.gui.main_window - DEBUG - Updated overlay display
2026-03-05 16:24:33,339 - cell_segmenter.gui.main_window - DEBUG - Updated overlay display
2026-03-05 16:24:33,347 - cell_segmenter.gui.main_window - DEBUG - Updated overlay display
2026-03-05 16:24:33,355 - cell_segmenter.gui.main_window - DEBUG - Updated overlay display
2026-03-05 16:24:33,363 - cell_segmenter.gui.main_window - DEBUG - Updated overlay display
2026-03-05 16:24:33,386 - cell_segmenter.gui.main_window - DEBUG - Updated overlay display
2026-03-05 16:24:33,394 - cell_segmenter.gui.main_window - DEBUG - Updated overlay display
2026-03-05 16:24:33,402 - cell_segmenter.gui.main_window - DEBUG - Updated overlay display
2026-03-05 16:24:33,410 - cell_segmenter.gui.main_window - DEBUG - Updated overlay display
2026-03-05 16:24:33,434 - cell_segmenter.gui.main_window - DEBUG - Updated overlay display
2026-03-05 16:24:33,442 - cell_segmenter.gui.main_window - DEBUG - Updated overlay display
2026-03-05 16:24:33,450 - cell_segmenter.gui.main_window - DEBUG - Updated overlay display
2026-03-05 16:24:33,458 - cell_segmenter.gui.main_window - DEBUG - Updated overlay display
2026-03-05 16:24:33,481 - cell_segmenter.gui.main_window - DEBUG - Updated overlay display
2026-03-05 16:24:33,489 - cell_segmenter.gui.main_window - DEBUG - Updated overlay display
2026-03-05 16:24:33,497 - cell_segmenter.gui.main_window - DEBUG - Updated overlay display
2026-03-05 16:24:33,505 - cell_segmenter.gui.main_window - DEBUG - Updated overlay display
2026-03-05 16:24:33,528 - cell_segmenter.gui.main_window - DEBUG - Updated overlay display
2026-03-05 16:24:33,536 - cell_segmenter.gui.main_window - DEBUG - Updated overlay display
2026-03-05 16:24:33,545 - cell_segmenter.gui.main_window - DEBUG - Updated overlay display
2026-03-05 16:24:33,553 - cell_segmenter.gui.main_window - DEBUG - Updated overlay display
2026-03-05 16:24:33,575 - cell_segmenter.gui.main_window - DEBUG - Updated overlay display
2026-03-05 16:24:33,584 - cell_segmenter.gui.main_window - DEBUG - Updated overlay display
2026-03-05 16:24:33,592 - cell_segmenter.gui.main_window - DEBUG - Updated overlay display
2026-03-05 16:24:33,600 - cell_segmenter.gui.main_window - DEBUG - Updated overlay display
2026-03-05 16:24:33,623 - cell_segmenter.gui.main_window - DEBUG - Updated overlay display
2026-03-05 16:24:33,631 - cell_segmenter.gui.main_window - DEBUG - Updated overlay display
2026-03-05 16:24:33,639 - cell_segmenter.gui.main_window - DEBUG - Updated overlay display
2026-03-05 16:24:33,647 - cell_segmenter.gui.main_window - DEBUG - Updated overlay display
2026-03-05 16:24:33,670 - cell_segmenter.gui.main_window - DEBUG - Updated overlay display
2026-03-05 16:24:33,679 - cell_segmenter.gui.main_window - DEBUG - Updated overlay display
2026-03-05 16:24:33,701 - cell_segmenter.gui.main_window - DEBUG - Updated overlay display
2026-03-05 16:24:33,709 - cell_segmenter.gui.main_window - DEBUG - Updated overlay display
2026-03-05 16:24:33,717 - cell_segmenter.gui.main_window - DEBUG - Updated overlay display
2026-03-05 16:24:33,725 - cell_segmenter.gui.main_window - DEBUG - Updated overlay display
2026-03-05 16:24:33,748 - cell_segmenter.gui.main_window - DEBUG - Updated overlay display
2026-03-05 16:24:33,757 - cell_segmenter.gui.main_window - DEBUG - Updated overlay display
2026-03-05 16:24:33,765 - cell_segmenter.gui.main_window - DEBUG - Updated overlay display
2026-03-05 16:24:33,773 - cell_segmenter.gui.main_window - DEBUG - Updated overlay display
2026-03-05 16:24:33,796 - cell_segmenter.gui.main_window - DEBUG - Updated overlay display
2026-03-05 16:24:33,804 - cell_segmenter.gui.main_window - DEBUG - Updated overlay display
2026-03-05 16:24:33,812 - cell_segmenter.gui.main_window - DEBUG - Updated overlay display
2026-03-05 16:24:33,820 - cell_segmenter.gui.main_window - DEBUG - Updated overlay display
2026-03-05 16:24:33,843 - cell_segmenter.gui.main_window - DEBUG - Updated overlay display
2026-03-05 16:24:33,852 - cell_segmenter.gui.main_window - DEBUG - Updated overlay display
2026-03-05 16:24:33,860 - cell_segmenter.gui.main_window - DEBUG - Updated overlay display
2026-03-05 16:24:33,868 - cell_segmenter.gui.main_window - DEBUG - Updated overlay display
2026-03-05 16:24:33,891 - cell_segmenter.gui.main_window - DEBUG - Updated overlay display
2026-03-05 16:24:33,899 - cell_segmenter.gui.main_window - DEBUG - Updated overlay display
2026-03-05 16:24:33,907 - cell_segmenter.gui.main_window - DEBUG - Updated overlay display
2026-03-05 16:24:33,915 - cell_segmenter.gui.main_window - DEBUG - Updated overlay display
2026-03-05 16:24:33,938 - cell_segmenter.gui.main_window - DEBUG - Updated overlay display
2026-03-05 16:24:33,947 - cell_segmenter.gui.main_window - DEBUG - Updated overlay display
2026-03-05 16:24:33,970 - cell_segmenter.gui.main_window - DEBUG - Updated overlay display
2026-03-05 16:24:33,978 - cell_segmenter.gui.main_window - DEBUG - Updated overlay display
2026-03-05 16:24:33,986 - cell_segmenter.gui.main_window - DEBUG - Updated overlay display
2026-03-05 16:24:33,994 - cell_segmenter.gui.main_window - DEBUG - Updated overlay display
2026-03-05 16:24:34,017 - cell_segmenter.gui.main_window - DEBUG - Updated overlay display
2026-03-05 16:24:34,025 - cell_segmenter.gui.main_window - DEBUG - Updated overlay display
2026-03-05 16:24:34,034 - cell_segmenter.gui.main_window - DEBUG - Updated overlay display
2026-03-05 16:24:34,042 - cell_segmenter.gui.main_window - DEBUG - Updated overlay display
2026-03-05 16:24:34,065 - cell_segmenter.gui.main_window - DEBUG - Updated overlay display
2026-03-05 16:24:34,073 - cell_segmenter.gui.main_window - DEBUG - Updated overlay display
2026-03-05 16:24:34,082 - cell_segmenter.gui.main_window - DEBUG - Updated overlay display
2026-03-05 16:24:34,090 - cell_segmenter.gui.main_window - DEBUG - Updated overlay display
2026-03-05 16:24:34,113 - cell_segmenter.gui.main_window - DEBUG - Updated overlay display
2026-03-05 16:24:34,122 - cell_segmenter.gui.main_window - DEBUG - Updated overlay display
2026-03-05 16:24:34,130 - cell_segmenter.gui.main_window - DEBUG - Updated overlay display
2026-03-05 16:24:34,138 - cell_segmenter.gui.main_window - DEBUG - Updated overlay display
2026-03-05 16:24:34,160 - cell_segmenter.gui.main_window - DEBUG - Updated overlay display
2026-03-05 16:24:34,169 - cell_segmenter.gui.main_window - DEBUG - Updated overlay display
2026-03-05 16:24:34,177 - cell_segmenter.gui.main_window - DEBUG - Updated overlay display
2026-03-05 16:24:34,185 - cell_segmenter.gui.main_window - DEBUG - Updated overlay display
2026-03-05 16:24:34,208 - cell_segmenter.gui.main_window - DEBUG - Updated overlay display
2026-03-05 16:24:34,216 - cell_segmenter.gui.main_window - DEBUG - Updated overlay display
2026-03-05 16:24:34,225 - cell_segmenter.gui.main_window - DEBUG - Updated overlay display
2026-03-05 16:24:34,233 - cell_segmenter.gui.main_window - DEBUG - Updated overlay display
2026-03-05 16:24:34,256 - cell_segmenter.gui.main_window - DEBUG - Updated overlay display
2026-03-05 16:24:34,264 - cell_segmenter.gui.main_window - DEBUG - Updated overlay display
2026-03-05 16:24:34,272 - cell_segmenter.gui.main_window - DEBUG - Updated overlay display
2026-03-05 16:24:34,281 - cell_segmenter.gui.main_window - DEBUG - Updated overlay display
2026-03-05 16:24:34,304 - cell_segmenter.gui.main_window - DEBUG - Updated overlay display
2026-03-05 16:24:34,312 - cell_segmenter.gui.main_window - DEBUG - Updated overlay display
2026-03-05 16:24:34,320 - cell_segmenter.gui.main_window - DEBUG - Updated overlay display
2026-03-05 16:24:34,329 - cell_segmenter.gui.main_window - DEBUG - Updated overlay display
2026-03-05 16:24:34,352 - cell_segmenter.gui.main_window - DEBUG - Updated overlay display
2026-03-05 16:24:34,361 - cell_segmenter.gui.main_window - DEBUG - Updated overlay display
2026-03-05 16:24:34,369 - cell_segmenter.gui.main_window - DEBUG - Updated overlay display
2026-03-05 16:24:34,377 - cell_segmenter.gui.main_window - DEBUG - Updated overlay display
2026-03-05 16:24:34,400 - cell_segmenter.gui.main_window - DEBUG - Updated overlay display
2026-03-05 16:24:34,408 - cell_segmenter.gui.main_window - DEBUG - Updated overlay display
2026-03-05 16:24:34,417 - cell_segmenter.gui.main_window - DEBUG - Updated overlay display
2026-03-05 16:24:34,425 - cell_segmenter.gui.main_window - DEBUG - Updated overlay display
2026-03-05 16:24:34,448 - cell_segmenter.gui.main_window - DEBUG - Updated overlay display
2026-03-05 16:24:34,456 - cell_segmenter.gui.main_window - DEBUG - Updated overlay display
2026-03-05 16:24:34,465 - cell_segmenter.gui.main_window - DEBUG - Updated overlay display
2026-03-05 16:24:34,473 - cell_segmenter.gui.main_window - DEBUG - Updated overlay display
2026-03-05 16:24:34,496 - cell_segmenter.gui.main_window - DEBUG - Updated overlay display
2026-03-05 16:24:34,504 - cell_segmenter.gui.main_window - DEBUG - Updated overlay display
2026-03-05 16:24:34,532 - cell_segmenter.gui.main_window - DEBUG - Updated overlay display
2026-03-05 16:24:34,540 - cell_segmenter.gui.main_window - DEBUG - Updated overlay display
2026-03-05 16:24:34,563 - cell_segmenter.gui.main_window - DEBUG - Updated overlay display
2026-03-05 16:24:34,571 - cell_segmenter.gui.main_window - DEBUG - Updated overlay display
2026-03-05 16:24:34,594 - cell_segmenter.gui.main_window - DEBUG - Updated overlay display
2026-03-05 16:24:34,602 - cell_segmenter.gui.main_window - DEBUG - Updated overlay display
2026-03-05 16:24:34,625 - cell_segmenter.gui.main_window - DEBUG - Updated overlay display
2026-03-05 16:24:34,634 - cell_segmenter.gui.main_window - DEBUG - Updated overlay display
2026-03-05 16:24:34,657 - cell_segmenter.gui.main_window - DEBUG - Updated overlay display
2026-03-05 16:24:34,665 - cell_segmenter.gui.main_window - DEBUG - Updated overlay display
2026-03-05 16:24:34,688 - cell_segmenter.gui.main_window - DEBUG - Updated overlay display
2026-03-05 16:24:34,696 - cell_segmenter.gui.main_window - DEBUG - Updated overlay display
2026-03-05 16:24:34,704 - cell_segmenter.gui.main_window - DEBUG - Updated overlay display
2026-03-05 16:24:34,712 - cell_segmenter.gui.main_window - DEBUG - Updated overlay display
2026-03-05 16:24:34,735 - cell_segmenter.gui.main_window - DEBUG - Updated overlay display
2026-03-05 16:24:34,744 - cell_segmenter.gui.main_window - DEBUG - Updated overlay display
2026-03-05 16:24:34,767 - cell_segmenter.gui.main_window - DEBUG - Updated overlay display
2026-03-05 16:24:34,775 - cell_segmenter.gui.main_window - DEBUG - Updated overlay display
2026-03-05 16:24:34,799 - cell_segmenter.gui.main_window - DEBUG - Updated overlay display
2026-03-05 16:24:34,807 - cell_segmenter.gui.main_window - DEBUG - Updated overlay display
2026-03-05 16:24:34,816 - cell_segmenter.gui.main_window - DEBUG - Updated overlay display
2026-03-05 16:24:34,824 - cell_segmenter.gui.main_window - DEBUG - Updated overlay display
2026-03-05 16:24:34,847 - cell_segmenter.gui.main_window - DEBUG - Updated overlay display
2026-03-05 16:24:34,855 - cell_segmenter.gui.main_window - DEBUG - Updated overlay display
2026-03-05 16:24:34,864 - cell_segmenter.gui.main_window - DEBUG - Updated overlay display
2026-03-05 16:24:34,872 - cell_segmenter.gui.main_window - DEBUG - Updated overlay display
2026-03-05 16:24:34,895 - cell_segmenter.gui.main_window - DEBUG - Updated overlay display
2026-03-05 16:24:34,904 - cell_segmenter.gui.main_window - DEBUG - Updated overlay display
2026-03-05 16:24:34,912 - cell_segmenter.gui.main_window - DEBUG - Updated overlay display
2026-03-05 16:24:34,920 - cell_segmenter.gui.main_window - DEBUG - Updated overlay display
2026-03-05 16:24:34,943 - cell_segmenter.gui.main_window - DEBUG - Updated overlay display
2026-03-05 16:24:34,952 - cell_segmenter.gui.main_window - DEBUG - Updated overlay display
2026-03-05 16:24:34,960 - cell_segmenter.gui.main_window - DEBUG - Updated overlay display
2026-03-05 16:24:34,968 - cell_segmenter.gui.main_window - DEBUG - Updated overlay display
2026-03-05 16:24:34,991 - cell_segmenter.gui.main_window - DEBUG - Updated overlay display
2026-03-05 16:24:34,999 - cell_segmenter.gui.main_window - DEBUG - Updated overlay display
2026-03-05 16:24:35,008 - cell_segmenter.gui.main_window - DEBUG - Updated overlay display
2026-03-05 16:24:35,016 - cell_segmenter.gui.main_window - DEBUG - Updated overlay display
2026-03-05 16:24:35,039 - cell_segmenter.gui.main_window - DEBUG - Updated overlay display
2026-03-05 16:24:35,048 - cell_segmenter.gui.main_window - DEBUG - Updated overlay display
2026-03-05 16:24:35,056 - cell_segmenter.gui.main_window - DEBUG - Updated overlay display
2026-03-05 16:24:35,064 - cell_segmenter.gui.main_window - DEBUG - Updated overlay display
2026-03-05 16:24:35,087 - cell_segmenter.gui.main_window - DEBUG - Updated overlay display
2026-03-05 16:24:35,095 - cell_segmenter.gui.main_window - DEBUG - Updated overlay display
2026-03-05 16:24:35,104 - cell_segmenter.gui.main_window - DEBUG - Updated overlay display
2026-03-05 16:24:35,112 - cell_segmenter.gui.main_window - DEBUG - Updated overlay display
2026-03-05 16:24:35,135 - cell_segmenter.gui.main_window - DEBUG - Updated overlay display
2026-03-05 16:24:35,143 - cell_segmenter.gui.main_window - DEBUG - Updated overlay display
2026-03-05 16:24:35,151 - cell_segmenter.gui.main_window - DEBUG - Updated overlay display
2026-03-05 16:24:35,160 - cell_segmenter.gui.main_window - DEBUG - Updated overlay display
2026-03-05 16:24:35,183 - cell_segmenter.gui.main_window - DEBUG - Updated overlay display
2026-03-05 16:24:35,191 - cell_segmenter.gui.main_window - DEBUG - Updated overlay display
2026-03-05 16:24:35,199 - cell_segmenter.gui.main_window - DEBUG - Updated overlay display
2026-03-05 16:24:35,208 - cell_segmenter.gui.main_window - DEBUG - Updated overlay display
2026-03-05 16:24:35,231 - cell_segmenter.gui.main_window - DEBUG - Updated overlay display
2026-03-05 16:24:35,239 - cell_segmenter.gui.main_window - DEBUG - Updated overlay display
2026-03-05 16:24:35,247 - cell_segmenter.gui.main_window - DEBUG - Updated overlay display
2026-03-05 16:24:35,256 - cell_segmenter.gui.main_window - DEBUG - Updated overlay display
2026-03-05 16:24:35,279 - cell_segmenter.gui.main_window - DEBUG - Updated overlay display
2026-03-05 16:24:35,287 - cell_segmenter.gui.main_window - DEBUG - Updated overlay display
2026-03-05 16:24:35,296 - cell_segmenter.gui.main_window - DEBUG - Updated overlay display
2026-03-05 16:24:35,304 - cell_segmenter.gui.main_window - DEBUG - Updated overlay display
2026-03-05 16:24:35,327 - cell_segmenter.gui.main_window - DEBUG - Updated overlay display
2026-03-05 16:24:35,335 - cell_segmenter.gui.main_window - DEBUG - Updated overlay display
2026-03-05 16:24:35,343 - cell_segmenter.gui.main_window - DEBUG - Updated overlay display
2026-03-05 16:24:35,352 - cell_segmenter.gui.main_window - DEBUG - Updated overlay display
2026-03-05 16:24:35,375 - cell_segmenter.gui.main_window - DEBUG - Updated overlay display
2026-03-05 16:24:35,384 - cell_segmenter.gui.main_window - DEBUG - Updated overlay display
2026-03-05 16:24:35,392 - cell_segmenter.gui.main_window - DEBUG - Updated overlay display
2026-03-05 16:24:35,400 - cell_segmenter.gui.main_window - DEBUG - Updated overlay display
2026-03-05 16:24:35,423 - cell_segmenter.gui.main_window - DEBUG - Updated overlay display
2026-03-05 16:24:35,432 - cell_segmenter.gui.main_window - DEBUG - Updated overlay display
2026-03-05 16:24:35,440 - cell_segmenter.gui.main_window - DEBUG - Updated overlay display
2026-03-05 16:24:35,448 - cell_segmenter.gui.main_window - DEBUG - Updated overlay display
2026-03-05 16:24:35,472 - cell_segmenter.gui.main_window - DEBUG - Updated overlay display
2026-03-05 16:24:35,480 - cell_segmenter.gui.main_window - DEBUG - Updated overlay display
2026-03-05 16:24:35,488 - cell_segmenter.gui.main_window - DEBUG - Updated overlay display
2026-03-05 16:24:35,497 - cell_segmenter.gui.main_window - DEBUG - Updated overlay display
2026-03-05 16:24:35,519 - cell_segmenter.gui.main_window - DEBUG - Updated overlay display
2026-03-05 16:24:35,528 - cell_segmenter.gui.main_window - DEBUG - Updated overlay display
2026-03-05 16:24:35,551 - cell_segmenter.gui.main_window - DEBUG - Updated overlay display
2026-03-05 16:24:35,559 - cell_segmenter.gui.main_window - DEBUG - Updated overlay display
2026-03-05 16:24:35,568 - cell_segmenter.gui.main_window - DEBUG - Updated overlay display
2026-03-05 16:24:35,576 - cell_segmenter.gui.main_window - DEBUG - Updated overlay display
2026-03-05 16:24:35,600 - cell_segmenter.gui.main_window - DEBUG - Updated overlay display
2026-03-05 16:24:35,608 - cell_segmenter.gui.main_window - DEBUG - Updated overlay display
2026-03-05 16:24:35,631 - cell_segmenter.gui.main_window - DEBUG - Updated overlay display
2026-03-05 16:24:35,640 - cell_segmenter.gui.main_window - DEBUG - Updated overlay display
2026-03-05 16:24:35,648 - cell_segmenter.gui.main_window - DEBUG - Updated overlay display
2026-03-05 16:24:35,656 - cell_segmenter.gui.main_window - DEBUG - Updated overlay display
2026-03-05 16:24:35,680 - cell_segmenter.gui.main_window - DEBUG - Updated overlay display
2026-03-05 16:24:35,688 - cell_segmenter.gui.main_window - DEBUG - Updated overlay display
2026-03-05 16:24:35,696 - cell_segmenter.gui.main_window - DEBUG - Updated overlay display
2026-03-05 16:24:35,705 - cell_segmenter.gui.main_window - DEBUG - Updated overlay display
2026-03-05 16:24:35,728 - cell_segmenter.gui.main_window - DEBUG - Updated overlay display
2026-03-05 16:24:35,737 - cell_segmenter.gui.main_window - DEBUG - Updated overlay display
2026-03-05 16:24:35,745 - cell_segmenter.gui.main_window - DEBUG - Updated overlay display
2026-03-05 16:24:35,753 - cell_segmenter.gui.main_window - DEBUG - Updated overlay display
2026-03-05 16:24:35,776 - cell_segmenter.gui.main_window - DEBUG - Updated overlay display
2026-03-05 16:24:35,785 - cell_segmenter.gui.main_window - DEBUG - Updated overlay display
2026-03-05 16:24:35,808 - cell_segmenter.gui.main_window - DEBUG - Updated overlay display
2026-03-05 16:24:35,817 - cell_segmenter.gui.main_window - DEBUG - Updated overlay display
2026-03-05 16:24:35,825 - cell_segmenter.gui.main_window - DEBUG - Updated overlay display
2026-03-05 16:24:35,833 - cell_segmenter.gui.main_window - DEBUG - Updated overlay display
2026-03-05 16:24:35,856 - cell_segmenter.gui.main_window - DEBUG - Updated overlay display
2026-03-05 16:24:35,865 - cell_segmenter.gui.main_window - DEBUG - Updated overlay display
2026-03-05 16:24:35,887 - cell_segmenter.gui.main_window - DEBUG - Updated overlay display
2026-03-05 16:24:35,896 - cell_segmenter.gui.main_window - DEBUG - Updated overlay display
2026-03-05 16:24:35,920 - cell_segmenter.gui.main_window - DEBUG - Updated overlay display
2026-03-05 16:24:35,929 - cell_segmenter.gui.main_window - DEBUG - Updated overlay display
2026-03-05 16:24:35,937 - cell_segmenter.gui.main_window - DEBUG - Updated overlay display
2026-03-05 16:24:35,945 - cell_segmenter.gui.main_window - DEBUG - Updated overlay display
2026-03-05 16:24:35,969 - cell_segmenter.gui.main_window - DEBUG - Updated overlay display
2026-03-05 16:24:35,977 - cell_segmenter.gui.main_window - DEBUG - Updated overlay display
2026-03-05 16:24:35,986 - cell_segmenter.gui.main_window - DEBUG - Updated overlay display
2026-03-05 16:24:35,994 - cell_segmenter.gui.main_window - DEBUG - Updated overlay display
2026-03-05 16:24:36,017 - cell_segmenter.gui.main_window - DEBUG - Updated overlay display
2026-03-05 16:24:36,026 - cell_segmenter.gui.main_window - DEBUG - Updated overlay display
2026-03-05 16:24:36,034 - cell_segmenter.gui.main_window - DEBUG - Updated overlay display
2026-03-05 16:24:36,042 - cell_segmenter.gui.main_window - DEBUG - Updated overlay display
2026-03-05 16:24:36,066 - cell_segmenter.gui.main_window - DEBUG - Updated overlay display
2026-03-05 16:24:36,074 - cell_segmenter.gui.main_window - DEBUG - Updated overlay display
2026-03-05 16:24:36,083 - cell_segmenter.gui.main_window - DEBUG - Updated overlay display
2026-03-05 16:24:36,091 - cell_segmenter.gui.main_window - DEBUG - Updated overlay display
2026-03-05 16:24:36,114 - cell_segmenter.gui.main_window - DEBUG - Updated overlay display
2026-03-05 16:24:36,123 - cell_segmenter.gui.main_window - DEBUG - Updated overlay display
2026-03-05 16:24:36,131 - cell_segmenter.gui.main_window - DEBUG - Updated overlay display
2026-03-05 16:24:36,140 - cell_segmenter.gui.main_window - DEBUG - Updated overlay display
2026-03-05 16:24:36,163 - cell_segmenter.gui.main_window - DEBUG - Updated overlay display
2026-03-05 16:24:36,171 - cell_segmenter.gui.main_window - DEBUG - Updated overlay display
2026-03-05 16:24:36,180 - cell_segmenter.gui.main_window - DEBUG - Updated overlay display
2026-03-05 16:24:36,188 - cell_segmenter.gui.main_window - DEBUG - Updated overlay display
2026-03-05 16:24:36,211 - cell_segmenter.gui.main_window - DEBUG - Updated overlay display
2026-03-05 16:24:36,220 - cell_segmenter.gui.main_window - DEBUG - Updated overlay display
2026-03-05 16:24:36,228 - cell_segmenter.gui.main_window - DEBUG - Updated overlay display
2026-03-05 16:24:36,236 - cell_segmenter.gui.main_window - DEBUG - Updated overlay display
2026-03-05 16:24:36,259 - cell_segmenter.gui.main_window - DEBUG - Updated overlay display
2026-03-05 16:24:36,268 - cell_segmenter.gui.main_window - DEBUG - Updated overlay display
2026-03-05 16:24:36,276 - cell_segmenter.gui.main_window - DEBUG - Updated overlay display
2026-03-05 16:24:36,284 - cell_segmenter.gui.main_window - DEBUG - Updated overlay display
2026-03-05 16:24:36,308 - cell_segmenter.gui.main_window - DEBUG - Updated overlay display
2026-03-05 16:24:36,316 - cell_segmenter.gui.main_window - DEBUG - Updated overlay display
2026-03-05 16:24:36,325 - cell_segmenter.gui.main_window - DEBUG - Updated overlay display
2026-03-05 16:24:36,333 - cell_segmenter.gui.main_window - DEBUG - Updated overlay display
2026-03-05 16:24:36,356 - cell_segmenter.gui.main_window - DEBUG - Updated overlay display
2026-03-05 16:24:36,365 - cell_segmenter.gui.main_window - DEBUG - Updated overlay display
2026-03-05 16:24:36,373 - cell_segmenter.gui.main_window - DEBUG - Updated overlay display
2026-03-05 16:24:36,382 - cell_segmenter.gui.main_window - DEBUG - Updated overlay display
2026-03-05 16:24:36,404 - cell_segmenter.gui.main_window - DEBUG - Updated overlay display
2026-03-05 16:24:36,413 - cell_segmenter.gui.main_window - DEBUG - Updated overlay display
2026-03-05 16:24:36,436 - cell_segmenter.gui.main_window - DEBUG - Updated overlay display
2026-03-05 16:24:36,444 - cell_segmenter.gui.main_window - DEBUG - Updated overlay display
2026-03-05 16:24:36,453 - cell_segmenter.gui.main_window - DEBUG - Updated overlay display
2026-03-05 16:24:36,461 - cell_segmenter.gui.main_window - DEBUG - Updated overlay display
2026-03-05 16:24:36,484 - cell_segmenter.gui.main_window - DEBUG - Updated overlay display
2026-03-05 16:24:36,493 - cell_segmenter.gui.main_window - DEBUG - Updated overlay display
2026-03-05 16:24:36,502 - cell_segmenter.gui.main_window - DEBUG - Updated overlay display
2026-03-05 16:24:36,510 - cell_segmenter.gui.main_window - DEBUG - Updated overlay display
2026-03-05 16:24:36,533 - cell_segmenter.gui.main_window - DEBUG - Updated overlay display
2026-03-05 16:24:36,542 - cell_segmenter.gui.main_window - DEBUG - Updated overlay display
2026-03-05 16:24:36,550 - cell_segmenter.gui.main_window - DEBUG - Updated overlay display
2026-03-05 16:24:36,559 - cell_segmenter.gui.main_window - DEBUG - Updated overlay display
2026-03-05 16:24:36,582 - cell_segmenter.gui.main_window - DEBUG - Updated overlay display
2026-03-05 16:24:36,591 - cell_segmenter.gui.main_window - DEBUG - Updated overlay display
2026-03-05 16:24:36,599 - cell_segmenter.gui.main_window - DEBUG - Updated overlay display
2026-03-05 16:24:36,607 - cell_segmenter.gui.main_window - DEBUG - Updated overlay display
2026-03-05 16:24:36,631 - cell_segmenter.gui.main_window - DEBUG - Updated overlay display
2026-03-05 16:24:36,640 - cell_segmenter.gui.main_window - DEBUG - Updated overlay display
2026-03-05 16:24:36,648 - cell_segmenter.gui.main_window - DEBUG - Updated overlay display
2026-03-05 16:24:36,657 - cell_segmenter.gui.main_window - DEBUG - Updated overlay display
2026-03-05 16:24:36,680 - cell_segmenter.gui.main_window - DEBUG - Updated overlay display
2026-03-05 16:24:36,689 - cell_segmenter.gui.main_window - DEBUG - Updated overlay display
2026-03-05 16:24:36,697 - cell_segmenter.gui.main_window - DEBUG - Updated overlay display
2026-03-05 16:24:36,706 - cell_segmenter.gui.main_window - DEBUG - Updated overlay display
2026-03-05 16:24:36,729 - cell_segmenter.gui.main_window - DEBUG - Updated overlay display
2026-03-05 16:24:36,738 - cell_segmenter.gui.main_window - DEBUG - Updated overlay display
2026-03-05 16:24:36,746 - cell_segmenter.gui.main_window - DEBUG - Updated overlay display
2026-03-05 16:24:36,754 - cell_segmenter.gui.main_window - DEBUG - Updated overlay display
2026-03-05 16:24:36,778 - cell_segmenter.gui.main_window - DEBUG - Updated overlay display
2026-03-05 16:24:36,786 - cell_segmenter.gui.main_window - DEBUG - Updated overlay display
2026-03-05 16:24:36,795 - cell_segmenter.gui.main_window - DEBUG - Updated overlay display
2026-03-05 16:24:36,803 - cell_segmenter.gui.main_window - DEBUG - Updated overlay display
2026-03-05 16:24:36,826 - cell_segmenter.gui.main_window - DEBUG - Updated overlay display
2026-03-05 16:24:36,835 - cell_segmenter.gui.main_window - DEBUG - Updated overlay display
2026-03-05 16:24:36,843 - cell_segmenter.gui.main_window - DEBUG - Updated overlay display
2026-03-05 16:24:36,852 - cell_segmenter.gui.main_window - DEBUG - Updated overlay display
2026-03-05 16:24:36,875 - cell_segmenter.gui.main_window - DEBUG - Updated overlay display
2026-03-05 16:24:36,884 - cell_segmenter.gui.main_window - DEBUG - Updated overlay display
2026-03-05 16:24:36,892 - cell_segmenter.gui.main_window - DEBUG - Updated overlay display
2026-03-05 16:24:36,901 - cell_segmenter.gui.main_window - DEBUG - Updated overlay display
2026-03-05 16:24:36,924 - cell_segmenter.gui.main_window - DEBUG - Updated overlay display
2026-03-05 16:24:36,933 - cell_segmenter.gui.main_window - DEBUG - Updated overlay display
2026-03-05 16:24:36,941 - cell_segmenter.gui.main_window - DEBUG - Updated overlay display
2026-03-05 16:24:36,950 - cell_segmenter.gui.main_window - DEBUG - Updated overlay display
2026-03-05 16:24:36,973 - cell_segmenter.gui.main_window - DEBUG - Updated overlay display
2026-03-05 16:24:36,982 - cell_segmenter.gui.main_window - DEBUG - Updated overlay display
2026-03-05 16:24:36,990 - cell_segmenter.gui.main_window - DEBUG - Updated overlay display
2026-03-05 16:24:36,999 - cell_segmenter.gui.main_window - DEBUG - Updated overlay display
2026-03-05 16:24:37,022 - cell_segmenter.gui.main_window - DEBUG - Updated overlay display
2026-03-05 16:24:37,030 - cell_segmenter.gui.main_window - DEBUG - Updated overlay display
2026-03-05 16:24:37,039 - cell_segmenter.gui.main_window - DEBUG - Updated overlay display
2026-03-05 16:24:37,047 - cell_segmenter.gui.main_window - DEBUG - Updated overlay display
2026-03-05 16:24:37,071 - cell_segmenter.gui.main_window - DEBUG - Updated overlay display
2026-03-05 16:24:37,079 - cell_segmenter.gui.main_window - DEBUG - Updated overlay display
2026-03-05 16:24:37,088 - cell_segmenter.gui.main_window - DEBUG - Updated overlay display
2026-03-05 16:24:37,096 - cell_segmenter.gui.main_window - DEBUG - Updated overlay display
2026-03-05 16:24:37,120 - cell_segmenter.gui.main_window - DEBUG - Updated overlay display
2026-03-05 16:24:37,129 - cell_segmenter.gui.main_window - DEBUG - Updated overlay display
2026-03-05 16:24:37,137 - cell_segmenter.gui.main_window - DEBUG - Updated overlay display
2026-03-05 16:24:37,146 - cell_segmenter.gui.main_window - DEBUG - Updated overlay display
2026-03-05 16:24:37,169 - cell_segmenter.gui.main_window - DEBUG - Updated overlay display
2026-03-05 16:24:37,178 - cell_segmenter.gui.main_window - DEBUG - Updated overlay display
2026-03-05 16:24:37,186 - cell_segmenter.gui.main_window - DEBUG - Updated overlay display
2026-03-05 16:24:37,195 - cell_segmenter.gui.main_window - DEBUG - Updated overlay display
2026-03-05 16:24:37,218 - cell_segmenter.gui.main_window - DEBUG - Updated overlay display
2026-03-05 16:24:37,227 - cell_segmenter.gui.main_window - DEBUG - Updated overlay display
2026-03-05 16:24:37,236 - cell_segmenter.gui.main_window - DEBUG - Updated overlay display
2026-03-05 16:24:37,244 - cell_segmenter.gui.main_window - DEBUG - Updated overlay display
2026-03-05 16:24:37,268 - cell_segmenter.gui.main_window - DEBUG - Updated overlay display
2026-03-05 16:24:37,277 - cell_segmenter.gui.main_window - DEBUG - Updated overlay display
2026-03-05 16:24:37,285 - cell_segmenter.gui.main_window - DEBUG - Updated overlay display
2026-03-05 16:24:37,294 - cell_segmenter.gui.main_window - DEBUG - Updated overlay display
2026-03-05 16:24:37,317 - cell_segmenter.gui.main_window - DEBUG - Updated overlay display
2026-03-05 16:24:37,326 - cell_segmenter.gui.main_window - DEBUG - Updated overlay display
2026-03-05 16:24:37,334 - cell_segmenter.gui.main_window - DEBUG - Updated overlay display
2026-03-05 16:24:37,343 - cell_segmenter.gui.main_window - DEBUG - Updated overlay display
2026-03-05 16:24:37,366 - cell_segmenter.gui.main_window - DEBUG - Updated overlay display
2026-03-05 16:24:37,375 - cell_segmenter.gui.main_window - DEBUG - Updated overlay display
2026-03-05 16:24:37,383 - cell_segmenter.gui.main_window - DEBUG - Updated overlay display
2026-03-05 16:24:37,391 - cell_segmenter.gui.main_window - DEBUG - Updated overlay display
2026-03-05 16:24:37,415 - cell_segmenter.gui.main_window - DEBUG - Updated overlay display
2026-03-05 16:24:37,424 - cell_segmenter.gui.main_window - DEBUG - Updated overlay display
2026-03-05 16:24:37,432 - cell_segmenter.gui.main_window - DEBUG - Updated overlay display
2026-03-05 16:24:37,441 - cell_segmenter.gui.main_window - DEBUG - Updated overlay display
2026-03-05 16:24:37,464 - cell_segmenter.gui.main_window - DEBUG - Updated overlay display
2026-03-05 16:24:37,473 - cell_segmenter.gui.main_window - DEBUG - Updated overlay display
2026-03-05 16:24:37,482 - cell_segmenter.gui.main_window - DEBUG - Updated overlay display
2026-03-05 16:24:37,490 - cell_segmenter.gui.main_window - DEBUG - Updated overlay display
2026-03-05 16:24:37,513 - cell_segmenter.gui.main_window - DEBUG - Updated overlay display
2026-03-05 16:24:37,522 - cell_segmenter.gui.main_window - DEBUG - Updated overlay display
2026-03-05 16:24:37,530 - cell_segmenter.gui.main_window - DEBUG - Updated overlay display
2026-03-05 16:24:37,539 - cell_segmenter.gui.main_window - DEBUG - Updated overlay display
2026-03-05 16:24:37,562 - cell_segmenter.gui.main_window - DEBUG - Updated overlay display
2026-03-05 16:24:37,571 - cell_segmenter.gui.main_window - DEBUG - Updated overlay display
2026-03-05 16:24:37,580 - cell_segmenter.gui.main_window - DEBUG - Updated overlay display
2026-03-05 16:24:37,588 - cell_segmenter.gui.main_window - DEBUG - Updated overlay display
2026-03-05 16:24:37,611 - cell_segmenter.gui.main_window - DEBUG - Updated overlay display
2026-03-05 16:24:37,620 - cell_segmenter.gui.main_window - DEBUG - Updated overlay display
2026-03-05 16:24:37,629 - cell_segmenter.gui.main_window - DEBUG - Updated overlay display
2026-03-05 16:24:37,637 - cell_segmenter.gui.main_window - DEBUG - Updated overlay display
2026-03-05 16:24:37,660 - cell_segmenter.gui.main_window - DEBUG - Updated overlay display
2026-03-05 16:24:37,669 - cell_segmenter.gui.main_window - DEBUG - Updated overlay display
2026-03-05 16:24:37,677 - cell_segmenter.gui.main_window - DEBUG - Updated overlay display
2026-03-05 16:24:37,686 - cell_segmenter.gui.main_window - DEBUG - Updated overlay display
2026-03-05 16:24:37,709 - cell_segmenter.gui.main_window - DEBUG - Updated overlay display
2026-03-05 16:24:37,717 - cell_segmenter.gui.main_window - DEBUG - Updated overlay display
2026-03-05 16:24:37,726 - cell_segmenter.gui.main_window - DEBUG - Updated overlay display
2026-03-05 16:24:37,735 - cell_segmenter.gui.main_window - DEBUG - Updated overlay display
2026-03-05 16:24:37,758 - cell_segmenter.gui.main_window - DEBUG - Updated overlay display
2026-03-05 16:24:37,767 - cell_segmenter.gui.main_window - DEBUG - Updated overlay display
2026-03-05 16:24:37,775 - cell_segmenter.gui.main_window - DEBUG - Updated overlay display
2026-03-05 16:24:37,784 - cell_segmenter.gui.main_window - DEBUG - Updated overlay display
2026-03-05 16:24:37,807 - cell_segmenter.gui.main_window - DEBUG - Updated overlay display
2026-03-05 16:24:37,816 - cell_segmenter.gui.main_window - DEBUG - Updated overlay display
2026-03-05 16:24:37,825 - cell_segmenter.gui.main_window - DEBUG - Updated overlay display
2026-03-05 16:24:37,833 - cell_segmenter.gui.main_window - DEBUG - Updated overlay display
2026-03-05 16:24:37,857 - cell_segmenter.gui.main_window - DEBUG - Updated overlay display
2026-03-05 16:24:37,865 - cell_segmenter.gui.main_window - DEBUG - Updated overlay display
2026-03-05 16:24:37,874 - cell_segmenter.gui.main_window - DEBUG - Updated overlay display
2026-03-05 16:24:37,882 - cell_segmenter.gui.main_window - DEBUG - Updated overlay display
2026-03-05 16:24:37,906 - cell_segmenter.gui.main_window - DEBUG - Updated overlay display
2026-03-05 16:24:37,914 - cell_segmenter.gui.main_window - DEBUG - Updated overlay display
2026-03-05 16:24:37,923 - cell_segmenter.gui.main_window - DEBUG - Updated overlay display
2026-03-05 16:24:37,931 - cell_segmenter.gui.main_window - DEBUG - Updated overlay display
2026-03-05 16:24:37,955 - cell_segmenter.gui.main_window - DEBUG - Updated overlay display
2026-03-05 16:24:37,964 - cell_segmenter.gui.main_window - DEBUG - Updated overlay display
2026-03-05 16:24:37,972 - cell_segmenter.gui.main_window - DEBUG - Updated overlay display
2026-03-05 16:24:37,981 - cell_segmenter.gui.main_window - DEBUG - Updated overlay display
2026-03-05 16:24:38,004 - cell_segmenter.gui.main_window - DEBUG - Updated overlay display
2026-03-05 16:24:38,013 - cell_segmenter.gui.main_window - DEBUG - Updated overlay display
2026-03-05 16:24:38,022 - cell_segmenter.gui.main_window - DEBUG - Updated overlay display
2026-03-05 16:24:38,030 - cell_segmenter.gui.main_window - DEBUG - Updated overlay display
2026-03-05 16:24:38,054 - cell_segmenter.gui.main_window - DEBUG - Updated overlay display
2026-03-05 16:24:38,063 - cell_segmenter.gui.main_window - DEBUG - Updated overlay display
2026-03-05 16:24:38,071 - cell_segmenter.gui.main_window - DEBUG - Updated overlay display
2026-03-05 16:24:38,080 - cell_segmenter.gui.main_window - DEBUG - Updated overlay display
2026-03-05 16:24:38,103 - cell_segmenter.gui.main_window - DEBUG - Updated overlay display
2026-03-05 16:24:38,112 - cell_segmenter.gui.main_window - DEBUG - Updated overlay display
2026-03-05 16:24:38,120 - cell_segmenter.gui.main_window - DEBUG - Updated overlay display
2026-03-05 16:24:38,129 - cell_segmenter.gui.main_window - DEBUG - Updated overlay display
2026-03-05 16:24:38,152 - cell_segmenter.gui.main_window - DEBUG - Updated overlay display
2026-03-05 16:24:38,161 - cell_segmenter.gui.main_window - DEBUG - Updated overlay display
2026-03-05 16:24:38,169 - cell_segmenter.gui.main_window - DEBUG - Updated overlay display
2026-03-05 16:24:38,178 - cell_segmenter.gui.main_window - DEBUG - Updated overlay display
2026-03-05 16:24:38,201 - cell_segmenter.gui.main_window - DEBUG - Updated overlay display
2026-03-05 16:24:38,210 - cell_segmenter.gui.main_window - DEBUG - Updated overlay display
2026-03-05 16:24:38,218 - cell_segmenter.gui.main_window - DEBUG - Updated overlay display
2026-03-05 16:24:38,227 - cell_segmenter.gui.main_window - DEBUG - Updated overlay display
2026-03-05 16:24:38,250 - cell_segmenter.gui.main_window - DEBUG - Updated overlay display
2026-03-05 16:24:38,259 - cell_segmenter.gui.main_window - DEBUG - Updated overlay display
2026-03-05 16:24:38,267 - cell_segmenter.gui.main_window - DEBUG - Updated overlay display
2026-03-05 16:24:38,276 - cell_segmenter.gui.main_window - DEBUG - Updated overlay display
2026-03-05 16:24:38,299 - cell_segmenter.gui.main_window - DEBUG - Updated overlay display
2026-03-05 16:24:38,308 - cell_segmenter.gui.main_window - DEBUG - Updated overlay display
2026-03-05 16:24:38,316 - cell_segmenter.gui.main_window - DEBUG - Updated overlay display
2026-03-05 16:24:38,325 - cell_segmenter.gui.main_window - DEBUG - Updated overlay display
2026-03-05 16:24:38,348 - cell_segmenter.gui.main_window - DEBUG - Updated overlay display
2026-03-05 16:24:38,357 - cell_segmenter.gui.main_window - DEBUG - Updated overlay display
2026-03-05 16:24:38,365 - cell_segmenter.gui.main_window - DEBUG - Updated overlay display
2026-03-05 16:24:38,374 - cell_segmenter.gui.main_window - DEBUG - Updated overlay display
2026-03-05 16:24:38,398 - cell_segmenter.gui.main_window - DEBUG - Updated overlay display
2026-03-05 16:24:38,406 - cell_segmenter.gui.main_window - DEBUG - Updated overlay display
2026-03-05 16:24:38,415 - cell_segmenter.gui.main_window - DEBUG - Updated overlay display
2026-03-05 16:24:38,423 - cell_segmenter.gui.main_window - DEBUG - Updated overlay display
2026-03-05 16:24:38,447 - cell_segmenter.gui.main_window - DEBUG - Updated overlay display
2026-03-05 16:24:38,455 - cell_segmenter.gui.main_window - DEBUG - Updated overlay display
2026-03-05 16:24:38,464 - cell_segmenter.gui.main_window - DEBUG - Updated overlay display
2026-03-05 16:24:38,473 - cell_segmenter.gui.main_window - DEBUG - Updated overlay display
2026-03-05 16:24:38,496 - cell_segmenter.gui.main_window - DEBUG - Updated overlay display
2026-03-05 16:24:38,504 - cell_segmenter.gui.main_window - DEBUG - Updated overlay display
2026-03-05 16:24:38,513 - cell_segmenter.gui.main_window - DEBUG - Updated overlay display
2026-03-05 16:24:38,521 - cell_segmenter.gui.main_window - DEBUG - Updated overlay display
2026-03-05 16:24:38,545 - cell_segmenter.gui.main_window - DEBUG - Updated overlay display
2026-03-05 16:24:38,554 - cell_segmenter.gui.main_window - DEBUG - Updated overlay display
2026-03-05 16:24:38,562 - cell_segmenter.gui.main_window - DEBUG - Updated overlay display
2026-03-05 16:24:38,571 - cell_segmenter.gui.main_window - DEBUG - Updated overlay display
2026-03-05 16:24:38,594 - cell_segmenter.gui.main_window - DEBUG - Updated overlay display
2026-03-05 16:24:38,603 - cell_segmenter.gui.main_window - DEBUG - Updated overlay display
2026-03-05 16:24:38,611 - cell_segmenter.gui.main_window - DEBUG - Updated overlay display
2026-03-05 16:24:38,620 - cell_segmenter.gui.main_window - DEBUG - Updated overlay display
2026-03-05 16:24:38,643 - cell_segmenter.gui.main_window - DEBUG - Updated overlay display
2026-03-05 16:24:38,651 - cell_segmenter.gui.main_window - DEBUG - Updated overlay display
2026-03-05 16:24:38,660 - cell_segmenter.gui.main_window - DEBUG - Updated overlay display
2026-03-05 16:24:38,668 - cell_segmenter.gui.main_window - DEBUG - Updated overlay display
2026-03-05 16:24:38,692 - cell_segmenter.gui.main_window - DEBUG - Updated overlay display
2026-03-05 16:24:38,700 - cell_segmenter.gui.main_window - DEBUG - Updated overlay display
2026-03-05 16:24:38,709 - cell_segmenter.gui.main_window - DEBUG - Updated overlay display
2026-03-05 16:24:38,718 - cell_segmenter.gui.main_window - DEBUG - Updated overlay display
2026-03-05 16:24:38,741 - cell_segmenter.gui.main_window - DEBUG - Updated overlay display
2026-03-05 16:24:38,750 - cell_segmenter.gui.main_window - DEBUG - Updated overlay display
2026-03-05 16:24:38,758 - cell_segmenter.gui.main_window - DEBUG - Updated overlay display
2026-03-05 16:24:38,767 - cell_segmenter.gui.main_window - DEBUG - Updated overlay display
2026-03-05 16:24:38,790 - cell_segmenter.gui.main_window - DEBUG - Updated overlay display
2026-03-05 16:24:38,799 - cell_segmenter.gui.main_window - DEBUG - Updated overlay display
2026-03-05 16:24:38,808 - cell_segmenter.gui.main_window - DEBUG - Updated overlay display
2026-03-05 16:24:38,816 - cell_segmenter.gui.main_window - DEBUG - Updated overlay display
2026-03-05 16:24:38,840 - cell_segmenter.gui.main_window - DEBUG - Updated overlay display
2026-03-05 16:24:38,849 - cell_segmenter.gui.main_window - DEBUG - Updated overlay display
2026-03-05 16:24:38,857 - cell_segmenter.gui.main_window - DEBUG - Updated overlay display
2026-03-05 16:24:38,866 - cell_segmenter.gui.main_window - DEBUG - Updated overlay display
2026-03-05 16:24:38,889 - cell_segmenter.gui.main_window - DEBUG - Updated overlay display
2026-03-05 16:24:38,898 - cell_segmenter.gui.main_window - DEBUG - Updated overlay display
2026-03-05 16:24:38,907 - cell_segmenter.gui.main_window - DEBUG - Updated overlay display
2026-03-05 16:24:38,915 - cell_segmenter.gui.main_window - DEBUG - Updated overlay display
2026-03-05 16:24:38,939 - cell_segmenter.gui.main_window - DEBUG - Updated overlay display
2026-03-05 16:24:38,948 - cell_segmenter.gui.main_window - DEBUG - Updated overlay display
2026-03-05 16:24:38,956 - cell_segmenter.gui.main_window - DEBUG - Updated overlay display
2026-03-05 16:24:38,965 - cell_segmenter.gui.main_window - DEBUG - Updated overlay display
2026-03-05 16:24:38,988 - cell_segmenter.gui.main_window - DEBUG - Updated overlay display
2026-03-05 16:24:38,997 - cell_segmenter.gui.main_window - DEBUG - Updated overlay display
2026-03-05 16:24:39,005 - cell_segmenter.gui.main_window - DEBUG - Updated overlay display
2026-03-05 16:24:39,014 - cell_segmenter.gui.main_window - DEBUG - Updated overlay display
2026-03-05 16:24:39,038 - cell_segmenter.gui.main_window - DEBUG - Updated overlay display
2026-03-05 16:24:39,047 - cell_segmenter.gui.main_window - DEBUG - Updated overlay display
2026-03-05 16:24:39,071 - cell_segmenter.gui.main_window - DEBUG - Updated overlay display
2026-03-05 16:24:39,079 - cell_segmenter.gui.main_window - DEBUG - Updated overlay display
2026-03-05 16:24:39,088 - cell_segmenter.gui.main_window - DEBUG - Updated overlay display
2026-03-05 16:24:39,097 - cell_segmenter.gui.main_window - DEBUG - Updated overlay display
2026-03-05 16:24:39,120 - cell_segmenter.gui.main_window - DEBUG - Updated overlay display
2026-03-05 16:24:39,129 - cell_segmenter.gui.main_window - DEBUG - Updated overlay display
2026-03-05 16:24:39,137 - cell_segmenter.gui.main_window - DEBUG - Updated overlay display
2026-03-05 16:24:39,146 - cell_segmenter.gui.main_window - DEBUG - Updated overlay display
2026-03-05 16:24:39,170 - cell_segmenter.gui.main_window - DEBUG - Updated overlay display
2026-03-05 16:24:39,179 - cell_segmenter.gui.main_window - DEBUG - Updated overlay display
2026-03-05 16:24:39,188 - cell_segmenter.gui.main_window - DEBUG - Updated overlay display
2026-03-05 16:24:39,197 - cell_segmenter.gui.main_window - DEBUG - Updated overlay display
2026-03-05 16:24:39,220 - cell_segmenter.gui.main_window - DEBUG - Updated overlay display
2026-03-05 16:24:39,229 - cell_segmenter.gui.main_window - DEBUG - Updated overlay display
2026-03-05 16:24:39,237 - cell_segmenter.gui.main_window - DEBUG - Updated overlay display
2026-03-05 16:24:39,246 - cell_segmenter.gui.main_window - DEBUG - Updated overlay display
2026-03-05 16:24:39,269 - cell_segmenter.gui.main_window - DEBUG - Updated overlay display
2026-03-05 16:24:39,278 - cell_segmenter.gui.main_window - DEBUG - Updated overlay display
2026-03-05 16:24:39,287 - cell_segmenter.gui.main_window - DEBUG - Updated overlay display
2026-03-05 16:24:39,295 - cell_segmenter.gui.main_window - DEBUG - Updated overlay display
2026-03-05 16:24:39,319 - cell_segmenter.gui.main_window - DEBUG - Updated overlay display
2026-03-05 16:24:39,328 - cell_segmenter.gui.main_window - DEBUG - Updated overlay display
2026-03-05 16:24:39,351 - cell_segmenter.gui.main_window - DEBUG - Updated overlay display
2026-03-05 16:24:39,359 - cell_segmenter.gui.main_window - DEBUG - Updated overlay display
2026-03-05 16:24:39,368 - cell_segmenter.gui.main_window - DEBUG - Updated overlay display
2026-03-05 16:24:39,377 - cell_segmenter.gui.main_window - DEBUG - Updated overlay display
2026-03-05 16:24:39,400 - cell_segmenter.gui.main_window - DEBUG - Updated overlay display
2026-03-05 16:24:39,409 - cell_segmenter.gui.main_window - DEBUG - Updated overlay display
2026-03-05 16:24:39,432 - cell_segmenter.gui.main_window - DEBUG - Updated overlay display
2026-03-05 16:24:39,441 - cell_segmenter.gui.main_window - DEBUG - Updated overlay display
2026-03-05 16:24:39,449 - cell_segmenter.gui.main_window - DEBUG - Updated overlay display
2026-03-05 16:24:39,458 - cell_segmenter.gui.main_window - DEBUG - Updated overlay display
2026-03-05 16:24:39,481 - cell_segmenter.gui.main_window - DEBUG - Updated overlay display
2026-03-05 16:24:39,490 - cell_segmenter.gui.main_window - DEBUG - Updated overlay display
2026-03-05 16:24:39,514 - cell_segmenter.gui.main_window - DEBUG - Updated overlay display
2026-03-05 16:24:39,523 - cell_segmenter.gui.main_window - DEBUG - Updated overlay display
2026-03-05 16:24:39,546 - cell_segmenter.gui.main_window - DEBUG - Updated overlay display
2026-03-05 16:24:39,555 - cell_segmenter.gui.main_window - DEBUG - Updated overlay display
2026-03-05 16:24:39,563 - cell_segmenter.gui.main_window - DEBUG - Updated overlay display
2026-03-05 16:24:39,572 - cell_segmenter.gui.main_window - DEBUG - Updated overlay display
2026-03-05 16:24:39,595 - cell_segmenter.gui.main_window - DEBUG - Updated overlay display
2026-03-05 16:24:39,604 - cell_segmenter.gui.main_window - DEBUG - Updated overlay display
2026-03-05 16:24:39,628 - cell_segmenter.gui.main_window - DEBUG - Updated overlay display
2026-03-05 16:24:39,636 - cell_segmenter.gui.main_window - DEBUG - Updated overlay display
2026-03-05 16:24:39,645 - cell_segmenter.gui.main_window - DEBUG - Updated overlay display
2026-03-05 16:24:39,654 - cell_segmenter.gui.main_window - DEBUG - Updated overlay display
2026-03-05 16:24:39,677 - cell_segmenter.gui.main_window - DEBUG - Updated overlay display
2026-03-05 16:24:39,686 - cell_segmenter.gui.main_window - DEBUG - Updated overlay display
2026-03-05 16:24:39,695 - cell_segmenter.gui.main_window - DEBUG - Updated overlay display
2026-03-05 16:24:39,703 - cell_segmenter.gui.main_window - DEBUG - Updated overlay display
2026-03-05 16:24:39,727 - cell_segmenter.gui.main_window - DEBUG - Updated overlay display
2026-03-05 16:24:39,735 - cell_segmenter.gui.main_window - DEBUG - Updated overlay display
2026-03-05 16:24:39,744 - cell_segmenter.gui.main_window - DEBUG - Updated overlay display
2026-03-05 16:24:39,752 - cell_segmenter.gui.main_window - DEBUG - Updated overlay display
2026-03-05 16:24:39,776 - cell_segmenter.gui.main_window - DEBUG - Updated overlay display
2026-03-05 16:24:39,784 - cell_segmenter.gui.main_window - DEBUG - Updated overlay display
2026-03-05 16:24:39,793 - cell_segmenter.gui.main_window - DEBUG - Updated overlay display
2026-03-05 16:24:39,802 - cell_segmenter.gui.main_window - DEBUG - Updated overlay display
2026-03-05 16:24:39,825 - cell_segmenter.gui.main_window - DEBUG - Updated overlay display
2026-03-05 16:24:39,834 - cell_segmenter.gui.main_window - DEBUG - Updated overlay display
2026-03-05 16:24:39,843 - cell_segmenter.gui.main_window - DEBUG - Updated overlay display
2026-03-05 16:24:39,852 - cell_segmenter.gui.main_window - DEBUG - Updated overlay display
2026-03-05 16:24:39,875 - cell_segmenter.gui.main_window - DEBUG - Updated overlay display
2026-03-05 16:24:39,884 - cell_segmenter.gui.main_window - DEBUG - Updated overlay display
2026-03-05 16:24:39,892 - cell_segmenter.gui.main_window - DEBUG - Updated overlay display
2026-03-05 16:24:39,901 - cell_segmenter.gui.main_window - DEBUG - Updated overlay display
2026-03-05 16:24:39,924 - cell_segmenter.gui.main_window - DEBUG - Updated overlay display
2026-03-05 16:24:39,933 - cell_segmenter.gui.main_window - DEBUG - Updated overlay display
2026-03-05 16:24:39,941 - cell_segmenter.gui.main_window - DEBUG - Updated overlay display
2026-03-05 16:24:39,950 - cell_segmenter.gui.main_window - DEBUG - Updated overlay display
2026-03-05 16:24:39,973 - cell_segmenter.gui.main_window - DEBUG - Updated overlay display
2026-03-05 16:24:39,982 - cell_segmenter.gui.main_window - DEBUG - Updated overlay display
2026-03-05 16:24:39,991 - cell_segmenter.gui.main_window - DEBUG - Updated overlay display
2026-03-05 16:24:40,000 - cell_segmenter.gui.main_window - DEBUG - Updated overlay display
2026-03-05 16:24:40,023 - cell_segmenter.gui.main_window - DEBUG - Updated overlay display
2026-03-05 16:24:40,032 - cell_segmenter.gui.main_window - DEBUG - Updated overlay display
2026-03-05 16:24:40,041 - cell_segmenter.gui.main_window - DEBUG - Updated overlay display
2026-03-05 16:24:40,050 - cell_segmenter.gui.main_window - DEBUG - Updated overlay display
2026-03-05 16:24:40,073 - cell_segmenter.gui.main_window - DEBUG - Updated overlay display
2026-03-05 16:24:40,082 - cell_segmenter.gui.main_window - DEBUG - Updated overlay display
2026-03-05 16:24:40,105 - cell_segmenter.gui.main_window - DEBUG - Updated overlay display
2026-03-05 16:24:40,114 - cell_segmenter.gui.main_window - DEBUG - Updated overlay display
2026-03-05 16:24:40,138 - cell_segmenter.gui.main_window - DEBUG - Updated overlay display
2026-03-05 16:24:40,146 - cell_segmenter.gui.main_window - DEBUG - Updated overlay display
2026-03-05 16:24:40,155 - cell_segmenter.gui.main_window - DEBUG - Updated overlay display
2026-03-05 16:24:40,164 - cell_segmenter.gui.main_window - DEBUG - Updated overlay display
2026-03-05 16:24:40,187 - cell_segmenter.gui.main_window - DEBUG - Updated overlay display
2026-03-05 16:24:40,196 - cell_segmenter.gui.main_window - DEBUG - Updated overlay display
2026-03-05 16:24:40,237 - cell_segmenter.gui.main_window - DEBUG - Updated overlay display
2026-03-05 16:24:40,246 - cell_segmenter.gui.main_window - DEBUG - Updated overlay display
2026-03-05 16:24:40,269 - cell_segmenter.gui.main_window - DEBUG - Updated overlay display
2026-03-05 16:24:40,278 - cell_segmenter.gui.main_window - DEBUG - Updated overlay display
2026-03-05 16:24:40,301 - cell_segmenter.gui.main_window - DEBUG - Updated overlay display
2026-03-05 16:24:40,310 - cell_segmenter.gui.main_window - DEBUG - Updated overlay display
2026-03-05 16:24:40,334 - cell_segmenter.gui.main_window - DEBUG - Updated overlay display
2026-03-05 16:24:40,343 - cell_segmenter.gui.main_window - DEBUG - Updated overlay display
2026-03-05 16:24:40,366 - cell_segmenter.gui.main_window - DEBUG - Updated overlay display
2026-03-05 16:24:40,375 - cell_segmenter.gui.main_window - DEBUG - Updated overlay display
2026-03-05 16:24:40,399 - cell_segmenter.gui.main_window - DEBUG - Updated overlay display
2026-03-05 16:24:40,407 - cell_segmenter.gui.main_window - DEBUG - Updated overlay display
2026-03-05 16:24:40,431 - cell_segmenter.gui.main_window - DEBUG - Updated overlay display
2026-03-05 16:24:40,440 - cell_segmenter.gui.main_window - DEBUG - Updated overlay display
2026-03-05 16:24:40,464 - cell_segmenter.gui.main_window - DEBUG - Updated overlay display
2026-03-05 16:24:40,473 - cell_segmenter.gui.main_window - DEBUG - Updated overlay display
2026-03-05 16:24:40,497 - cell_segmenter.gui.main_window - DEBUG - Updated overlay display
2026-03-05 16:24:40,506 - cell_segmenter.gui.main_window - DEBUG - Updated overlay display
2026-03-05 16:24:40,515 - cell_segmenter.gui.main_window - DEBUG - Updated overlay display
2026-03-05 16:24:40,523 - cell_segmenter.gui.main_window - DEBUG - Updated overlay display
2026-03-05 16:24:40,547 - cell_segmenter.gui.main_window - DEBUG - Updated overlay display
2026-03-05 16:24:40,556 - cell_segmenter.gui.main_window - DEBUG - Updated overlay display
2026-03-05 16:24:40,564 - cell_segmenter.gui.main_window - DEBUG - Updated overlay display
2026-03-05 16:24:40,573 - cell_segmenter.gui.main_window - DEBUG - Updated overlay display
2026-03-05 16:24:40,597 - cell_segmenter.gui.main_window - DEBUG - Updated overlay display
2026-03-05 16:24:40,606 - cell_segmenter.gui.main_window - DEBUG - Updated overlay display
2026-03-05 16:24:40,615 - cell_segmenter.gui.main_window - DEBUG - Updated overlay display
2026-03-05 16:24:40,623 - cell_segmenter.gui.main_window - DEBUG - Updated overlay display
2026-03-05 16:24:40,647 - cell_segmenter.gui.main_window - DEBUG - Updated overlay display
2026-03-05 16:24:40,656 - cell_segmenter.gui.main_window - DEBUG - Updated overlay display
2026-03-05 16:24:40,664 - cell_segmenter.gui.main_window - DEBUG - Updated overlay display
2026-03-05 16:24:40,673 - cell_segmenter.gui.main_window - DEBUG - Updated overlay display
2026-03-05 16:24:40,697 - cell_segmenter.gui.main_window - DEBUG - Updated overlay display
2026-03-05 16:24:40,705 - cell_segmenter.gui.main_window - DEBUG - Updated overlay display
2026-03-05 16:24:40,714 - cell_segmenter.gui.main_window - DEBUG - Updated overlay display
2026-03-05 16:24:40,723 - cell_segmenter.gui.main_window - DEBUG - Updated overlay display
2026-03-05 16:24:40,746 - cell_segmenter.gui.main_window - DEBUG - Updated overlay display
2026-03-05 16:24:40,755 - cell_segmenter.gui.main_window - DEBUG - Updated overlay display
2026-03-05 16:24:40,764 - cell_segmenter.gui.main_window - DEBUG - Updated overlay display
2026-03-05 16:24:40,773 - cell_segmenter.gui.main_window - DEBUG - Updated overlay display
2026-03-05 16:24:40,796 - cell_segmenter.gui.main_window - DEBUG - Updated overlay display
2026-03-05 16:24:40,805 - cell_segmenter.gui.main_window - DEBUG - Updated overlay display
2026-03-05 16:24:40,814 - cell_segmenter.gui.main_window - DEBUG - Updated overlay display
2026-03-05 16:24:40,822 - cell_segmenter.gui.main_window - DEBUG - Updated overlay display
2026-03-05 16:24:40,846 - cell_segmenter.gui.main_window - DEBUG - Updated overlay display
2026-03-05 16:24:40,855 - cell_segmenter.gui.main_window - DEBUG - Updated overlay display
2026-03-05 16:24:40,864 - cell_segmenter.gui.main_window - DEBUG - Updated overlay display
2026-03-05 16:24:40,873 - cell_segmenter.gui.main_window - DEBUG - Updated overlay display
2026-03-05 16:24:40,896 - cell_segmenter.gui.main_window - DEBUG - Updated overlay display
2026-03-05 16:24:40,905 - cell_segmenter.gui.main_window - DEBUG - Updated overlay display
2026-03-05 16:24:40,914 - cell_segmenter.gui.main_window - DEBUG - Updated overlay display
2026-03-05 16:24:40,923 - cell_segmenter.gui.main_window - DEBUG - Updated overlay display
2026-03-05 16:24:40,946 - cell_segmenter.gui.main_window - DEBUG - Updated overlay display
2026-03-05 16:24:40,955 - cell_segmenter.gui.main_window - DEBUG - Updated overlay display
2026-03-05 16:24:40,963 - cell_segmenter.gui.main_window - DEBUG - Updated overlay display
2026-03-05 16:24:40,972 - cell_segmenter.gui.main_window - DEBUG - Updated overlay display
2026-03-05 16:24:40,995 - cell_segmenter.gui.main_window - DEBUG - Updated overlay display
2026-03-05 16:24:41,004 - cell_segmenter.gui.main_window - DEBUG - Updated overlay display
2026-03-05 16:24:41,013 - cell_segmenter.gui.main_window - DEBUG - Updated overlay display
2026-03-05 16:24:41,022 - cell_segmenter.gui.main_window - DEBUG - Updated overlay display
2026-03-05 16:24:41,045 - cell_segmenter.gui.main_window - DEBUG - Updated overlay display
2026-03-05 16:24:41,054 - cell_segmenter.gui.main_window - DEBUG - Updated overlay display
2026-03-05 16:24:41,063 - cell_segmenter.gui.main_window - DEBUG - Updated overlay display
2026-03-05 16:24:41,072 - cell_segmenter.gui.main_window - DEBUG - Updated overlay display
2026-03-05 16:24:41,096 - cell_segmenter.gui.main_window - DEBUG - Updated overlay display
2026-03-05 16:24:41,105 - cell_segmenter.gui.main_window - DEBUG - Updated overlay display
2026-03-05 16:24:41,114 - cell_segmenter.gui.main_window - DEBUG - Updated overlay display
2026-03-05 16:24:41,123 - cell_segmenter.gui.main_window - DEBUG - Updated overlay display
2026-03-05 16:24:41,147 - cell_segmenter.gui.main_window - DEBUG - Updated overlay display
2026-03-05 16:24:41,155 - cell_segmenter.gui.main_window - DEBUG - Updated overlay display
2026-03-05 16:24:41,164 - cell_segmenter.gui.main_window - DEBUG - Updated overlay display
2026-03-05 16:24:41,173 - cell_segmenter.gui.main_window - DEBUG - Updated overlay display
2026-03-05 16:24:41,196 - cell_segmenter.gui.main_window - DEBUG - Updated overlay display
2026-03-05 16:24:41,205 - cell_segmenter.gui.main_window - DEBUG - Updated overlay display
2026-03-05 16:24:41,214 - cell_segmenter.gui.main_window - DEBUG - Updated overlay display
2026-03-05 16:24:41,223 - cell_segmenter.gui.main_window - DEBUG - Updated overlay display
2026-03-05 16:24:41,246 - cell_segmenter.gui.main_window - DEBUG - Updated overlay display
2026-03-05 16:24:41,255 - cell_segmenter.gui.main_window - DEBUG - Updated overlay display
2026-03-05 16:24:41,264 - cell_segmenter.gui.main_window - DEBUG - Updated overlay display
2026-03-05 16:24:41,272 - cell_segmenter.gui.main_window - DEBUG - Updated overlay display
2026-03-05 16:24:41,296 - cell_segmenter.gui.main_window - DEBUG - Updated overlay display
2026-03-05 16:24:41,305 - cell_segmenter.gui.main_window - DEBUG - Updated overlay display
2026-03-05 16:24:41,314 - cell_segmenter.gui.main_window - DEBUG - Updated overlay display
2026-03-05 16:24:41,323 - cell_segmenter.gui.main_window - DEBUG - Updated overlay display
2026-03-05 16:24:41,346 - cell_segmenter.gui.main_window - DEBUG - Updated overlay display
2026-03-05 16:24:41,355 - cell_segmenter.gui.main_window - DEBUG - Updated overlay display
2026-03-05 16:24:41,364 - cell_segmenter.gui.main_window - DEBUG - Updated overlay display
2026-03-05 16:24:41,373 - cell_segmenter.gui.main_window - DEBUG - Updated overlay display
2026-03-05 16:24:41,397 - cell_segmenter.gui.main_window - DEBUG - Updated overlay display
2026-03-05 16:24:41,406 - cell_segmenter.gui.main_window - DEBUG - Updated overlay display
2026-03-05 16:24:41,414 - cell_segmenter.gui.main_window - DEBUG - Updated overlay display
2026-03-05 16:24:41,423 - cell_segmenter.gui.main_window - DEBUG - Updated overlay display
2026-03-05 16:24:41,447 - cell_segmenter.gui.main_window - DEBUG - Updated overlay display
2026-03-05 16:24:41,456 - cell_segmenter.gui.main_window - DEBUG - Updated overlay display
2026-03-05 16:24:41,465 - cell_segmenter.gui.main_window - DEBUG - Updated overlay display
2026-03-05 16:24:41,474 - cell_segmenter.gui.main_window - DEBUG - Updated overlay display
2026-03-05 16:24:41,498 - cell_segmenter.gui.main_window - DEBUG - Updated overlay display
2026-03-05 16:24:41,507 - cell_segmenter.gui.main_window - DEBUG - Updated overlay display
2026-03-05 16:24:41,516 - cell_segmenter.gui.main_window - DEBUG - Updated overlay display
2026-03-05 16:24:41,525 - cell_segmenter.gui.main_window - DEBUG - Updated overlay display
2026-03-05 16:24:41,549 - cell_segmenter.gui.main_window - DEBUG - Updated overlay display
2026-03-05 16:24:41,558 - cell_segmenter.gui.main_window - DEBUG - Updated overlay display
2026-03-05 16:24:41,567 - cell_segmenter.gui.main_window - DEBUG - Updated overlay display
2026-03-05 16:24:41,575 - cell_segmenter.gui.main_window - DEBUG - Updated overlay display
2026-03-05 16:24:41,599 - cell_segmenter.gui.main_window - DEBUG - Updated overlay display
2026-03-05 16:24:41,608 - cell_segmenter.gui.main_window - DEBUG - Updated overlay display
2026-03-05 16:24:41,616 - cell_segmenter.gui.main_window - DEBUG - Updated overlay display
2026-03-05 16:24:41,625 - cell_segmenter.gui.main_window - DEBUG - Updated overlay display
2026-03-05 16:24:41,649 - cell_segmenter.gui.main_window - DEBUG - Updated overlay display
2026-03-05 16:24:41,657 - cell_segmenter.gui.main_window - DEBUG - Updated overlay display
2026-03-05 16:24:41,666 - cell_segmenter.gui.main_window - DEBUG - Updated overlay display
2026-03-05 16:24:41,675 - cell_segmenter.gui.main_window - DEBUG - Updated overlay display
2026-03-05 16:24:41,699 - cell_segmenter.gui.main_window - DEBUG - Updated overlay display
2026-03-05 16:24:41,708 - cell_segmenter.gui.main_window - DEBUG - Updated overlay display
2026-03-05 16:24:41,717 - cell_segmenter.gui.main_window - DEBUG - Updated overlay display
2026-03-05 16:24:41,726 - cell_segmenter.gui.main_window - DEBUG - Updated overlay display
2026-03-05 16:24:41,750 - cell_segmenter.gui.main_window - DEBUG - Updated overlay display
2026-03-05 16:24:41,759 - cell_segmenter.gui.main_window - DEBUG - Updated overlay display
2026-03-05 16:24:41,768 - cell_segmenter.gui.main_window - DEBUG - Updated overlay display
2026-03-05 16:24:41,777 - cell_segmenter.gui.main_window - DEBUG - Updated overlay display
2026-03-05 16:24:41,800 - cell_segmenter.gui.main_window - DEBUG - Updated overlay display
2026-03-05 16:24:41,809 - cell_segmenter.gui.main_window - DEBUG - Updated overlay display
2026-03-05 16:24:41,818 - cell_segmenter.gui.main_window - DEBUG - Updated overlay display
2026-03-05 16:24:41,827 - cell_segmenter.gui.main_window - DEBUG - Updated overlay display
2026-03-05 16:24:41,850 - cell_segmenter.gui.main_window - DEBUG - Updated overlay display
2026-03-05 16:24:41,859 - cell_segmenter.gui.main_window - DEBUG - Updated overlay display
2026-03-05 16:24:41,868 - cell_segmenter.gui.main_window - DEBUG - Updated overlay display
2026-03-05 16:24:41,877 - cell_segmenter.gui.main_window - DEBUG - Updated overlay display
2026-03-05 16:24:41,901 - cell_segmenter.gui.main_window - DEBUG - Updated overlay display
2026-03-05 16:24:41,909 - cell_segmenter.gui.main_window - DEBUG - Updated overlay display
2026-03-05 16:24:41,918 - cell_segmenter.gui.main_window - DEBUG - Updated overlay display
2026-03-05 16:24:41,927 - cell_segmenter.gui.main_window - DEBUG - Updated overlay display
2026-03-05 16:24:41,951 - cell_segmenter.gui.main_window - DEBUG - Updated overlay display
2026-03-05 16:24:41,960 - cell_segmenter.gui.main_window - DEBUG - Updated overlay display
2026-03-05 16:24:41,969 - cell_segmenter.gui.main_window - DEBUG - Updated overlay display
2026-03-05 16:24:41,978 - cell_segmenter.gui.main_window - DEBUG - Updated overlay display
2026-03-05 16:24:42,001 - cell_segmenter.gui.main_window - DEBUG - Updated overlay display
2026-03-05 16:24:42,010 - cell_segmenter.gui.main_window - DEBUG - Updated overlay display
2026-03-05 16:24:42,019 - cell_segmenter.gui.main_window - DEBUG - Updated overlay display
2026-03-05 16:24:42,028 - cell_segmenter.gui.main_window - DEBUG - Updated overlay display
2026-03-05 16:24:42,052 - cell_segmenter.gui.main_window - DEBUG - Updated overlay display
2026-03-05 16:24:42,061 - cell_segmenter.gui.main_window - DEBUG - Updated overlay display
2026-03-05 16:24:42,070 - cell_segmenter.gui.main_window - DEBUG - Updated overlay display
2026-03-05 16:24:42,079 - cell_segmenter.gui.main_window - DEBUG - Updated overlay display
2026-03-05 16:24:42,103 - cell_segmenter.gui.main_window - DEBUG - Updated overlay display
2026-03-05 16:24:42,111 - cell_segmenter.gui.main_window - DEBUG - Updated overlay display
2026-03-05 16:24:42,120 - cell_segmenter.gui.main_window - DEBUG - Updated overlay display
2026-03-05 16:24:42,129 - cell_segmenter.gui.main_window - DEBUG - Updated overlay display
2026-03-05 16:24:42,153 - cell_segmenter.gui.main_window - DEBUG - Updated overlay display
2026-03-05 16:24:42,162 - cell_segmenter.gui.main_window - DEBUG - Updated overlay display
2026-03-05 16:24:42,171 - cell_segmenter.gui.main_window - DEBUG - Updated overlay display
2026-03-05 16:24:42,180 - cell_segmenter.gui.main_window - DEBUG - Updated overlay display
2026-03-05 16:24:42,204 - cell_segmenter.gui.main_window - DEBUG - Updated overlay display
2026-03-05 16:24:42,213 - cell_segmenter.gui.main_window - DEBUG - Updated overlay display
2026-03-05 16:24:42,222 - cell_segmenter.gui.main_window - DEBUG - Updated overlay display
2026-03-05 16:24:42,231 - cell_segmenter.gui.main_window - DEBUG - Updated overlay display
2026-03-05 16:24:42,254 - cell_segmenter.gui.main_window - DEBUG - Updated overlay display
2026-03-05 16:24:42,264 - cell_segmenter.gui.main_window - DEBUG - Updated overlay display
2026-03-05 16:24:42,272 - cell_segmenter.gui.main_window - DEBUG - Updated overlay display
2026-03-05 16:24:42,281 - cell_segmenter.gui.main_window - DEBUG - Updated overlay display
2026-03-05 16:24:42,305 - cell_segmenter.gui.main_window - DEBUG - Updated overlay display
2026-03-05 16:24:42,314 - cell_segmenter.gui.main_window - DEBUG - Updated overlay display
2026-03-05 16:24:42,323 - cell_segmenter.gui.main_window - DEBUG - Updated overlay display
2026-03-05 16:24:42,332 - cell_segmenter.gui.main_window - DEBUG - Updated overlay display
2026-03-05 16:24:42,356 - cell_segmenter.gui.main_window - DEBUG - Updated overlay display
2026-03-05 16:24:42,365 - cell_segmenter.gui.main_window - DEBUG - Updated overlay display
2026-03-05 16:24:42,373 - cell_segmenter.gui.main_window - DEBUG - Updated overlay display
2026-03-05 16:24:42,382 - cell_segmenter.gui.main_window - DEBUG - Updated overlay display
2026-03-05 16:24:42,406 - cell_segmenter.gui.main_window - DEBUG - Updated overlay display
2026-03-05 16:24:42,415 - cell_segmenter.gui.main_window - DEBUG - Updated overlay display
2026-03-05 16:24:42,424 - cell_segmenter.gui.main_window - DEBUG - Updated overlay display
2026-03-05 16:24:42,432 - cell_segmenter.gui.main_window - DEBUG - Updated overlay display
2026-03-05 16:24:42,456 - cell_segmenter.gui.main_window - DEBUG - Updated overlay display
2026-03-05 16:24:42,465 - cell_segmenter.gui.main_window - DEBUG - Updated overlay display
2026-03-05 16:24:42,474 - cell_segmenter.gui.main_window - DEBUG - Updated overlay display
2026-03-05 16:24:42,483 - cell_segmenter.gui.main_window - DEBUG - Updated overlay display
2026-03-05 16:24:42,507 - cell_segmenter.gui.main_window - DEBUG - Updated overlay display
2026-03-05 16:24:42,516 - cell_segmenter.gui.main_window - DEBUG - Updated overlay display
2026-03-05 16:24:42,525 - cell_segmenter.gui.main_window - DEBUG - Updated overlay display
2026-03-05 16:24:42,534 - cell_segmenter.gui.main_window - DEBUG - Updated overlay display
2026-03-05 16:24:42,557 - cell_segmenter.gui.main_window - DEBUG - Updated overlay display
2026-03-05 16:24:42,567 - cell_segmenter.gui.main_window - DEBUG - Updated overlay display
2026-03-05 16:24:42,576 - cell_segmenter.gui.main_window - DEBUG - Updated overlay display
2026-03-05 16:24:42,585 - cell_segmenter.gui.main_window - DEBUG - Updated overlay display
2026-03-05 16:24:42,608 - cell_segmenter.gui.main_window - DEBUG - Updated overlay display
2026-03-05 16:24:42,617 - cell_segmenter.gui.main_window - DEBUG - Updated overlay display
2026-03-05 16:24:42,626 - cell_segmenter.gui.main_window - DEBUG - Updated overlay display
2026-03-05 16:24:42,635 - cell_segmenter.gui.main_window - DEBUG - Updated overlay display
2026-03-05 16:24:42,658 - cell_segmenter.gui.main_window - DEBUG - Updated overlay display
2026-03-05 16:24:42,668 - cell_segmenter.gui.main_window - DEBUG - Updated overlay display
2026-03-05 16:24:42,677 - cell_segmenter.gui.main_window - DEBUG - Updated overlay display
2026-03-05 16:24:42,685 - cell_segmenter.gui.main_window - DEBUG - Updated overlay display
2026-03-05 16:24:42,709 - cell_segmenter.gui.main_window - DEBUG - Updated overlay display
2026-03-05 16:24:42,718 - cell_segmenter.gui.main_window - DEBUG - Updated overlay display
2026-03-05 16:24:42,810 - cell_segmenter.gui.main_window - DEBUG - Updated overlay display
2026-03-05 16:24:42,821 - cell_segmenter.gui.main_window - DEBUG - Updated overlay display
2026-03-05 16:24:42,846 - cell_segmenter.gui.main_window - DEBUG - Updated overlay display
2026-03-05 16:24:42,855 - cell_segmenter.gui.main_window - DEBUG - Updated overlay display
2026-03-05 16:24:47,476 - cell_segmenter.gui.training_panel - DEBUG - Found main window: <cell_segmenter.gui.main_window.MainWindow object at 0x1481fc820>
2026-03-05 16:24:47,477 - cell_segmenter.gui.training_panel - DEBUG - Main window type: <class 'cell_segmenter.gui.main_window.MainWindow'>
2026-03-05 16:24:47,478 - cell_segmenter.gui.training_panel - WARNING - Feature viewer is None
2026-03-05 16:24:57,009 - cell_segmenter.models.features - DEBUG - Initialized enhanced feature extractor
2026-03-05 16:24:57,009 - cell_segmenter.models.base - DEBUG - Initialized RandomForestModel
2026-03-05 16:24:57,010 - cell_segmenter.models.random_forest - DEBUG - Initialized RandomForestModel with 100 trees
2026-03-05 16:24:57,010 - cell_segmenter.gui.main_window - DEBUG - Selected model: Random Forest
2026-03-05 16:25:00,120 - cell_segmenter.gui.training_panel - DEBUG - Found main window: <cell_segmenter.gui.main_window.MainWindow object at 0x1481fc820>
2026-03-05 16:25:00,121 - cell_segmenter.gui.training_panel - DEBUG - Main window type: <class 'cell_segmenter.gui.main_window.MainWindow'>
2026-03-05 16:25:00,121 - cell_segmenter.gui.training_panel - WARNING - Feature viewer is None
2026-03-05 16:25:07,729 - cell_segmenter.gui.main_window - DEBUG - Current feature viewer state: True
2026-03-05 16:25:07,729 - cell_segmenter.gui.main_window - DEBUG - Existing viewer: None
2026-03-05 16:25:07,729 - cell_segmenter.gui.main_window - DEBUG - Creating new feature viewer
2026-03-05 16:25:07,729 - cell_segmenter.models.features - DEBUG - Initialized enhanced feature extractor
2026-03-05 16:25:07,740 - cell_segmenter.gui.feature_viewer - DEBUG - Updating features
2026-03-05 16:25:07,740 - cell_segmenter.models.features - DEBUG - Starting feature extraction
2026-03-05 16:25:07,742 - cell_segmenter.models.features - DEBUG - Added basic intensity feature
2026-03-05 16:25:08,324 - cell_segmenter.models.features - DEBUG - Added Gaussian features
2026-03-05 16:25:08,376 - cell_segmenter.models.features - DEBUG - Added edge features
2026-03-05 16:25:08,416 - cell_segmenter.models.features - DEBUG - Added LBP features
2026-03-05 16:25:08,556 - cell_segmenter.models.features - DEBUG - Added Hessian features
2026-03-05 16:25:20,353 - cell_segmenter.models.features - DEBUG - Added Gabor features
2026-03-05 16:25:23,771 - cell_segmenter.models.features - DEBUG - Added additional features
2026-03-05 16:25:23,802 - cell_segmenter.models.features - DEBUG - Completed feature extraction. Shape: (36, 1024, 1024)
2026-03-05 16:25:23,811 - cell_segmenter.gui.feature_viewer - DEBUG - Generated 42 titles for 36 features
2026-03-05 16:25:23,836 - cell_segmenter.gui.feature_viewer - DEBUG - Generated 42 titles for 36 features
2026-03-05 16:25:23,859 - cell_segmenter.gui.feature_viewer - DEBUG - Generated 42 titles for 36 features
2026-03-05 16:25:23,884 - cell_segmenter.gui.feature_viewer - DEBUG - Generated 42 titles for 36 features
2026-03-05 16:25:23,908 - cell_segmenter.gui.feature_viewer - DEBUG - Generated 42 titles for 36 features
2026-03-05 16:25:23,933 - cell_segmenter.gui.feature_viewer - DEBUG - Generated 42 titles for 36 features
2026-03-05 16:25:23,958 - cell_segmenter.gui.feature_viewer - DEBUG - Generated 42 titles for 36 features
2026-03-05 16:25:23,983 - cell_segmenter.gui.feature_viewer - DEBUG - Generated 42 titles for 36 features
2026-03-05 16:25:24,008 - cell_segmenter.gui.feature_viewer - DEBUG - Generated 42 titles for 36 features
2026-03-05 16:25:24,040 - cell_segmenter.gui.feature_viewer - DEBUG - Generated 42 titles for 36 features
2026-03-05 16:25:24,069 - cell_segmenter.gui.feature_viewer - DEBUG - Generated 42 titles for 36 features
2026-03-05 16:25:24,096 - cell_segmenter.gui.feature_viewer - DEBUG - Generated 42 titles for 36 features
2026-03-05 16:25:24,124 - cell_segmenter.gui.feature_viewer - DEBUG - Generated 42 titles for 36 features
2026-03-05 16:25:24,152 - cell_segmenter.gui.feature_viewer - DEBUG - Generated 42 titles for 36 features
2026-03-05 16:25:24,181 - cell_segmenter.gui.feature_viewer - DEBUG - Generated 42 titles for 36 features
2026-03-05 16:25:24,210 - cell_segmenter.gui.feature_viewer - DEBUG - Generated 42 titles for 36 features
2026-03-05 16:25:24,238 - cell_segmenter.gui.feature_viewer - DEBUG - Generated 42 titles for 36 features
2026-03-05 16:25:24,269 - cell_segmenter.gui.feature_viewer - DEBUG - Generated 42 titles for 36 features
2026-03-05 16:25:24,300 - cell_segmenter.gui.feature_viewer - DEBUG - Generated 42 titles for 36 features
2026-03-05 16:25:24,331 - cell_segmenter.gui.feature_viewer - DEBUG - Generated 42 titles for 36 features
2026-03-05 16:25:24,361 - cell_segmenter.gui.feature_viewer - DEBUG - Generated 42 titles for 36 features
2026-03-05 16:25:24,391 - cell_segmenter.gui.feature_viewer - DEBUG - Generated 42 titles for 36 features
2026-03-05 16:25:24,422 - cell_segmenter.gui.feature_viewer - DEBUG - Generated 42 titles for 36 features
2026-03-05 16:25:24,452 - cell_segmenter.gui.feature_viewer - DEBUG - Generated 42 titles for 36 features
2026-03-05 16:25:24,483 - cell_segmenter.gui.feature_viewer - DEBUG - Generated 42 titles for 36 features
2026-03-05 16:25:24,516 - cell_segmenter.gui.feature_viewer - DEBUG - Generated 42 titles for 36 features
2026-03-05 16:25:24,548 - cell_segmenter.gui.feature_viewer - DEBUG - Generated 42 titles for 36 features
2026-03-05 16:25:24,579 - cell_segmenter.gui.feature_viewer - DEBUG - Generated 42 titles for 36 features
2026-03-05 16:25:24,612 - cell_segmenter.gui.feature_viewer - DEBUG - Generated 42 titles for 36 features
2026-03-05 16:25:24,644 - cell_segmenter.gui.feature_viewer - DEBUG - Generated 42 titles for 36 features
2026-03-05 16:25:24,677 - cell_segmenter.gui.feature_viewer - DEBUG - Generated 42 titles for 36 features
2026-03-05 16:25:24,709 - cell_segmenter.gui.feature_viewer - DEBUG - Generated 42 titles for 36 features
2026-03-05 16:25:24,744 - cell_segmenter.gui.feature_viewer - DEBUG - Generated 42 titles for 36 features
2026-03-05 16:25:24,779 - cell_segmenter.gui.feature_viewer - DEBUG - Generated 42 titles for 36 features
2026-03-05 16:25:24,815 - cell_segmenter.gui.feature_viewer - DEBUG - Generated 42 titles for 36 features
2026-03-05 16:25:24,853 - cell_segmenter.gui.feature_viewer - DEBUG - Generated 42 titles for 36 features
2026-03-05 16:25:24,892 - cell_segmenter.gui.feature_viewer - DEBUG - Generated 42 titles for 36 features
2026-03-05 16:25:24,896 - cell_segmenter.gui.feature_viewer - DEBUG - Generated 42 titles for 36 features
2026-03-05 16:25:24,899 - cell_segmenter.gui.feature_viewer - DEBUG - Generated 42 titles for 36 features
2026-03-05 16:25:24,902 - cell_segmenter.gui.feature_viewer - DEBUG - Generated 42 titles for 36 features
2026-03-05 16:25:24,904 - cell_segmenter.gui.feature_viewer - DEBUG - Generated 42 titles for 36 features
2026-03-05 16:25:24,907 - cell_segmenter.gui.feature_viewer - DEBUG - Generated 42 titles for 36 features
2026-03-05 16:25:24,910 - cell_segmenter.gui.feature_viewer - DEBUG - Generated 42 titles for 36 features
2026-03-05 16:25:24,912 - cell_segmenter.gui.feature_viewer - DEBUG - Generated 42 titles for 36 features
2026-03-05 16:25:24,915 - cell_segmenter.gui.feature_viewer - DEBUG - Generated 42 titles for 36 features
2026-03-05 16:25:24,917 - cell_segmenter.gui.feature_viewer - DEBUG - Generated 42 titles for 36 features
2026-03-05 16:25:24,920 - cell_segmenter.gui.feature_viewer - DEBUG - Generated 42 titles for 36 features
2026-03-05 16:25:24,923 - cell_segmenter.gui.feature_viewer - DEBUG - Generated 42 titles for 36 features
2026-03-05 16:25:24,926 - cell_segmenter.gui.feature_viewer - DEBUG - Generated 42 titles for 36 features
2026-03-05 16:25:24,928 - cell_segmenter.gui.feature_viewer - DEBUG - Generated 42 titles for 36 features
2026-03-05 16:25:24,930 - cell_segmenter.gui.feature_viewer - DEBUG - Generated 42 titles for 36 features
2026-03-05 16:25:24,932 - cell_segmenter.gui.feature_viewer - DEBUG - Generated 42 titles for 36 features
2026-03-05 16:25:24,935 - cell_segmenter.gui.feature_viewer - DEBUG - Generated 42 titles for 36 features
2026-03-05 16:25:24,937 - cell_segmenter.gui.feature_viewer - DEBUG - Generated 42 titles for 36 features
2026-03-05 16:25:24,939 - cell_segmenter.gui.feature_viewer - DEBUG - Generated 42 titles for 36 features
2026-03-05 16:25:24,941 - cell_segmenter.gui.feature_viewer - DEBUG - Generated 42 titles for 36 features
2026-03-05 16:25:24,943 - cell_segmenter.gui.feature_viewer - DEBUG - Generated 42 titles for 36 features
2026-03-05 16:25:24,945 - cell_segmenter.gui.feature_viewer - DEBUG - Generated 42 titles for 36 features
2026-03-05 16:25:24,948 - cell_segmenter.gui.feature_viewer - DEBUG - Generated 42 titles for 36 features
2026-03-05 16:25:24,951 - cell_segmenter.gui.feature_viewer - DEBUG - Generated 42 titles for 36 features
2026-03-05 16:25:24,953 - cell_segmenter.gui.feature_viewer - DEBUG - Generated 42 titles for 36 features
2026-03-05 16:25:24,956 - cell_segmenter.gui.feature_viewer - DEBUG - Generated 42 titles for 36 features
2026-03-05 16:25:24,958 - cell_segmenter.gui.feature_viewer - DEBUG - Generated 42 titles for 36 features
2026-03-05 16:25:24,960 - cell_segmenter.gui.feature_viewer - DEBUG - Generated 42 titles for 36 features
2026-03-05 16:25:24,963 - cell_segmenter.gui.feature_viewer - DEBUG - Generated 42 titles for 36 features
2026-03-05 16:25:24,965 - cell_segmenter.gui.feature_viewer - DEBUG - Generated 42 titles for 36 features
2026-03-05 16:25:24,968 - cell_segmenter.gui.feature_viewer - DEBUG - Generated 42 titles for 36 features
2026-03-05 16:25:24,971 - cell_segmenter.gui.feature_viewer - DEBUG - Generated 42 titles for 36 features
2026-03-05 16:25:24,974 - cell_segmenter.gui.feature_viewer - DEBUG - Generated 42 titles for 36 features
2026-03-05 16:25:24,976 - cell_segmenter.gui.feature_viewer - DEBUG - Generated 42 titles for 36 features
2026-03-05 16:25:24,979 - cell_segmenter.gui.feature_viewer - DEBUG - Generated 42 titles for 36 features
2026-03-05 16:25:24,981 - cell_segmenter.gui.feature_viewer - DEBUG - Generated 42 titles for 36 features
2026-03-05 16:25:24,981 - cell_segmenter.gui.main_window - DEBUG - New viewer created: <cell_segmenter.gui.feature_viewer.FeatureVisualizerDialog object at 0x168381d80>
2026-03-05 16:25:24,981 - cell_segmenter.gui.main_window - DEBUG - Viewer title: Feature Visualization
2026-03-05 16:25:24,982 - cell_segmenter.gui.main_window - DEBUG - Viewer attributes: ['DialogCode', 'PaintDeviceMetric', 'RenderFlag', '__class__', '__delattr__', '__dict__', '__dir__', '__doc__', '__eq__', '__format__', '__ge__', '__getattr__', '__getattribute__', '__getstate__', '__gt__', '__hash__', '__init__', '__init_subclass__', '__le__', '__lt__', '__module__', '__ne__', '__new__', '__reduce__', '__reduce_ex__', '__repr__', '__setattr__', '__sizeof__', '__str__', '__subclasshook__', '__weakref__', 'accept', 'acceptDrops', 'accepted', 'accessibleDescription', 'accessibleName', 'actionEvent', 'actions', 'activateWindow', 'addAction', 'addActions', 'adjustSize', 'autoFillBackground', 'backgroundRole', 'baseSize', 'blockSignals', 'changeEvent', 'childAt', 'childEvent', 'children', 'childrenRect', 'childrenRegion', 'clearFocus', 'clearMask', 'close', 'closeEvent', 'colorCount', 'connectNotify', 'contentsMargins', 'contentsRect', 'contextMenuEvent', 'contextMenuPolicy', 'create', 'createWindowContainer', 'create_features_tab', 'create_parameters_tab', 'create_statistics_tab', 'current_features', 'cursor', 'customContextMenuRequested', 'customEvent', 'deleteLater', 'depth', 'destroy', 'destroyed', 'devType', 'devicePixelRatio', 'devicePixelRatioF', 'devicePixelRatioFScale', 'disconnect', 'disconnectNotify', 'display_layout', 'done', 'dragEnterEvent', 'dragLeaveEvent', 'dragMoveEvent', 'dropEvent', 'dumpObjectInfo', 'dumpObjectTree', 'dynamicPropertyNames', 'effectiveWinId', 'ensurePolished', 'enterEvent', 'event', 'eventFilter', 'exec', 'feature_checkboxes', 'feature_extractor', 'feature_stats', 'find', 'findChild', 'findChildren', 'finished', 'focusInEvent', 'focusNextChild', 'focusNextPrevChild', 'focusOutEvent', 'focusPolicy', 'focusPreviousChild', 'focusProxy', 'focusWidget', 'font', 'fontInfo', 'fontMetrics', 'foregroundRole', 'frameGeometry', 'frameSize', 'geometry', 'get_feature_title', 'grab', 'grabGesture', 'grabKeyboard', 'grabMouse', 'grabShortcut', 'graphicsEffect', 'graphicsProxyWidget', 'hasFocus', 'hasHeightForWidth', 'hasMouseTracking', 'hasTabletTracking', 'height', 'heightForWidth', 'heightMM', 'hide', 'hideEvent', 'image', 'image_views', 'inherits', 'initPainter', 'inputMethodEvent', 'inputMethodHints', 'inputMethodQuery', 'insertAction', 'insertActions', 'installEventFilter', 'isActiveWindow', 'isAncestorOf', 'isEnabled', 'isEnabledTo', 'isFullScreen', 'isHidden', 'isLeftToRight', 'isMaximized', 'isMinimized', 'isModal', 'isQuickItemType', 'isRightToLeft', 'isSignalConnected', 'isSizeGripEnabled', 'isVisible', 'isVisibleTo', 'isWidgetType', 'isWindow', 'isWindowModified', 'isWindowType', 'keyPressEvent', 'keyReleaseEvent', 'keyboardGrabber', 'killTimer', 'layout', 'layoutDirection', 'leaveEvent', 'load_parameters', 'locale', 'logicalDpiX', 'logicalDpiY', 'lower', 'mapFrom', 'mapFromGlobal', 'mapFromParent', 'mapTo', 'mapToGlobal', 'mapToParent', 'mask', 'maximumHeight', 'maximumSize', 'maximumWidth', 'metaObject', 'metric', 'minimumHeight', 'minimumSize', 'minimumSizeHint', 'minimumWidth', 'mouseDoubleClickEvent', 'mouseGrabber', 'mouseMoveEvent', 'mousePressEvent', 'mouseReleaseEvent', 'move', 'moveEvent', 'moveToThread', 'nativeEvent', 'nativeParentWidget', 'nextInFocusChain', 'normalGeometry', 'objectName', 'objectNameChanged', 'on_feature_toggled', 'open', 'overrideWindowFlags', 'overrideWindowState', 'paintEngine', 'paintEvent', 'paintingActive', 'palette', 'parameters', 'parent', 'parentWidget', 'physicalDpiX', 'physicalDpiY', 'pos', 'preset_combo', 'previousInFocusChain', 'property', 'pyqtConfigure', 'raise_', 'receivers', 'rect', 'reject', 'rejected', 'releaseKeyboard', 'releaseMouse', 'releaseShortcut', 'removeAction', 'removeEventFilter', 'render', 'repaint', 'resize', 'resizeEvent', 'restoreGeometry', 'result', 'saveGeometry', 'save_parameters', 'save_preset', 'screen', 'scroll', 'select_all_features', 'select_no_features', 'sender', 'senderSignalIndex', 'setAcceptDrops', 'setAccessibleDescription', 'setAccessibleName', 'setAttribute', 'setAutoFillBackground', 'setBackgroundRole', 'setBaseSize', 'setContentsMargins', 'setContextMenuPolicy', 'setCursor', 'setDisabled', 'setEnabled', 'setFixedHeight', 'setFixedSize', 'setFixedWidth', 'setFocus', 'setFocusPolicy', 'setFocusProxy', 'setFont', 'setForegroundRole', 'setGeometry', 'setGraphicsEffect', 'setHidden', 'setInputMethodHints', 'setLayout', 'setLayoutDirection', 'setLocale', 'setMask', 'setMaximumHeight', 'setMaximumSize', 'setMaximumWidth', 'setMinimumHeight', 'setMinimumSize', 'setMinimumWidth', 'setModal', 'setMouseTracking', 'setObjectName', 'setPalette', 'setParent', 'setProperty', 'setResult', 'setScreen', 'setShortcutAutoRepeat', 'setShortcutEnabled', 'setSizeGripEnabled', 'setSizeIncrement', 'setSizePolicy', 'setStatusTip', 'setStyle', 'setStyleSheet', 'setTabOrder', 'setTabletTracking', 'setToolTip', 'setToolTipDuration', 'setUpdatesEnabled', 'setVisible', 'setWhatsThis', 'setWindowFilePath', 'setWindowFlag', 'setWindowFlags', 'setWindowIcon', 'setWindowIconText', 'setWindowModality', 'setWindowModified', 'setWindowOpacity', 'setWindowRole', 'setWindowState', 'setWindowTitle', 'setup_parameters', 'setup_ui', 'sharedPainter', 'show', 'showEvent', 'showFullScreen', 'showMaximized', 'showMinimized', 'showNormal', 'signalsBlocked', 'size', 'sizeHint', 'sizeIncrement', 'sizePolicy', 'stackUnder', 'startTimer', 'staticMetaObject', 'stats_table', 'statusTip', 'style', 'styleSheet', 'tabletEvent', 'testAttribute', 'thread', 'timerEvent', 'toolTip', 'toolTipDuration', 'tr', 'underMouse', 'ungrabGesture', 'unsetCursor', 'unsetLayoutDirection', 'unsetLocale', 'update', 'updateGeometry', 'updateMicroFocus', 'update_feature_extractor', 'update_features', 'update_statistics', 'updatesEnabled', 'visibleRegion', 'whatsThis', 'wheelEvent', 'width', 'widthMM', 'winId', 'window', 'windowFilePath', 'windowFlags', 'windowHandle', 'windowIcon', 'windowIconChanged', 'windowIconText', 'windowIconTextChanged', 'windowModality', 'windowOpacity', 'windowRole', 'windowState', 'windowTitle', 'windowTitleChanged', 'windowType', 'x', 'y']
2026-03-05 16:25:25,039 - cell_segmenter.gui.main_window - DEBUG - Feature viewer displayed: <cell_segmenter.gui.feature_viewer.FeatureVisualizerDialog object at 0x168381d80>
2026-03-05 16:25:25,039 - cell_segmenter.gui.main_window - DEBUG - Viewer parent: <cell_segmenter.gui.main_window.MainWindow object at 0x1481fc820>
2026-03-05 16:25:25,039 - cell_segmenter.gui.main_window - DEBUG - Main window feature_viewer attribute: <cell_segmenter.gui.feature_viewer.FeatureVisualizerDialog object at 0x168381d80>
2026-03-05 16:25:43,836 - cell_segmenter.gui.feature_viewer - DEBUG - Updating features
2026-03-05 16:25:43,886 - cell_segmenter.models.features - DEBUG - Starting feature extraction
2026-03-05 16:25:43,888 - cell_segmenter.models.features - DEBUG - Added basic intensity feature
2026-03-05 16:25:43,998 - cell_segmenter.models.features - DEBUG - Added Gaussian features
2026-03-05 16:25:44,055 - cell_segmenter.models.features - DEBUG - Added edge features
2026-03-05 16:25:44,095 - cell_segmenter.models.features - DEBUG - Added LBP features
2026-03-05 16:25:44,237 - cell_segmenter.models.features - DEBUG - Added Hessian features
2026-03-05 16:25:56,294 - cell_segmenter.models.features - DEBUG - Added Gabor features
2026-03-05 16:25:56,741 - cell_segmenter.models.features - DEBUG - Added additional features
2026-03-05 16:25:56,771 - cell_segmenter.models.features - DEBUG - Completed feature extraction. Shape: (36, 1024, 1024)
2026-03-05 16:25:56,791 - cell_segmenter.gui.feature_viewer - DEBUG - Generated 42 titles for 36 features
2026-03-05 16:25:56,818 - cell_segmenter.gui.feature_viewer - DEBUG - Generated 42 titles for 36 features
2026-03-05 16:25:56,847 - cell_segmenter.gui.feature_viewer - DEBUG - Generated 42 titles for 36 features
2026-03-05 16:25:56,874 - cell_segmenter.gui.feature_viewer - DEBUG - Generated 42 titles for 36 features
2026-03-05 16:25:56,901 - cell_segmenter.gui.feature_viewer - DEBUG - Generated 42 titles for 36 features
2026-03-05 16:25:56,931 - cell_segmenter.gui.feature_viewer - DEBUG - Generated 42 titles for 36 features
2026-03-05 16:25:56,958 - cell_segmenter.gui.feature_viewer - DEBUG - Generated 42 titles for 36 features
2026-03-05 16:25:56,986 - cell_segmenter.gui.feature_viewer - DEBUG - Generated 42 titles for 36 features
2026-03-05 16:25:57,014 - cell_segmenter.gui.feature_viewer - DEBUG - Generated 42 titles for 36 features
2026-03-05 16:25:57,043 - cell_segmenter.gui.feature_viewer - DEBUG - Generated 42 titles for 36 features
2026-03-05 16:25:57,072 - cell_segmenter.gui.feature_viewer - DEBUG - Generated 42 titles for 36 features
2026-03-05 16:25:57,099 - cell_segmenter.gui.feature_viewer - DEBUG - Generated 42 titles for 36 features
2026-03-05 16:25:57,129 - cell_segmenter.gui.feature_viewer - DEBUG - Generated 42 titles for 36 features
2026-03-05 16:25:57,158 - cell_segmenter.gui.feature_viewer - DEBUG - Generated 42 titles for 36 features
2026-03-05 16:25:57,188 - cell_segmenter.gui.feature_viewer - DEBUG - Generated 42 titles for 36 features
2026-03-05 16:25:57,217 - cell_segmenter.gui.feature_viewer - DEBUG - Generated 42 titles for 36 features
2026-03-05 16:25:57,247 - cell_segmenter.gui.feature_viewer - DEBUG - Generated 42 titles for 36 features
2026-03-05 16:25:57,281 - cell_segmenter.gui.feature_viewer - DEBUG - Generated 42 titles for 36 features
2026-03-05 16:25:57,314 - cell_segmenter.gui.feature_viewer - DEBUG - Generated 42 titles for 36 features
2026-03-05 16:25:57,343 - cell_segmenter.gui.feature_viewer - DEBUG - Generated 42 titles for 36 features
2026-03-05 16:25:57,374 - cell_segmenter.gui.feature_viewer - DEBUG - Generated 42 titles for 36 features
2026-03-05 16:25:57,407 - cell_segmenter.gui.feature_viewer - DEBUG - Generated 42 titles for 36 features
2026-03-05 16:25:57,446 - cell_segmenter.gui.feature_viewer - DEBUG - Generated 42 titles for 36 features
2026-03-05 16:25:57,481 - cell_segmenter.gui.feature_viewer - DEBUG - Generated 42 titles for 36 features
2026-03-05 16:25:57,514 - cell_segmenter.gui.feature_viewer - DEBUG - Generated 42 titles for 36 features
2026-03-05 16:25:57,550 - cell_segmenter.gui.feature_viewer - DEBUG - Generated 42 titles for 36 features
2026-03-05 16:25:57,586 - cell_segmenter.gui.feature_viewer - DEBUG - Generated 42 titles for 36 features
2026-03-05 16:25:57,630 - cell_segmenter.gui.feature_viewer - DEBUG - Generated 42 titles for 36 features
2026-03-05 16:25:57,668 - cell_segmenter.gui.feature_viewer - DEBUG - Generated 42 titles for 36 features
2026-03-05 16:25:57,703 - cell_segmenter.gui.feature_viewer - DEBUG - Generated 42 titles for 36 features
2026-03-05 16:25:57,737 - cell_segmenter.gui.feature_viewer - DEBUG - Generated 42 titles for 36 features
2026-03-05 16:25:57,773 - cell_segmenter.gui.feature_viewer - DEBUG - Generated 42 titles for 36 features
2026-03-05 16:25:57,808 - cell_segmenter.gui.feature_viewer - DEBUG - Generated 42 titles for 36 features
2026-03-05 16:25:57,843 - cell_segmenter.gui.feature_viewer - DEBUG - Generated 42 titles for 36 features
2026-03-05 16:25:57,880 - cell_segmenter.gui.feature_viewer - DEBUG - Generated 42 titles for 36 features
2026-03-05 16:25:57,915 - cell_segmenter.gui.feature_viewer - DEBUG - Generated 42 titles for 36 features
2026-03-05 16:25:57,954 - cell_segmenter.gui.feature_viewer - DEBUG - Generated 42 titles for 36 features
2026-03-05 16:25:57,957 - cell_segmenter.gui.feature_viewer - DEBUG - Generated 42 titles for 36 features
2026-03-05 16:25:57,959 - cell_segmenter.gui.feature_viewer - DEBUG - Generated 42 titles for 36 features
2026-03-05 16:25:57,962 - cell_segmenter.gui.feature_viewer - DEBUG - Generated 42 titles for 36 features
2026-03-05 16:25:57,965 - cell_segmenter.gui.feature_viewer - DEBUG - Generated 42 titles for 36 features
2026-03-05 16:25:57,968 - cell_segmenter.gui.feature_viewer - DEBUG - Generated 42 titles for 36 features
2026-03-05 16:25:57,970 - cell_segmenter.gui.feature_viewer - DEBUG - Generated 42 titles for 36 features
2026-03-05 16:25:57,973 - cell_segmenter.gui.feature_viewer - DEBUG - Generated 42 titles for 36 features
2026-03-05 16:25:57,975 - cell_segmenter.gui.feature_viewer - DEBUG - Generated 42 titles for 36 features
2026-03-05 16:25:57,978 - cell_segmenter.gui.feature_viewer - DEBUG - Generated 42 titles for 36 features
2026-03-05 16:25:57,980 - cell_segmenter.gui.feature_viewer - DEBUG - Generated 42 titles for 36 features
2026-03-05 16:25:57,983 - cell_segmenter.gui.feature_viewer - DEBUG - Generated 42 titles for 36 features
2026-03-05 16:25:57,985 - cell_segmenter.gui.feature_viewer - DEBUG - Generated 42 titles for 36 features
2026-03-05 16:25:57,988 - cell_segmenter.gui.feature_viewer - DEBUG - Generated 42 titles for 36 features
2026-03-05 16:25:57,990 - cell_segmenter.gui.feature_viewer - DEBUG - Generated 42 titles for 36 features
2026-03-05 16:25:57,993 - cell_segmenter.gui.feature_viewer - DEBUG - Generated 42 titles for 36 features
2026-03-05 16:25:57,995 - cell_segmenter.gui.feature_viewer - DEBUG - Generated 42 titles for 36 features
2026-03-05 16:25:57,998 - cell_segmenter.gui.feature_viewer - DEBUG - Generated 42 titles for 36 features
2026-03-05 16:25:58,001 - cell_segmenter.gui.feature_viewer - DEBUG - Generated 42 titles for 36 features
2026-03-05 16:25:58,003 - cell_segmenter.gui.feature_viewer - DEBUG - Generated 42 titles for 36 features
2026-03-05 16:25:58,005 - cell_segmenter.gui.feature_viewer - DEBUG - Generated 42 titles for 36 features
2026-03-05 16:25:58,019 - cell_segmenter.gui.feature_viewer - DEBUG - Generated 42 titles for 36 features
2026-03-05 16:25:58,022 - cell_segmenter.gui.feature_viewer - DEBUG - Generated 42 titles for 36 features
2026-03-05 16:25:58,026 - cell_segmenter.gui.feature_viewer - DEBUG - Generated 42 titles for 36 features
2026-03-05 16:25:58,033 - cell_segmenter.gui.feature_viewer - DEBUG - Generated 42 titles for 36 features
2026-03-05 16:25:58,037 - cell_segmenter.gui.feature_viewer - DEBUG - Generated 42 titles for 36 features
2026-03-05 16:25:58,039 - cell_segmenter.gui.feature_viewer - DEBUG - Generated 42 titles for 36 features
2026-03-05 16:25:58,042 - cell_segmenter.gui.feature_viewer - DEBUG - Generated 42 titles for 36 features
2026-03-05 16:25:58,045 - cell_segmenter.gui.feature_viewer - DEBUG - Generated 42 titles for 36 features
2026-03-05 16:25:58,048 - cell_segmenter.gui.feature_viewer - DEBUG - Generated 42 titles for 36 features
2026-03-05 16:25:58,051 - cell_segmenter.gui.feature_viewer - DEBUG - Generated 42 titles for 36 features
2026-03-05 16:25:58,054 - cell_segmenter.gui.feature_viewer - DEBUG - Generated 42 titles for 36 features
2026-03-05 16:25:58,057 - cell_segmenter.gui.feature_viewer - DEBUG - Generated 42 titles for 36 features
2026-03-05 16:25:58,061 - cell_segmenter.gui.feature_viewer - DEBUG - Generated 42 titles for 36 features
2026-03-05 16:25:58,064 - cell_segmenter.gui.feature_viewer - DEBUG - Generated 42 titles for 36 features
2026-03-05 16:25:58,067 - cell_segmenter.gui.feature_viewer - DEBUG - Generated 42 titles for 36 features
2026-03-05 16:26:13,143 - cell_segmenter.gui.training_panel - DEBUG - Found main window: <cell_segmenter.gui.main_window.MainWindow object at 0x1481fc820>
2026-03-05 16:26:13,145 - cell_segmenter.gui.training_panel - DEBUG - Main window type: <class 'cell_segmenter.gui.main_window.MainWindow'>
2026-03-05 16:26:13,145 - cell_segmenter.gui.training_panel - DEBUG - Found feature viewer: <cell_segmenter.gui.feature_viewer.FeatureVisualizerDialog object at 0x168381d80>
2026-03-05 16:26:13,145 - cell_segmenter.gui.training_panel - DEBUG - Feature viewer type: <class 'cell_segmenter.gui.feature_viewer.FeatureVisualizerDialog'>
2026-03-05 16:26:13,145 - cell_segmenter.gui.training_panel - DEBUG - Feature viewer title: Feature Visualization
2026-03-05 16:26:13,145 - cell_segmenter.gui.training_panel - DEBUG - Found feature viewer: <cell_segmenter.gui.feature_viewer.FeatureVisualizerDialog object at 0x168381d80>
2026-03-05 16:26:13,145 - cell_segmenter.gui.training_panel - DEBUG - Feature viewer type: <class 'cell_segmenter.gui.feature_viewer.FeatureVisualizerDialog'>
2026-03-05 16:26:13,145 - cell_segmenter.gui.training_panel - DEBUG - Feature viewer title: Feature Visualization
2026-03-05 16:26:13,146 - cell_segmenter.gui.training_panel - DEBUG - Feature viewer attributes: ['DialogCode', 'PaintDeviceMetric', 'RenderFlag', '__class__', '__delattr__', '__dict__', '__dir__', '__doc__', '__eq__', '__format__', '__ge__', '__getattr__', '__getattribute__', '__getstate__', '__gt__', '__hash__', '__init__', '__init_subclass__', '__le__', '__lt__', '__module__', '__ne__', '__new__', '__reduce__', '__reduce_ex__', '__repr__', '__setattr__', '__sizeof__', '__str__', '__subclasshook__', '__weakref__', 'accept', 'acceptDrops', 'accepted', 'accessibleDescription', 'accessibleName', 'actionEvent', 'actions', 'activateWindow', 'addAction', 'addActions', 'adjustSize', 'autoFillBackground', 'backgroundRole', 'baseSize', 'blockSignals', 'changeEvent', 'childAt', 'childEvent', 'children', 'childrenRect', 'childrenRegion', 'clearFocus', 'clearMask', 'close', 'closeEvent', 'colorCount', 'connectNotify', 'contentsMargins', 'contentsRect', 'contextMenuEvent', 'contextMenuPolicy', 'create', 'createWindowContainer', 'create_features_tab', 'create_parameters_tab', 'create_statistics_tab', 'current_features', 'cursor', 'customContextMenuRequested', 'customEvent', 'deleteLater', 'depth', 'destroy', 'destroyed', 'devType', 'devicePixelRatio', 'devicePixelRatioF', 'devicePixelRatioFScale', 'disconnect', 'disconnectNotify', 'display_layout', 'done', 'dragEnterEvent', 'dragLeaveEvent', 'dragMoveEvent', 'dropEvent', 'dumpObjectInfo', 'dumpObjectTree', 'dynamicPropertyNames', 'effectiveWinId', 'ensurePolished', 'enterEvent', 'event', 'eventFilter', 'exec', 'feature_checkboxes', 'feature_extractor', 'feature_stats', 'find', 'findChild', 'findChildren', 'finished', 'focusInEvent', 'focusNextChild', 'focusNextPrevChild', 'focusOutEvent', 'focusPolicy', 'focusPreviousChild', 'focusProxy', 'focusWidget', 'font', 'fontInfo', 'fontMetrics', 'foregroundRole', 'frameGeometry', 'frameSize', 'geometry', 'get_feature_title', 'grab', 'grabGesture', 'grabKeyboard', 'grabMouse', 'grabShortcut', 'graphicsEffect', 'graphicsProxyWidget', 'hasFocus', 'hasHeightForWidth', 'hasMouseTracking', 'hasTabletTracking', 'height', 'heightForWidth', 'heightMM', 'hide', 'hideEvent', 'image', 'image_views', 'inherits', 'initPainter', 'inputMethodEvent', 'inputMethodHints', 'inputMethodQuery', 'insertAction', 'insertActions', 'installEventFilter', 'isActiveWindow', 'isAncestorOf', 'isEnabled', 'isEnabledTo', 'isFullScreen', 'isHidden', 'isLeftToRight', 'isMaximized', 'isMinimized', 'isModal', 'isQuickItemType', 'isRightToLeft', 'isSignalConnected', 'isSizeGripEnabled', 'isVisible', 'isVisibleTo', 'isWidgetType', 'isWindow', 'isWindowModified', 'isWindowType', 'keyPressEvent', 'keyReleaseEvent', 'keyboardGrabber', 'killTimer', 'layout', 'layoutDirection', 'leaveEvent', 'load_parameters', 'locale', 'logicalDpiX', 'logicalDpiY', 'lower', 'mapFrom', 'mapFromGlobal', 'mapFromParent', 'mapTo', 'mapToGlobal', 'mapToParent', 'mask', 'maximumHeight', 'maximumSize', 'maximumWidth', 'metaObject', 'metric', 'minimumHeight', 'minimumSize', 'minimumSizeHint', 'minimumWidth', 'mouseDoubleClickEvent', 'mouseGrabber', 'mouseMoveEvent', 'mousePressEvent', 'mouseReleaseEvent', 'move', 'moveEvent', 'moveToThread', 'nativeEvent', 'nativeParentWidget', 'nextInFocusChain', 'normalGeometry', 'objectName', 'objectNameChanged', 'on_feature_toggled', 'open', 'overrideWindowFlags', 'overrideWindowState', 'paintEngine', 'paintEvent', 'paintingActive', 'palette', 'parameters', 'parent', 'parentWidget', 'physicalDpiX', 'physicalDpiY', 'pos', 'preset_combo', 'previousInFocusChain', 'property', 'pyqtConfigure', 'raise_', 'receivers', 'rect', 'reject', 'rejected', 'releaseKeyboard', 'releaseMouse', 'releaseShortcut', 'removeAction', 'removeEventFilter', 'render', 'repaint', 'resize', 'resizeEvent', 'restoreGeometry', 'result', 'saveGeometry', 'save_parameters', 'save_preset', 'screen', 'scroll', 'select_all_features', 'select_no_features', 'sender', 'senderSignalIndex', 'setAcceptDrops', 'setAccessibleDescription', 'setAccessibleName', 'setAttribute', 'setAutoFillBackground', 'setBackgroundRole', 'setBaseSize', 'setContentsMargins', 'setContextMenuPolicy', 'setCursor', 'setDisabled', 'setEnabled', 'setFixedHeight', 'setFixedSize', 'setFixedWidth', 'setFocus', 'setFocusPolicy', 'setFocusProxy', 'setFont', 'setForegroundRole', 'setGeometry', 'setGraphicsEffect', 'setHidden', 'setInputMethodHints', 'setLayout', 'setLayoutDirection', 'setLocale', 'setMask', 'setMaximumHeight', 'setMaximumSize', 'setMaximumWidth', 'setMinimumHeight', 'setMinimumSize', 'setMinimumWidth', 'setModal', 'setMouseTracking', 'setObjectName', 'setPalette', 'setParent', 'setProperty', 'setResult', 'setScreen', 'setShortcutAutoRepeat', 'setShortcutEnabled', 'setSizeGripEnabled', 'setSizeIncrement', 'setSizePolicy', 'setStatusTip', 'setStyle', 'setStyleSheet', 'setTabOrder', 'setTabletTracking', 'setToolTip', 'setToolTipDuration', 'setUpdatesEnabled', 'setVisible', 'setWhatsThis', 'setWindowFilePath', 'setWindowFlag', 'setWindowFlags', 'setWindowIcon', 'setWindowIconText', 'setWindowModality', 'setWindowModified', 'setWindowOpacity', 'setWindowRole', 'setWindowState', 'setWindowTitle', 'setup_parameters', 'setup_ui', 'sharedPainter', 'show', 'showEvent', 'showFullScreen', 'showMaximized', 'showMinimized', 'showNormal', 'signalsBlocked', 'size', 'sizeHint', 'sizeIncrement', 'sizePolicy', 'stackUnder', 'startTimer', 'staticMetaObject', 'stats_table', 'statusTip', 'style', 'styleSheet', 'tabletEvent', 'testAttribute', 'thread', 'timerEvent', 'toolTip', 'toolTipDuration', 'tr', 'underMouse', 'ungrabGesture', 'unsetCursor', 'unsetLayoutDirection', 'unsetLocale', 'update', 'updateGeometry', 'updateMicroFocus', 'update_feature_extractor', 'update_features', 'update_statistics', 'updatesEnabled', 'visibleRegion', 'whatsThis', 'wheelEvent', 'width', 'widthMM', 'winId', 'window', 'windowFilePath', 'windowFlags', 'windowHandle', 'windowIcon', 'windowIconChanged', 'windowIconText', 'windowIconTextChanged', 'windowModality', 'windowOpacity', 'windowRole', 'windowState', 'windowTitle', 'windowTitleChanged', 'windowType', 'x', 'y']
2026-03-05 16:26:13,146 - cell_segmenter.gui.training_panel - DEBUG - Accessing feature viewer: <cell_segmenter.gui.feature_viewer.FeatureVisualizerDialog object at 0x168381d80>
2026-03-05 16:26:13,147 - cell_segmenter.gui.training_panel - DEBUG - Found 8 features in viewer
2026-03-05 16:26:13,147 - cell_segmenter.gui.training_panel - DEBUG - Added feature: Original Intensity
2026-03-05 16:26:13,148 - cell_segmenter.gui.training_panel - DEBUG - Added feature: Gaussian Features
2026-03-05 16:26:13,148 - cell_segmenter.gui.training_panel - DEBUG - Added feature: Edge Features
2026-03-05 16:26:13,148 - cell_segmenter.gui.training_panel - DEBUG - Added feature: LBP Features
2026-03-05 16:26:13,148 - cell_segmenter.gui.training_panel - DEBUG - Added feature: Gabor Features
2026-03-05 16:26:13,149 - cell_segmenter.gui.training_panel - DEBUG - Added feature: Entropy Features
2026-03-05 16:26:13,149 - cell_segmenter.gui.training_panel - DEBUG - Added feature: Hessian Features
2026-03-05 16:26:13,149 - cell_segmenter.gui.training_panel - DEBUG - Added feature: Structure Tensor
2026-03-05 16:26:13,149 - cell_segmenter.gui.training_panel - DEBUG - Total features added: 8
2026-03-05 16:26:18,409 - cell_segmenter.gui.main_window - INFO - Features used for training: {'Original Intensity': True, 'Gaussian Features': True, 'Edge Features': True, 'LBP Features': True, 'Gabor Features': True, 'Entropy Features': True, 'Hessian Features': True, 'Structure Tensor': True}
2026-03-05 16:26:18,410 - cell_segmenter.models.random_forest - INFO - Starting Random Forest training
2026-03-05 16:26:18,410 - cell_segmenter.models.base - DEBUG - Preparing training data
2026-03-05 16:26:18,410 - cell_segmenter.models.features - DEBUG - Starting feature extraction
2026-03-05 16:26:18,413 - cell_segmenter.models.features - DEBUG - Added basic intensity feature
2026-03-05 16:26:18,543 - cell_segmenter.models.features - DEBUG - Added Gaussian features
2026-03-05 16:26:18,594 - cell_segmenter.models.features - DEBUG - Added edge features
2026-03-05 16:26:18,636 - cell_segmenter.models.features - DEBUG - Added LBP features
2026-03-05 16:26:18,783 - cell_segmenter.models.features - DEBUG - Added Hessian features
2026-03-05 16:26:28,794 - cell_segmenter.models.features - DEBUG - Added Gabor features
2026-03-05 16:26:29,232 - cell_segmenter.models.features - DEBUG - Added additional features
2026-03-05 16:26:29,259 - cell_segmenter.models.features - DEBUG - Completed feature extraction. Shape: (36, 1024, 1024)
2026-03-05 16:26:29,269 - cell_segmenter.models.base - DEBUG - Processing label 'bg' with 172192 pixels
2026-03-05 16:26:29,294 - cell_segmenter.models.base - DEBUG - Processing label 'cell' with 138535 pixels
2026-03-05 16:26:29,332 - cell_segmenter.models.base - DEBUG - Prepared training data with shape: X=(310727, 36), y=(310727,)
2026-03-05 16:26:29,338 - cell_segmenter.models.random_forest - DEBUG - Fitting Random Forest classifier
2026-03-05 16:26:43,627 - cell_segmenter.models.random_forest - DEBUG - Feature 0 importance: 0.0013
2026-03-05 16:26:43,627 - cell_segmenter.models.random_forest - DEBUG - Feature 1 importance: 0.0097
2026-03-05 16:26:43,628 - cell_segmenter.models.random_forest - DEBUG - Feature 2 importance: 0.1307
2026-03-05 16:26:43,628 - cell_segmenter.models.random_forest - DEBUG - Feature 3 importance: 0.0020
2026-03-05 16:26:43,628 - cell_segmenter.models.random_forest - DEBUG - Feature 4 importance: 0.0058
2026-03-05 16:26:43,628 - cell_segmenter.models.random_forest - DEBUG - Feature 5 importance: 0.2019
2026-03-05 16:26:43,628 - cell_segmenter.models.random_forest - DEBUG - Feature 6 importance: 0.0257
2026-03-05 16:26:43,628 - cell_segmenter.models.random_forest - DEBUG - Feature 7 importance: 0.0054
2026-03-05 16:26:43,628 - cell_segmenter.models.random_forest - DEBUG - Feature 8 importance: 0.1263
2026-03-05 16:26:43,628 - cell_segmenter.models.random_forest - DEBUG - Feature 9 importance: 0.0084
2026-03-05 16:26:43,628 - cell_segmenter.models.random_forest - DEBUG - Feature 10 importance: 0.0441
2026-03-05 16:26:43,628 - cell_segmenter.models.random_forest - DEBUG - Feature 11 importance: 0.0269
2026-03-05 16:26:43,628 - cell_segmenter.models.random_forest - DEBUG - Feature 12 importance: 0.0006
2026-03-05 16:26:43,628 - cell_segmenter.models.random_forest - DEBUG - Feature 13 importance: 0.0625
2026-03-05 16:26:43,628 - cell_segmenter.models.random_forest - DEBUG - Feature 14 importance: 0.0000
2026-03-05 16:26:43,628 - cell_segmenter.models.random_forest - DEBUG - Feature 15 importance: 0.0027
2026-03-05 16:26:43,628 - cell_segmenter.models.random_forest - DEBUG - Feature 16 importance: 0.0010
2026-03-05 16:26:43,628 - cell_segmenter.models.random_forest - DEBUG - Feature 17 importance: 0.0032
2026-03-05 16:26:43,628 - cell_segmenter.models.random_forest - DEBUG - Feature 18 importance: 0.0246
2026-03-05 16:26:43,628 - cell_segmenter.models.random_forest - DEBUG - Feature 19 importance: 0.0001
2026-03-05 16:26:43,628 - cell_segmenter.models.random_forest - DEBUG - Feature 20 importance: 0.0182
2026-03-05 16:26:43,628 - cell_segmenter.models.random_forest - DEBUG - Feature 21 importance: 0.0349
2026-03-05 16:26:43,628 - cell_segmenter.models.random_forest - DEBUG - Feature 22 importance: 0.0460
2026-03-05 16:26:43,628 - cell_segmenter.models.random_forest - DEBUG - Feature 23 importance: 0.0231
2026-03-05 16:26:43,628 - cell_segmenter.models.random_forest - DEBUG - Feature 24 importance: 0.0407
2026-03-05 16:26:43,628 - cell_segmenter.models.random_forest - DEBUG - Feature 25 importance: 0.0004
2026-03-05 16:26:43,628 - cell_segmenter.models.random_forest - DEBUG - Feature 26 importance: 0.0001
2026-03-05 16:26:43,628 - cell_segmenter.models.random_forest - DEBUG - Feature 27 importance: 0.0012
2026-03-05 16:26:43,628 - cell_segmenter.models.random_forest - DEBUG - Feature 28 importance: 0.0002
2026-03-05 16:26:43,628 - cell_segmenter.models.random_forest - DEBUG - Feature 29 importance: 0.0001
2026-03-05 16:26:43,628 - cell_segmenter.models.random_forest - DEBUG - Feature 30 importance: 0.0001
2026-03-05 16:26:43,628 - cell_segmenter.models.random_forest - DEBUG - Feature 31 importance: 0.0009
2026-03-05 16:26:43,628 - cell_segmenter.models.random_forest - DEBUG - Feature 32 importance: 0.0001
2026-03-05 16:26:43,629 - cell_segmenter.models.random_forest - DEBUG - Feature 33 importance: 0.1460
2026-03-05 16:26:43,629 - cell_segmenter.models.random_forest - DEBUG - Feature 34 importance: 0.0002
2026-03-05 16:26:43,629 - cell_segmenter.models.random_forest - DEBUG - Feature 35 importance: 0.0047
2026-03-05 16:26:43,629 - cell_segmenter.models.random_forest - INFO - Random Forest training completed
2026-03-05 16:26:43,631 - cell_segmenter.gui.main_window - INFO - Model training completed
2026-03-05 16:26:55,028 - cell_segmenter.gui.main_window - DEBUG - Updated overlay display
2026-03-05 16:26:55,029 - cell_segmenter.gui.main_window - DEBUG - Changed to frame 1
2026-03-05 16:26:55,136 - cell_segmenter.gui.main_window - DEBUG - Updated overlay display
2026-03-05 16:26:55,137 - cell_segmenter.gui.main_window - DEBUG - Changed to frame 2
2026-03-05 16:26:56,566 - cell_segmenter.models.random_forest - DEBUG - Starting Random Forest prediction
2026-03-05 16:26:56,566 - cell_segmenter.models.features - DEBUG - Starting feature extraction
2026-03-05 16:26:56,568 - cell_segmenter.models.features - DEBUG - Added basic intensity feature
2026-03-05 16:26:56,699 - cell_segmenter.models.features - DEBUG - Added Gaussian features
2026-03-05 16:26:56,753 - cell_segmenter.models.features - DEBUG - Added edge features
2026-03-05 16:26:56,794 - cell_segmenter.models.features - DEBUG - Added LBP features
2026-03-05 16:26:56,944 - cell_segmenter.models.features - DEBUG - Added Hessian features
2026-03-05 16:27:07,045 - cell_segmenter.models.features - DEBUG - Added Gabor features
2026-03-05 16:27:07,517 - cell_segmenter.models.features - DEBUG - Added additional features
2026-03-05 16:27:07,569 - cell_segmenter.models.features - DEBUG - Completed feature extraction. Shape: (36, 1024, 1024)
2026-03-05 16:27:07,580 - cell_segmenter.models.random_forest - DEBUG - Running prediction
2026-03-05 16:27:08,184 - cell_segmenter.models.random_forest - DEBUG - Prediction completed
2026-03-05 16:27:08,203 - cell_segmenter.gui.main_window - DEBUG - Updated overlay display
2026-03-05 16:27:08,203 - cell_segmenter.gui.main_window - INFO - Segmentation completed
2026-03-05 16:27:12,674 - cell_segmenter.models.features - DEBUG - Initialized enhanced feature extractor
2026-03-05 16:27:12,675 - cell_segmenter.models.base - DEBUG - Initialized CNNModel
2026-03-05 16:27:12,675 - cell_segmenter.models.cnn - DEBUG - Initialized CNNModel (device: cpu)
2026-03-05 16:27:12,704 - cell_segmenter.gui.main_window - DEBUG - Selected model: CNN
2026-03-05 16:27:20,591 - cell_segmenter.gui.main_window - INFO - Features used for training: {'Original Intensity': True, 'Gaussian Features': True, 'Edge Features': True, 'LBP Features': True, 'Gabor Features': True, 'Entropy Features': True, 'Hessian Features': True, 'Structure Tensor': True}
2026-03-05 16:27:20,592 - cell_segmenter.models.cnn - INFO - Starting CNN training
2026-03-05 16:27:20,592 - cell_segmenter.models.features - DEBUG - Starting feature extraction
2026-03-05 16:27:20,595 - cell_segmenter.models.features - DEBUG - Added basic intensity feature
2026-03-05 16:27:20,727 - cell_segmenter.models.features - DEBUG - Added Gaussian features
2026-03-05 16:27:20,779 - cell_segmenter.models.features - DEBUG - Added edge features
2026-03-05 16:27:20,821 - cell_segmenter.models.features - DEBUG - Added LBP features
2026-03-05 16:27:20,964 - cell_segmenter.models.features - DEBUG - Added Hessian features
2026-03-05 16:27:31,087 - cell_segmenter.models.features - DEBUG - Added Gabor features
2026-03-05 16:27:31,567 - cell_segmenter.models.features - DEBUG - Added additional features
2026-03-05 16:27:31,594 - cell_segmenter.models.features - DEBUG - Completed feature extraction. Shape: (36, 1024, 1024)
2026-03-05 16:27:31,614 - cell_segmenter.models.cnn - DEBUG - Initialized CNN architecture with 36 input channels
2026-03-05 16:27:31,614 - cell_segmenter.models.features - DEBUG - Starting feature extraction
2026-03-05 16:27:31,616 - cell_segmenter.models.features - DEBUG - Added basic intensity feature
2026-03-05 16:27:31,731 - cell_segmenter.models.features - DEBUG - Added Gaussian features
2026-03-05 16:27:31,784 - cell_segmenter.models.features - DEBUG - Added edge features
2026-03-05 16:27:31,825 - cell_segmenter.models.features - DEBUG - Added LBP features
2026-03-05 16:27:31,968 - cell_segmenter.models.features - DEBUG - Added Hessian features
2026-03-05 16:27:42,030 - cell_segmenter.models.features - DEBUG - Added Gabor features
2026-03-05 16:27:42,496 - cell_segmenter.models.features - DEBUG - Added additional features
2026-03-05 16:27:42,520 - cell_segmenter.models.features - DEBUG - Completed feature extraction. Shape: (36, 1024, 1024)
2026-03-05 16:27:56,002 - cell_segmenter.models.cnn - DEBUG - Epoch [10/50], Loss: 0.4905
2026-03-05 16:28:08,157 - cell_segmenter.models.cnn - DEBUG - Epoch [20/50], Loss: 0.3609
2026-03-05 16:28:20,321 - cell_segmenter.models.cnn - DEBUG - Epoch [30/50], Loss: 0.2785
2026-03-05 16:28:29,355 - cell_segmenter.gui.main_window - INFO - Application closing
2026-04-08 08:37:04,813 - cell_segmenter.models.features - DEBUG - Initialized enhanced feature extractor
2026-04-08 08:37:04,814 - cell_segmenter.models.features - DEBUG - Starting feature extraction
2026-04-08 08:37:04,814 - cell_segmenter.models.features - DEBUG - Added basic intensity feature
2026-04-08 08:37:05,101 - cell_segmenter.models.features - DEBUG - Added Gaussian features
2026-04-08 08:37:05,101 - cell_segmenter.models.features - DEBUG - Added edge features
2026-04-08 08:37:05,102 - cell_segmenter.models.features - DEBUG - Added LBP features
2026-04-08 08:37:05,103 - cell_segmenter.models.features - DEBUG - Added Hessian features
2026-04-08 08:37:05,159 - cell_segmenter.models.features - DEBUG - Added Gabor features
2026-04-08 08:37:05,342 - cell_segmenter.models.features - ERROR - Error during feature extraction
2026-04-08 08:37:05,342 - cell_segmenter.models.features - ERROR - Images of type float must be between -1 and 1.
Traceback (most recent call last):
  File "/Users/george/Documents/python_projects/cell-segmenter/cell_segmenter/models/features.py", line 61, in extract_features
    features.extend(self._extract_additional_features(image))
                    ^^^^^^^^^^^^^^^^^^^^^^^^^^^^^^^^^^^^^^^^
  File "/Users/george/Documents/python_projects/cell-segmenter/cell_segmenter/models/features.py", line 165, in _extract_additional_features
    util.img_as_ubyte(image),
    ^^^^^^^^^^^^^^^^^^^^^^^^
  File "/opt/anaconda3/envs/flika/lib/python3.11/site-packages/skimage/util/dtype.py", line 541, in img_as_ubyte
    return _convert(image, np.uint8, force_copy)
           ^^^^^^^^^^^^^^^^^^^^^^^^^^^^^^^^^^^^^
  File "/opt/anaconda3/envs/flika/lib/python3.11/site-packages/skimage/util/dtype.py", line 283, in _convert
    raise ValueError("Images of type float must be between -1 and 1.")
ValueError: Images of type float must be between -1 and 1.
2026-04-08 08:37:05,353 - cell_segmenter.models.features - DEBUG - Initialized enhanced feature extractor
2026-04-08 08:37:05,353 - cell_segmenter.models.features - DEBUG - Starting feature extraction
2026-04-08 08:37:05,353 - cell_segmenter.models.features - DEBUG - Added basic intensity feature
2026-04-08 08:37:05,354 - cell_segmenter.models.features - DEBUG - Added Gaussian features
2026-04-08 08:37:05,355 - cell_segmenter.models.features - DEBUG - Added edge features
2026-04-08 08:37:05,355 - cell_segmenter.models.features - DEBUG - Added LBP features
2026-04-08 08:37:05,356 - cell_segmenter.models.features - DEBUG - Added Hessian features
2026-04-08 08:37:05,441 - cell_segmenter.models.features - DEBUG - Added Gabor features
2026-04-08 08:37:05,444 - cell_segmenter.models.features - DEBUG - Added additional features
2026-04-08 08:37:05,444 - cell_segmenter.models.features - DEBUG - Completed feature extraction. Shape: (36, 64, 64)
2026-04-08 08:37:05,445 - cell_segmenter.models.features - DEBUG - Initialized enhanced feature extractor
2026-04-08 08:37:05,456 - cell_segmenter.data.label - DEBUG - Added mask for frame 0 to label 'test'
2026-04-08 08:37:05,457 - cell_segmenter.data.label - ERROR - Error adding mask to label 'test': Mask must be a numpy array
2026-04-08 08:37:05,457 - cell_segmenter.data.label - DEBUG - Added mask for frame 0 to label 'test'
2026-04-08 08:37:05,458 - cell_segmenter.data.label - DEBUG - Added mask for frame 0 to label 'test'
2026-04-08 08:37:05,458 - cell_segmenter.data.label - DEBUG - Cleared mask for frame 0 in label 'test'
2026-04-08 08:37:05,459 - cell_segmenter.data.label - DEBUG - Added mask for frame 0 to label 'test'
2026-04-08 08:37:05,460 - cell_segmenter.data.label - DEBUG - Added mask for frame 0 to label 'test'
2026-04-08 08:37:05,460 - cell_segmenter.data.label - DEBUG - Merged mask for frame 0 in label 'test'
2026-04-08 08:37:42,263 - cell_segmenter.models.features - DEBUG - Initialized enhanced feature extractor
2026-04-08 08:37:42,263 - cell_segmenter.models.features - DEBUG - Starting feature extraction
2026-04-08 08:37:42,263 - cell_segmenter.models.features - DEBUG - Added basic intensity feature
2026-04-08 08:37:42,628 - cell_segmenter.models.features - DEBUG - Added Gaussian features
2026-04-08 08:37:42,628 - cell_segmenter.models.features - DEBUG - Added edge features
2026-04-08 08:37:42,629 - cell_segmenter.models.features - DEBUG - Added LBP features
2026-04-08 08:37:42,629 - cell_segmenter.models.features - DEBUG - Added Hessian features
2026-04-08 08:37:42,709 - cell_segmenter.models.features - DEBUG - Added Gabor features
2026-04-08 08:37:42,800 - cell_segmenter.models.features - DEBUG - Added additional features
2026-04-08 08:37:42,800 - cell_segmenter.models.features - DEBUG - Completed feature extraction. Shape: (36, 32, 32)
2026-04-08 08:37:42,802 - cell_segmenter.models.features - DEBUG - Initialized enhanced feature extractor
2026-04-08 08:37:42,802 - cell_segmenter.models.features - DEBUG - Starting feature extraction
2026-04-08 08:37:42,802 - cell_segmenter.models.features - DEBUG - Added basic intensity feature
2026-04-08 08:37:42,803 - cell_segmenter.models.features - DEBUG - Added Gaussian features
2026-04-08 08:37:42,804 - cell_segmenter.models.features - DEBUG - Added edge features
2026-04-08 08:37:42,804 - cell_segmenter.models.features - DEBUG - Added LBP features
2026-04-08 08:37:42,805 - cell_segmenter.models.features - DEBUG - Added Hessian features
2026-04-08 08:37:42,905 - cell_segmenter.models.features - DEBUG - Added Gabor features
2026-04-08 08:37:42,909 - cell_segmenter.models.features - DEBUG - Added additional features
2026-04-08 08:37:42,909 - cell_segmenter.models.features - DEBUG - Completed feature extraction. Shape: (36, 64, 64)
2026-04-08 08:37:42,910 - cell_segmenter.models.features - DEBUG - Initialized enhanced feature extractor
2026-04-08 08:37:42,922 - cell_segmenter.data.label - DEBUG - Added mask for frame 0 to label 'test'
2026-04-08 08:37:42,923 - cell_segmenter.data.label - ERROR - Error adding mask to label 'test': Mask must be a numpy array
2026-04-08 08:37:42,923 - cell_segmenter.data.label - DEBUG - Added mask for frame 0 to label 'test'
2026-04-08 08:37:42,924 - cell_segmenter.data.label - DEBUG - Added mask for frame 0 to label 'test'
2026-04-08 08:37:42,924 - cell_segmenter.data.label - DEBUG - Cleared mask for frame 0 in label 'test'
2026-04-08 08:37:42,925 - cell_segmenter.data.label - DEBUG - Added mask for frame 0 to label 'test'
2026-04-08 08:37:42,926 - cell_segmenter.data.label - DEBUG - Added mask for frame 0 to label 'test'
2026-04-08 08:37:42,926 - cell_segmenter.data.label - DEBUG - Merged mask for frame 0 in label 'test'
